2026-07-22 16:46:44,736 | INFO     | main.py | home | Line 20 | Home page arrived
2026-07-22 16:59:55,589 | INFO     | main.py | home | Line 20 | Home page arrived
2026-07-22 17:00:11,079 | INFO     | auth.py | login | Line 31 | Login post page arrived
2026-07-22 17:04:20,927 | INFO     | main.py | home | Line 20 | Home page arrived
2026-07-22 17:04:42,998 | INFO     | auth.py | login | Line 31 | Login post page arrived
2026-07-22 18:40:04,960 | INFO     | main.py | home | Line 20 | Home page arrived
2026-07-22 18:40:50,231 | INFO     | auth.py | login | Line 31 | Login post page arrived
2026-07-22 18:40:51,323 | INFO     | admin.py | get_all_employees | Line 25 | Admin get all employees  page arrived
2026-07-22 18:40:51,332 | INFO     | admin.py | get_all_teams | Line 35 | Admin get all teams  page arrived
2026-07-22 18:41:54,790 | INFO     | admin.py | get_all_employees | Line 25 | Admin get all employees  page arrived
2026-07-22 18:41:54,813 | INFO     | admin.py | get_all_teams | Line 35 | Admin get all teams  page arrived
2026-07-22 18:42:28,803 | INFO     | auth.py | login | Line 31 | Login post page arrived
2026-07-22 18:42:28,904 | INFO     | ticket.py | get_team_open_tickets | Line 40 | Admin get team open tickets page arrived
2026-07-22 18:42:28,932 | INFO     | ticket.py | get_assigned_tickets | Line 22 | Admin get assigned tickets page arrived
2026-07-23 11:18:10,490 | INFO     | main.py | home | Line 35 | Home page arrived
2026-07-23 11:19:20,505 | INFO     | auth.py | register | Line 135 | Register post page arrived
2026-07-23 11:21:09,029 | INFO     | auth.py | register | Line 135 | Register post page arrived
2026-07-23 11:21:29,963 | INFO     | auth.py | register | Line 135 | Register post page arrived
2026-07-23 11:21:43,162 | INFO     | auth.py | register | Line 135 | Register post page arrived
2026-07-23 11:22:13,240 | INFO     | auth.py | register | Line 135 | Register post page arrived
2026-07-23 11:22:14,415 | INFO     | auth.py | register | Line 135 | Register post page arrived
2026-07-23 11:22:14,942 | INFO     | auth.py | register | Line 135 | Register post page arrived
2026-07-23 11:22:15,123 | INFO     | auth.py | register | Line 135 | Register post page arrived
2026-07-23 11:22:15,347 | INFO     | auth.py | register | Line 135 | Register post page arrived
2026-07-23 11:25:04,248 | INFO     | main.py | home | Line 35 | Home page arrived
2026-07-23 11:25:24,176 | INFO     | auth.py | login | Line 46 | Login post page arrived
2026-07-23 11:25:28,396 | INFO     | admin.py | get_all_employees | Line 32 | Admin get all employees  page arrived
2026-07-23 11:25:28,407 | INFO     | admin.py | get_all_teams | Line 48 | Admin get all teams  page arrived
2026-07-23 11:25:32,558 | INFO     | admin.py | get_all_employees | Line 32 | Admin get all employees  page arrived
2026-07-23 11:25:32,565 | INFO     | admin.py | get_all_teams | Line 48 | Admin get all teams  page arrived
2026-07-23 11:27:35,265 | INFO     | auth.py | register | Line 135 | Register post page arrived
2026-07-23 11:27:37,125 | INFO     | auth.py | register | Line 135 | Register post page arrived
2026-07-23 11:27:37,296 | INFO     | auth.py | register | Line 135 | Register post page arrived
2026-07-23 11:27:37,462 | INFO     | auth.py | register | Line 135 | Register post page arrived
2026-07-23 11:27:37,632 | INFO     | auth.py | register | Line 135 | Register post page arrived
2026-07-23 11:27:37,839 | INFO     | auth.py | register | Line 135 | Register post page arrived
2026-07-23 11:27:37,948 | INFO     | auth.py | register | Line 135 | Register post page arrived
2026-07-23 11:27:38,084 | INFO     | auth.py | register | Line 135 | Register post page arrived
2026-07-23 11:27:38,323 | INFO     | auth.py | register | Line 135 | Register post page arrived
2026-07-23 11:28:46,243 | INFO     | auth.py | register | Line 135 | Register post page arrived
2026-07-23 11:28:47,939 | INFO     | auth.py | register | Line 135 | Register post page arrived
2026-07-23 11:31:59,836 | INFO     | auth.py | register | Line 135 | Register post page arrived
2026-07-23 11:32:00,485 | INFO     | auth.py | register | Line 135 | Register post page arrived
2026-07-23 11:32:00,671 | INFO     | auth.py | register | Line 135 | Register post page arrived
2026-07-23 11:32:00,892 | INFO     | auth.py | register | Line 135 | Register post page arrived
2026-07-23 11:49:15,762 | INFO     | auth.py | register | Line 136 | Register post page arrived
2026-07-23 11:49:17,784 | INFO     | auth.py | register | Line 136 | Register post page arrived
2026-07-23 11:49:18,637 | INFO     | auth.py | register | Line 136 | Register post page arrived
2026-07-23 11:55:17,776 | INFO     | auth.py | login | Line 46 | Login post page arrived
2026-07-23 11:55:18,900 | INFO     | auth.py | login | Line 46 | Login post page arrived
2026-07-23 11:55:24,558 | INFO     | auth.py | login | Line 46 | Login post page arrived
2026-07-23 11:55:45,510 | INFO     | auth.py | login | Line 46 | Login post page arrived
2026-07-23 11:55:45,703 | INFO     | admin.py | get_all_teams | Line 48 | Admin get all teams  page arrived
2026-07-23 11:55:45,742 | INFO     | ticket.py | get_customer_tickets | Line 109 | Admin get customer tickets page arrived
2026-07-23 11:56:47,228 | INFO     | admin.py | get_all_teams | Line 48 | Admin get all teams  page arrived
2026-07-23 11:56:47,241 | INFO     | ticket.py | create_ticket | Line 148 | Admin create ticket page arrived
2026-07-23 11:56:47,377 | INFO     | admin.py | get_all_teams | Line 48 | Admin get all teams  page arrived
2026-07-23 11:56:47,393 | INFO     | ticket.py | get_customer_tickets | Line 109 | Admin get customer tickets page arrived
2026-07-23 11:57:43,678 | INFO     | admin.py | get_all_teams | Line 48 | Admin get all teams  page arrived
2026-07-23 11:57:43,689 | INFO     | ticket.py | get_customer_tickets | Line 109 | Admin get customer tickets page arrived
2026-07-23 11:57:59,721 | INFO     | auth.py | login | Line 46 | Login post page arrived
2026-07-23 11:57:59,805 | INFO     | admin.py | get_all_employees | Line 32 | Admin get all employees  page arrived
2026-07-23 11:57:59,812 | INFO     | admin.py | get_all_teams | Line 48 | Admin get all teams  page arrived
2026-07-23 11:58:46,475 | INFO     | admin.py | get_all_employees | Line 32 | Admin get all employees  page arrived
2026-07-23 11:58:46,480 | INFO     | admin.py | get_all_teams | Line 48 | Admin get all teams  page arrived
2026-07-23 11:58:46,538 | INFO     | admin.py | create_employee | Line 74 | Admin create employee page arrived
2026-07-23 11:58:46,651 | INFO     | admin.py | get_all_employees | Line 32 | Admin get all employees  page arrived
2026-07-23 11:58:46,661 | INFO     | admin.py | get_all_teams | Line 48 | Admin get all teams  page arrived
2026-07-23 11:58:58,466 | INFO     | auth.py | login | Line 46 | Login post page arrived
2026-07-23 11:58:58,624 | INFO     | ticket.py | get_assigned_tickets | Line 39 | Admin get assigned tickets page arrived
2026-07-23 11:59:09,242 | INFO     | ticket.py | get_assigned_tickets | Line 39 | Admin get assigned tickets page arrived
2026-07-23 11:59:17,233 | INFO     | auth.py | login | Line 46 | Login post page arrived
2026-07-23 11:59:17,368 | INFO     | ticket.py | get_assigned_tickets | Line 39 | Admin get assigned tickets page arrived
2026-07-23 11:59:20,155 | INFO     | ticket.py | get_assigned_tickets | Line 39 | Admin get assigned tickets page arrived
2026-07-23 11:59:27,022 | INFO     | auth.py | login | Line 46 | Login post page arrived
2026-07-23 11:59:27,128 | INFO     | admin.py | get_all_employees | Line 32 | Admin get all employees  page arrived
2026-07-23 11:59:27,136 | INFO     | admin.py | get_all_teams | Line 48 | Admin get all teams  page arrived
2026-07-23 11:59:36,293 | INFO     | admin.py | get_all_employees | Line 32 | Admin get all employees  page arrived
2026-07-23 11:59:36,308 | INFO     | admin.py | get_all_teams | Line 48 | Admin get all teams  page arrived
2026-07-23 11:59:37,267 | INFO     | admin.py | get_all_employees | Line 32 | Admin get all employees  page arrived
2026-07-23 11:59:37,274 | INFO     | admin.py | get_all_teams | Line 48 | Admin get all teams  page arrived
2026-07-23 11:59:37,331 | INFO     | admin.py | assign_team | Line 175 | Admin assign team page arrived
2026-07-23 11:59:37,431 | INFO     | admin.py | get_all_employees | Line 32 | Admin get all employees  page arrived
2026-07-23 11:59:37,438 | INFO     | admin.py | get_all_teams | Line 48 | Admin get all teams  page arrived
2026-07-23 11:59:41,080 | INFO     | admin.py | get_all_employees | Line 32 | Admin get all employees  page arrived
2026-07-23 11:59:41,088 | INFO     | admin.py | get_all_teams | Line 48 | Admin get all teams  page arrived
2026-07-23 11:59:49,266 | INFO     | auth.py | login | Line 46 | Login post page arrived
2026-07-23 11:59:49,364 | INFO     | ticket.py | get_team_open_tickets | Line 75 | Admin get team open tickets page arrived
2026-07-23 11:59:49,380 | INFO     | ticket.py | get_assigned_tickets | Line 39 | Admin get assigned tickets page arrived
2026-07-23 11:59:53,714 | INFO     | ticket.py | get_team_open_tickets | Line 75 | Admin get team open tickets page arrived
2026-07-23 11:59:53,734 | INFO     | ticket.py | accept_ticket | Line 208 | Support agent accept ticket page arrived
2026-07-23 11:59:53,818 | INFO     | ticket.py | get_team_open_tickets | Line 75 | Admin get team open tickets page arrived
2026-07-23 11:59:53,826 | INFO     | ticket.py | get_assigned_tickets | Line 39 | Admin get assigned tickets page arrived
2026-07-23 12:00:33,995 | INFO     | ticket.py | get_team_open_tickets | Line 75 | Admin get team open tickets page arrived
2026-07-23 12:00:34,005 | INFO     | ticket.py | get_assigned_tickets | Line 39 | Admin get assigned tickets page arrived
2026-07-23 12:00:58,875 | INFO     | auth.py | login | Line 46 | Login post page arrived
2026-07-23 12:01:08,881 | INFO     | auth.py | login | Line 46 | Login post page arrived
2026-07-23 12:01:09,015 | INFO     | admin.py | get_all_teams | Line 48 | Admin get all teams  page arrived
2026-07-23 12:01:09,042 | INFO     | ticket.py | get_customer_tickets | Line 109 | Admin get customer tickets page arrived
2026-07-23 12:04:26,518 | INFO     | admin.py | get_all_teams | Line 48 | Admin get all teams  page arrived
2026-07-23 12:04:26,530 | INFO     | ticket.py | create_ticket | Line 148 | Admin create ticket page arrived
2026-07-23 12:04:26,620 | INFO     | admin.py | get_all_teams | Line 48 | Admin get all teams  page arrived
2026-07-23 12:04:26,630 | INFO     | ticket.py | get_customer_tickets | Line 109 | Admin get customer tickets page arrived
2026-07-23 12:04:52,502 | INFO     | admin.py | get_all_teams | Line 48 | Admin get all teams  page arrived
2026-07-23 12:04:52,511 | INFO     | ticket.py | get_customer_tickets | Line 109 | Admin get customer tickets page arrived
2026-07-23 12:08:45,743 | INFO     | auth.py | login | Line 46 | Login post page arrived
2026-07-23 12:08:45,866 | INFO     | admin.py | get_all_employees | Line 32 | Admin get all employees  page arrived
2026-07-23 12:08:45,876 | INFO     | admin.py | get_all_teams | Line 48 | Admin get all teams  page arrived
2026-07-23 12:10:43,970 | INFO     | admin.py | get_all_employees | Line 32 | Admin get all employees  page arrived
2026-07-23 12:10:43,981 | INFO     | admin.py | get_all_teams | Line 48 | Admin get all teams  page arrived
2026-07-23 12:10:55,959 | INFO     | admin.py | get_all_employees | Line 32 | Admin get all employees  page arrived
2026-07-23 12:10:55,971 | INFO     | admin.py | get_all_teams | Line 48 | Admin get all teams  page arrived
2026-07-23 12:11:04,051 | INFO     | admin.py | get_all_employees | Line 32 | Admin get all employees  page arrived
2026-07-23 12:11:04,060 | INFO     | admin.py | get_all_teams | Line 48 | Admin get all teams  page arrived
2026-07-23 12:11:20,320 | INFO     | admin.py | get_all_employees | Line 32 | Admin get all employees  page arrived
2026-07-23 12:11:20,329 | INFO     | admin.py | get_all_teams | Line 48 | Admin get all teams  page arrived
2026-07-23 12:12:03,478 | INFO     | admin.py | get_all_employees | Line 32 | Admin get all employees  page arrived
2026-07-23 12:12:03,488 | INFO     | admin.py | get_all_teams | Line 48 | Admin get all teams  page arrived
2026-07-23 12:12:20,753 | INFO     | admin.py | get_all_employees | Line 32 | Admin get all employees  page arrived
2026-07-23 12:12:20,766 | INFO     | admin.py | get_all_teams | Line 48 | Admin get all teams  page arrived
2026-07-23 12:12:30,016 | INFO     | admin.py | get_all_employees | Line 32 | Admin get all employees  page arrived
2026-07-23 12:12:30,066 | INFO     | admin.py | get_all_teams | Line 48 | Admin get all teams  page arrived
2026-07-23 12:12:41,638 | INFO     | admin.py | get_all_employees | Line 32 | Admin get all employees  page arrived
2026-07-23 12:12:41,647 | INFO     | admin.py | get_all_teams | Line 48 | Admin get all teams  page arrived
2026-07-23 12:13:00,568 | INFO     | admin.py | get_all_employees | Line 32 | Admin get all employees  page arrived
2026-07-23 12:13:00,577 | INFO     | admin.py | get_all_teams | Line 48 | Admin get all teams  page arrived
2026-07-23 12:13:11,762 | INFO     | admin.py | get_all_employees | Line 32 | Admin get all employees  page arrived
2026-07-23 12:13:11,769 | INFO     | admin.py | get_all_teams | Line 48 | Admin get all teams  page arrived
2026-07-23 12:13:55,547 | INFO     | admin.py | get_all_employees | Line 32 | Admin get all employees  page arrived
2026-07-23 12:13:55,558 | INFO     | admin.py | get_all_teams | Line 48 | Admin get all teams  page arrived
2026-07-23 12:14:13,257 | INFO     | admin.py | get_all_employees | Line 32 | Admin get all employees  page arrived
2026-07-23 12:14:13,268 | INFO     | admin.py | get_all_teams | Line 48 | Admin get all teams  page arrived
2026-07-23 12:14:22,001 | INFO     | admin.py | get_all_employees | Line 32 | Admin get all employees  page arrived
2026-07-23 12:14:22,012 | INFO     | admin.py | get_all_teams | Line 48 | Admin get all teams  page arrived
2026-07-23 12:14:32,407 | INFO     | admin.py | get_all_employees | Line 32 | Admin get all employees  page arrived
2026-07-23 12:14:32,416 | INFO     | admin.py | get_all_teams | Line 48 | Admin get all teams  page arrived
2026-07-23 12:14:41,316 | INFO     | admin.py | get_all_employees | Line 32 | Admin get all employees  page arrived
2026-07-23 12:14:41,325 | INFO     | admin.py | get_all_teams | Line 48 | Admin get all teams  page arrived
2026-07-23 12:14:53,095 | INFO     | admin.py | get_all_employees | Line 32 | Admin get all employees  page arrived
2026-07-23 12:14:53,103 | INFO     | admin.py | get_all_teams | Line 48 | Admin get all teams  page arrived
2026-07-23 12:15:08,962 | INFO     | admin.py | get_all_employees | Line 32 | Admin get all employees  page arrived
2026-07-23 12:15:08,970 | INFO     | admin.py | get_all_teams | Line 48 | Admin get all teams  page arrived
2026-07-23 12:15:21,565 | INFO     | admin.py | get_all_employees | Line 32 | Admin get all employees  page arrived
2026-07-23 12:15:21,574 | INFO     | admin.py | get_all_teams | Line 48 | Admin get all teams  page arrived
2026-07-23 12:15:45,524 | INFO     | admin.py | get_all_employees | Line 32 | Admin get all employees  page arrived
2026-07-23 12:15:45,536 | INFO     | admin.py | get_all_teams | Line 48 | Admin get all teams  page arrived
2026-07-23 12:15:57,366 | INFO     | admin.py | get_all_employees | Line 32 | Admin get all employees  page arrived
2026-07-23 12:15:57,379 | INFO     | admin.py | get_all_teams | Line 48 | Admin get all teams  page arrived
2026-07-23 12:16:22,801 | INFO     | admin.py | get_all_employees | Line 32 | Admin get all employees  page arrived
2026-07-23 12:16:22,814 | INFO     | admin.py | get_all_teams | Line 48 | Admin get all teams  page arrived
2026-07-23 12:16:30,396 | INFO     | admin.py | get_all_employees | Line 32 | Admin get all employees  page arrived
2026-07-23 12:16:30,408 | INFO     | admin.py | get_all_teams | Line 48 | Admin get all teams  page arrived
2026-07-23 12:17:21,560 | INFO     | admin.py | get_all_employees | Line 32 | Admin get all employees  page arrived
2026-07-23 12:17:21,568 | INFO     | admin.py | get_all_teams | Line 48 | Admin get all teams  page arrived
2026-07-23 12:18:39,135 | INFO     | admin.py | get_all_employees | Line 32 | Admin get all employees  page arrived
2026-07-23 12:18:39,145 | INFO     | admin.py | get_all_teams | Line 48 | Admin get all teams  page arrived
2026-07-23 12:18:51,556 | INFO     | admin.py | get_all_employees | Line 32 | Admin get all employees  page arrived
2026-07-23 12:18:51,568 | INFO     | admin.py | get_all_teams | Line 48 | Admin get all teams  page arrived
2026-07-23 12:19:20,288 | INFO     | admin.py | get_all_employees | Line 32 | Admin get all employees  page arrived
2026-07-23 12:19:20,299 | INFO     | admin.py | get_all_teams | Line 48 | Admin get all teams  page arrived
2026-07-23 12:19:32,380 | INFO     | admin.py | get_all_employees | Line 32 | Admin get all employees  page arrived
2026-07-23 12:19:32,391 | INFO     | admin.py | get_all_teams | Line 48 | Admin get all teams  page arrived
2026-07-23 12:19:58,920 | INFO     | admin.py | get_all_employees | Line 32 | Admin get all employees  page arrived
2026-07-23 12:19:58,930 | INFO     | admin.py | get_all_teams | Line 48 | Admin get all teams  page arrived
2026-07-23 12:20:00,523 | INFO     | admin.py | get_all_employees | Line 32 | Admin get all employees  page arrived
2026-07-23 12:20:00,530 | INFO     | admin.py | get_all_teams | Line 48 | Admin get all teams  page arrived
2026-07-23 12:20:00,577 | INFO     | admin.py | assign_team | Line 175 | Admin assign team page arrived
2026-07-23 12:20:00,747 | INFO     | admin.py | get_all_employees | Line 32 | Admin get all employees  page arrived
2026-07-23 12:20:00,762 | INFO     | admin.py | get_all_teams | Line 48 | Admin get all teams  page arrived
2026-07-23 12:20:15,731 | INFO     | admin.py | get_all_employees | Line 32 | Admin get all employees  page arrived
2026-07-23 12:20:15,740 | INFO     | admin.py | get_all_teams | Line 48 | Admin get all teams  page arrived
2026-07-23 12:20:22,870 | INFO     | admin.py | get_all_employees | Line 32 | Admin get all employees  page arrived
2026-07-23 12:20:22,876 | INFO     | admin.py | get_all_teams | Line 48 | Admin get all teams  page arrived
2026-07-23 12:21:02,190 | INFO     | admin.py | get_all_employees | Line 32 | Admin get all employees  page arrived
2026-07-23 12:21:02,197 | INFO     | admin.py | get_all_teams | Line 48 | Admin get all teams  page arrived
2026-07-23 12:21:03,702 | INFO     | admin.py | get_all_employees | Line 32 | Admin get all employees  page arrived
2026-07-23 12:21:03,709 | INFO     | admin.py | get_all_teams | Line 48 | Admin get all teams  page arrived
2026-07-23 12:21:03,736 | INFO     | admin.py | assign_team | Line 175 | Admin assign team page arrived
2026-07-23 12:21:03,823 | INFO     | admin.py | get_all_employees | Line 32 | Admin get all employees  page arrived
2026-07-23 12:21:03,830 | INFO     | admin.py | get_all_teams | Line 48 | Admin get all teams  page arrived
2026-07-23 12:21:05,440 | INFO     | admin.py | get_all_employees | Line 32 | Admin get all employees  page arrived
2026-07-23 12:21:05,446 | INFO     | admin.py | get_all_teams | Line 48 | Admin get all teams  page arrived
2026-07-23 12:21:05,477 | INFO     | admin.py | assign_team | Line 175 | Admin assign team page arrived
2026-07-23 12:21:05,539 | INFO     | admin.py | get_all_employees | Line 32 | Admin get all employees  page arrived
2026-07-23 12:21:05,547 | INFO     | admin.py | get_all_teams | Line 48 | Admin get all teams  page arrived
2026-07-23 12:21:15,160 | INFO     | admin.py | get_all_employees | Line 32 | Admin get all employees  page arrived
2026-07-23 12:21:15,171 | INFO     | admin.py | get_all_teams | Line 48 | Admin get all teams  page arrived
2026-07-23 12:30:56,612 | INFO     | main.py | home | Line 35 | Home page arrived
2026-07-23 12:31:22,858 | INFO     | auth.py | login | Line 46 | Login post page arrived
2026-07-23 12:31:24,146 | INFO     | admin.py | get_all_employees | Line 32 | Admin get all employees  page arrived
2026-07-23 12:31:24,156 | INFO     | admin.py | get_all_teams | Line 48 | Admin get all teams  page arrived
2026-07-23 12:31:27,452 | INFO     | admin.py | get_all_employees | Line 32 | Admin get all employees  page arrived
2026-07-23 12:31:27,460 | INFO     | admin.py | get_all_teams | Line 48 | Admin get all teams  page arrived
2026-07-23 12:31:28,835 | INFO     | admin.py | get_all_employees | Line 32 | Admin get all employees  page arrived
2026-07-23 12:31:28,846 | INFO     | admin.py | get_all_teams | Line 48 | Admin get all teams  page arrived
2026-07-23 12:31:29,430 | INFO     | admin.py | get_all_employees | Line 32 | Admin get all employees  page arrived
2026-07-23 12:31:29,438 | INFO     | admin.py | get_all_teams | Line 48 | Admin get all teams  page arrived
2026-07-23 12:31:29,677 | INFO     | admin.py | get_all_employees | Line 32 | Admin get all employees  page arrived
2026-07-23 12:31:29,684 | INFO     | admin.py | get_all_teams | Line 48 | Admin get all teams  page arrived
2026-07-23 12:31:29,921 | INFO     | admin.py | get_all_employees | Line 32 | Admin get all employees  page arrived
2026-07-23 12:31:29,931 | INFO     | admin.py | get_all_teams | Line 48 | Admin get all teams  page arrived
2026-07-23 12:31:30,101 | INFO     | admin.py | get_all_employees | Line 32 | Admin get all employees  page arrived
2026-07-23 12:31:30,109 | INFO     | admin.py | get_all_teams | Line 48 | Admin get all teams  page arrived
2026-07-23 12:31:30,263 | INFO     | admin.py | get_all_employees | Line 32 | Admin get all employees  page arrived
2026-07-23 12:31:30,270 | INFO     | admin.py | get_all_teams | Line 48 | Admin get all teams  page arrived
2026-07-23 12:31:30,461 | INFO     | admin.py | get_all_employees | Line 32 | Admin get all employees  page arrived
2026-07-23 12:31:30,470 | INFO     | admin.py | get_all_teams | Line 48 | Admin get all teams  page arrived
2026-07-23 12:32:06,130 | INFO     | auth.py | login | Line 46 | Login post page arrived
2026-07-23 12:32:06,232 | INFO     | admin.py | get_all_employees | Line 32 | Admin get all employees  page arrived
2026-07-23 12:32:06,240 | INFO     | admin.py | get_all_teams | Line 48 | Admin get all teams  page arrived
2026-07-23 12:32:08,007 | INFO     | admin.py | get_all_employees | Line 32 | Admin get all employees  page arrived
2026-07-23 12:32:08,014 | INFO     | admin.py | get_all_teams | Line 48 | Admin get all teams  page arrived
2026-07-23 12:32:08,151 | INFO     | admin.py | get_all_employees | Line 32 | Admin get all employees  page arrived
2026-07-23 12:32:08,157 | INFO     | admin.py | get_all_teams | Line 48 | Admin get all teams  page arrived
2026-07-23 12:32:09,959 | INFO     | admin.py | get_all_employees | Line 32 | Admin get all employees  page arrived
2026-07-23 12:32:09,967 | INFO     | admin.py | get_all_teams | Line 48 | Admin get all teams  page arrived
2026-07-23 12:32:10,082 | INFO     | admin.py | get_all_employees | Line 32 | Admin get all employees  page arrived
2026-07-23 12:32:10,090 | INFO     | admin.py | get_all_teams | Line 48 | Admin get all teams  page arrived
2026-07-23 12:32:11,258 | INFO     | admin.py | get_all_employees | Line 32 | Admin get all employees  page arrived
2026-07-23 12:32:11,266 | INFO     | admin.py | get_all_teams | Line 48 | Admin get all teams  page arrived
2026-07-23 12:32:11,385 | INFO     | admin.py | get_all_employees | Line 32 | Admin get all employees  page arrived
2026-07-23 12:32:11,391 | INFO     | admin.py | get_all_teams | Line 48 | Admin get all teams  page arrived
2026-07-23 12:32:12,067 | INFO     | admin.py | get_all_employees | Line 32 | Admin get all employees  page arrived
2026-07-23 12:32:12,073 | INFO     | admin.py | get_all_teams | Line 48 | Admin get all teams  page arrived
2026-07-23 12:32:12,187 | INFO     | admin.py | get_all_employees | Line 32 | Admin get all employees  page arrived
2026-07-23 12:32:12,195 | INFO     | admin.py | get_all_teams | Line 48 | Admin get all teams  page arrived
2026-07-23 12:32:12,704 | INFO     | admin.py | get_all_employees | Line 32 | Admin get all employees  page arrived
2026-07-23 12:32:12,716 | INFO     | admin.py | get_all_teams | Line 48 | Admin get all teams  page arrived
2026-07-23 12:32:12,852 | INFO     | admin.py | get_all_employees | Line 32 | Admin get all employees  page arrived
2026-07-23 12:32:12,862 | INFO     | admin.py | get_all_teams | Line 48 | Admin get all teams  page arrived
2026-07-23 12:32:14,382 | INFO     | admin.py | get_all_employees | Line 32 | Admin get all employees  page arrived
2026-07-23 12:32:14,395 | INFO     | admin.py | get_all_teams | Line 48 | Admin get all teams  page arrived
2026-07-23 12:32:14,519 | INFO     | admin.py | get_all_employees | Line 32 | Admin get all employees  page arrived
2026-07-23 12:32:14,525 | INFO     | admin.py | get_all_teams | Line 48 | Admin get all teams  page arrived
2026-07-23 12:33:22,675 | INFO     | admin.py | get_all_employees | Line 32 | Admin get all employees  page arrived
2026-07-23 12:33:22,683 | INFO     | admin.py | get_all_teams | Line 48 | Admin get all teams  page arrived
2026-07-23 12:33:22,741 | INFO     | admin.py | create_employee | Line 74 | Admin create employee page arrived
2026-07-23 12:33:22,860 | INFO     | admin.py | get_all_employees | Line 32 | Admin get all employees  page arrived
2026-07-23 12:33:22,865 | INFO     | admin.py | get_all_teams | Line 48 | Admin get all teams  page arrived
2026-07-23 12:33:30,488 | INFO     | admin.py | get_all_employees | Line 32 | Admin get all employees  page arrived
2026-07-23 12:33:30,495 | INFO     | admin.py | get_all_teams | Line 48 | Admin get all teams  page arrived
2026-07-23 12:33:30,526 | INFO     | admin.py | assign_team | Line 175 | Admin assign team page arrived
2026-07-23 12:33:30,617 | INFO     | admin.py | get_all_employees | Line 32 | Admin get all employees  page arrived
2026-07-23 12:33:30,624 | INFO     | admin.py | get_all_teams | Line 48 | Admin get all teams  page arrived
2026-07-23 12:33:32,935 | INFO     | admin.py | get_all_employees | Line 32 | Admin get all employees  page arrived
2026-07-23 12:33:32,940 | INFO     | admin.py | get_all_teams | Line 48 | Admin get all teams  page arrived
2026-07-23 12:33:32,958 | INFO     | admin.py | assign_team | Line 175 | Admin assign team page arrived
2026-07-23 12:33:33,029 | INFO     | admin.py | get_all_employees | Line 32 | Admin get all employees  page arrived
2026-07-23 12:33:33,034 | INFO     | admin.py | get_all_teams | Line 48 | Admin get all teams  page arrived
2026-07-23 12:33:33,184 | INFO     | admin.py | get_all_employees | Line 32 | Admin get all employees  page arrived
2026-07-23 12:33:33,194 | INFO     | admin.py | get_all_teams | Line 48 | Admin get all teams  page arrived
2026-07-23 12:33:33,216 | INFO     | admin.py | assign_team | Line 175 | Admin assign team page arrived
2026-07-23 12:33:33,299 | INFO     | admin.py | get_all_employees | Line 32 | Admin get all employees  page arrived
2026-07-23 12:33:33,305 | INFO     | admin.py | get_all_teams | Line 48 | Admin get all teams  page arrived
2026-07-23 12:39:34,129 | INFO     | main.py | home | Line 35 | Home page arrived
2026-07-23 12:45:44,654 | INFO     | auth.py | register | Line 136 | Register post page arrived
2026-07-23 12:45:59,268 | INFO     | auth.py | register | Line 136 | Register post page arrived
2026-07-23 12:45:59,875 | INFO     | auth.py | register | Line 136 | Register post page arrived
2026-07-23 12:46:00,485 | INFO     | auth.py | register | Line 136 | Register post page arrived
2026-07-23 12:46:00,629 | INFO     | auth.py | register | Line 136 | Register post page arrived
2026-07-23 12:46:00,748 | INFO     | auth.py | register | Line 136 | Register post page arrived
2026-07-23 12:46:00,951 | INFO     | auth.py | register | Line 136 | Register post page arrived
2026-07-23 12:46:56,169 | INFO     | auth.py | register | Line 136 | Register post page arrived
2026-07-23 12:50:37,196 | INFO     | admin.py | get_all_employees | Line 32 | Admin get all employees  page arrived
2026-07-23 12:50:37,208 | INFO     | admin.py | get_all_teams | Line 48 | Admin get all teams  page arrived
2026-07-23 12:50:44,545 | INFO     | auth.py | login | Line 46 | Login post page arrived
2026-07-23 12:50:44,656 | INFO     | admin.py | get_all_employees | Line 32 | Admin get all employees  page arrived
2026-07-23 12:50:44,663 | INFO     | admin.py | get_all_teams | Line 48 | Admin get all teams  page arrived
2026-07-23 12:54:05,012 | INFO     | admin.py | get_all_employees | Line 32 | Admin get all employees  page arrived
2026-07-23 12:54:05,018 | INFO     | admin.py | get_all_teams | Line 48 | Admin get all teams  page arrived
2026-07-23 12:54:29,363 | INFO     | admin.py | get_all_employees | Line 32 | Admin get all employees  page arrived
2026-07-23 12:54:29,370 | INFO     | admin.py | get_all_teams | Line 48 | Admin get all teams  page arrived
2026-07-23 12:54:29,398 | INFO     | admin.py | create_employee | Line 74 | Admin create employee page arrived
2026-07-23 12:54:29,401 | ERROR    | admin.py | create_employee | Line 108 | Admin create employee page failed
2026-07-23 12:55:27,643 | INFO     | admin.py | get_all_employees | Line 32 | Admin get all employees  page arrived
2026-07-23 12:55:27,662 | INFO     | admin.py | get_all_teams | Line 48 | Admin get all teams  page arrived
2026-07-23 12:55:27,693 | INFO     | admin.py | create_employee | Line 74 | Admin create employee page arrived
2026-07-23 12:55:27,697 | ERROR    | admin.py | create_employee | Line 108 | Admin create employee page failed
2026-07-23 12:55:28,824 | INFO     | admin.py | get_all_employees | Line 32 | Admin get all employees  page arrived
2026-07-23 12:55:28,830 | INFO     | admin.py | get_all_teams | Line 48 | Admin get all teams  page arrived
2026-07-23 12:55:28,866 | INFO     | admin.py | create_employee | Line 74 | Admin create employee page arrived
2026-07-23 12:55:28,868 | ERROR    | admin.py | create_employee | Line 108 | Admin create employee page failed
2026-07-23 12:55:29,492 | INFO     | admin.py | get_all_employees | Line 32 | Admin get all employees  page arrived
2026-07-23 12:55:29,497 | INFO     | admin.py | get_all_teams | Line 48 | Admin get all teams  page arrived
2026-07-23 12:55:29,523 | INFO     | admin.py | create_employee | Line 74 | Admin create employee page arrived
2026-07-23 12:55:29,525 | ERROR    | admin.py | create_employee | Line 108 | Admin create employee page failed
2026-07-23 12:55:29,668 | INFO     | admin.py | get_all_employees | Line 32 | Admin get all employees  page arrived
2026-07-23 12:55:29,674 | INFO     | admin.py | get_all_teams | Line 48 | Admin get all teams  page arrived
2026-07-23 12:55:29,705 | INFO     | admin.py | create_employee | Line 74 | Admin create employee page arrived
2026-07-23 12:55:29,707 | ERROR    | admin.py | create_employee | Line 108 | Admin create employee page failed
2026-07-23 12:55:29,836 | INFO     | admin.py | get_all_employees | Line 32 | Admin get all employees  page arrived
2026-07-23 12:55:29,842 | INFO     | admin.py | get_all_teams | Line 48 | Admin get all teams  page arrived
2026-07-23 12:55:29,875 | INFO     | admin.py | create_employee | Line 74 | Admin create employee page arrived
2026-07-23 12:55:29,878 | ERROR    | admin.py | create_employee | Line 108 | Admin create employee page failed
2026-07-23 12:55:29,990 | INFO     | admin.py | get_all_employees | Line 32 | Admin get all employees  page arrived
2026-07-23 12:55:29,997 | INFO     | admin.py | get_all_teams | Line 48 | Admin get all teams  page arrived
2026-07-23 12:55:30,028 | INFO     | admin.py | create_employee | Line 74 | Admin create employee page arrived
2026-07-23 12:55:30,030 | ERROR    | admin.py | create_employee | Line 108 | Admin create employee page failed
2026-07-23 12:55:30,215 | INFO     | admin.py | get_all_employees | Line 32 | Admin get all employees  page arrived
2026-07-23 12:55:30,222 | INFO     | admin.py | get_all_teams | Line 48 | Admin get all teams  page arrived
2026-07-23 12:55:30,253 | INFO     | admin.py | create_employee | Line 74 | Admin create employee page arrived
2026-07-23 12:55:30,256 | ERROR    | admin.py | create_employee | Line 108 | Admin create employee page failed
2026-07-23 12:56:10,109 | INFO     | main.py | home | Line 35 | Home page arrived
2026-07-23 12:56:20,146 | INFO     | auth.py | login | Line 46 | Login post page arrived
2026-07-23 12:56:20,309 | INFO     | admin.py | get_all_employees | Line 32 | Admin get all employees  page arrived
2026-07-23 12:56:20,318 | INFO     | admin.py | get_all_teams | Line 48 | Admin get all teams  page arrived
2026-07-23 12:56:47,787 | INFO     | admin.py | get_all_employees | Line 32 | Admin get all employees  page arrived
2026-07-23 12:56:47,793 | INFO     | admin.py | get_all_teams | Line 48 | Admin get all teams  page arrived
2026-07-23 12:56:47,822 | INFO     | admin.py | create_employee | Line 74 | Admin create employee page arrived
2026-07-23 12:56:47,825 | ERROR    | admin.py | create_employee | Line 108 | Admin create employee page failed
2026-07-23 12:57:23,327 | INFO     | admin.py | get_all_employees | Line 32 | Admin get all employees  page arrived
2026-07-23 12:57:23,327 | INFO     | admin.py | get_all_employees | Line 32 | Admin get all employees  page arrived
2026-07-23 12:57:23,426 | INFO     | admin.py | get_all_teams | Line 48 | Admin get all teams  page arrived
2026-07-23 12:57:23,453 | INFO     | admin.py | get_all_teams | Line 48 | Admin get all teams  page arrived
2026-07-23 12:57:25,114 | INFO     | admin.py | get_all_employees | Line 32 | Admin get all employees  page arrived
2026-07-23 12:57:25,119 | INFO     | admin.py | get_all_teams | Line 48 | Admin get all teams  page arrived
2026-07-23 12:57:27,875 | INFO     | admin.py | get_all_employees | Line 32 | Admin get all employees  page arrived
2026-07-23 12:57:27,880 | INFO     | admin.py | get_all_teams | Line 48 | Admin get all teams  page arrived
2026-07-23 12:57:28,607 | INFO     | admin.py | get_all_employees | Line 32 | Admin get all employees  page arrived
2026-07-23 12:57:28,614 | INFO     | admin.py | get_all_teams | Line 48 | Admin get all teams  page arrived
2026-07-23 12:57:28,792 | INFO     | admin.py | get_all_employees | Line 32 | Admin get all employees  page arrived
2026-07-23 12:57:28,802 | INFO     | admin.py | get_all_teams | Line 48 | Admin get all teams  page arrived
2026-07-23 12:57:28,931 | INFO     | admin.py | get_all_employees | Line 32 | Admin get all employees  page arrived
2026-07-23 12:57:28,937 | INFO     | admin.py | get_all_teams | Line 48 | Admin get all teams  page arrived
2026-07-23 12:57:29,041 | INFO     | admin.py | get_all_employees | Line 32 | Admin get all employees  page arrived
2026-07-23 12:57:29,048 | INFO     | admin.py | get_all_teams | Line 48 | Admin get all teams  page arrived
2026-07-23 12:57:29,235 | INFO     | admin.py | get_all_employees | Line 32 | Admin get all employees  page arrived
2026-07-23 12:57:29,243 | INFO     | admin.py | get_all_teams | Line 48 | Admin get all teams  page arrived
2026-07-23 12:57:35,689 | INFO     | admin.py | get_all_employees | Line 32 | Admin get all employees  page arrived
2026-07-23 12:57:35,695 | INFO     | admin.py | get_all_teams | Line 48 | Admin get all teams  page arrived
2026-07-23 13:01:24,688 | INFO     | main.py | home | Line 35 | Home page arrived
2026-07-23 13:01:33,562 | INFO     | auth.py | login | Line 46 | Login post page arrived
2026-07-23 13:01:33,720 | INFO     | admin.py | get_all_employees | Line 32 | Admin get all employees  page arrived
2026-07-23 13:01:33,730 | INFO     | admin.py | get_all_teams | Line 48 | Admin get all teams  page arrived
2026-07-23 13:02:17,377 | INFO     | admin.py | get_all_employees | Line 32 | Admin get all employees  page arrived
2026-07-23 13:02:17,384 | INFO     | admin.py | get_all_teams | Line 48 | Admin get all teams  page arrived
2026-07-23 13:02:17,409 | INFO     | admin.py | create_employee | Line 74 | Admin create employee page arrived
2026-07-23 13:02:17,414 | ERROR    | admin.py | create_employee | Line 118 | Admin create employee page failed
2026-07-23 13:05:44,666 | INFO     | main.py | home | Line 35 | Home page arrived
2026-07-23 13:05:56,374 | INFO     | auth.py | login | Line 46 | Login post page arrived
2026-07-23 13:05:56,476 | INFO     | admin.py | get_all_employees | Line 32 | Admin get all employees  page arrived
2026-07-23 13:05:56,490 | INFO     | admin.py | get_all_teams | Line 48 | Admin get all teams  page arrived
2026-07-23 13:06:17,533 | INFO     | admin.py | get_all_employees | Line 32 | Admin get all employees  page arrived
2026-07-23 13:06:17,537 | INFO     | admin.py | get_all_teams | Line 48 | Admin get all teams  page arrived
2026-07-23 13:06:17,564 | INFO     | admin.py | create_employee | Line 74 | Admin create employee page arrived
2026-07-23 13:06:17,664 | INFO     | admin.py | get_all_employees | Line 32 | Admin get all employees  page arrived
2026-07-23 13:06:17,670 | INFO     | admin.py | get_all_teams | Line 48 | Admin get all teams  page arrived
2026-07-23 13:06:30,896 | INFO     | admin.py | get_all_employees | Line 32 | Admin get all employees  page arrived
2026-07-23 13:06:30,902 | INFO     | admin.py | get_all_teams | Line 48 | Admin get all teams  page arrived
2026-07-23 13:06:31,907 | INFO     | admin.py | get_all_employees | Line 32 | Admin get all employees  page arrived
2026-07-23 13:06:31,915 | INFO     | admin.py | get_all_teams | Line 48 | Admin get all teams  page arrived
2026-07-23 13:06:31,955 | INFO     | admin.py | assign_team | Line 181 | Admin assign team page arrived
2026-07-23 13:06:32,061 | INFO     | admin.py | get_all_employees | Line 32 | Admin get all employees  page arrived
2026-07-23 13:06:32,068 | INFO     | admin.py | get_all_teams | Line 48 | Admin get all teams  page arrived
2026-07-23 13:07:14,139 | INFO     | admin.py | get_all_employees | Line 32 | Admin get all employees  page arrived
2026-07-23 13:07:14,146 | INFO     | admin.py | get_all_teams | Line 48 | Admin get all teams  page arrived
2026-07-23 13:07:14,175 | INFO     | admin.py | create_employee | Line 74 | Admin create employee page arrived
2026-07-23 13:07:14,276 | INFO     | admin.py | get_all_employees | Line 32 | Admin get all employees  page arrived
2026-07-23 13:07:14,284 | INFO     | admin.py | get_all_teams | Line 48 | Admin get all teams  page arrived
2026-07-23 13:07:21,188 | INFO     | admin.py | get_all_employees | Line 32 | Admin get all employees  page arrived
2026-07-23 13:07:21,194 | INFO     | admin.py | get_all_teams | Line 48 | Admin get all teams  page arrived
2026-07-23 13:07:22,425 | INFO     | admin.py | get_all_employees | Line 32 | Admin get all employees  page arrived
2026-07-23 13:07:22,431 | INFO     | admin.py | get_all_teams | Line 48 | Admin get all teams  page arrived
2026-07-23 13:07:22,459 | INFO     | admin.py | assign_team | Line 181 | Admin assign team page arrived
2026-07-23 13:07:22,537 | INFO     | admin.py | get_all_employees | Line 32 | Admin get all employees  page arrived
2026-07-23 13:07:22,543 | INFO     | admin.py | get_all_teams | Line 48 | Admin get all teams  page arrived
2026-07-23 13:08:11,432 | INFO     | admin.py | get_all_employees | Line 32 | Admin get all employees  page arrived
2026-07-23 13:08:11,439 | INFO     | admin.py | get_all_teams | Line 48 | Admin get all teams  page arrived
2026-07-23 13:08:11,477 | INFO     | admin.py | create_employee | Line 74 | Admin create employee page arrived
2026-07-23 13:08:11,577 | INFO     | admin.py | get_all_employees | Line 32 | Admin get all employees  page arrived
2026-07-23 13:08:11,587 | INFO     | admin.py | get_all_teams | Line 48 | Admin get all teams  page arrived
2026-07-23 13:08:20,775 | INFO     | admin.py | get_all_employees | Line 32 | Admin get all employees  page arrived
2026-07-23 13:08:20,781 | INFO     | admin.py | get_all_teams | Line 48 | Admin get all teams  page arrived
2026-07-23 13:08:21,887 | INFO     | admin.py | get_all_employees | Line 32 | Admin get all employees  page arrived
2026-07-23 13:08:21,894 | INFO     | admin.py | get_all_teams | Line 48 | Admin get all teams  page arrived
2026-07-23 13:08:21,935 | INFO     | admin.py | assign_team | Line 181 | Admin assign team page arrived
2026-07-23 13:08:22,020 | INFO     | admin.py | get_all_employees | Line 32 | Admin get all employees  page arrived
2026-07-23 13:08:22,026 | INFO     | admin.py | get_all_teams | Line 48 | Admin get all teams  page arrived
2026-07-23 13:08:48,761 | INFO     | admin.py | get_all_employees | Line 32 | Admin get all employees  page arrived
2026-07-23 13:08:48,766 | INFO     | admin.py | get_all_teams | Line 48 | Admin get all teams  page arrived
2026-07-23 13:08:48,808 | INFO     | admin.py | create_employee | Line 74 | Admin create employee page arrived
2026-07-23 13:08:48,906 | INFO     | admin.py | get_all_employees | Line 32 | Admin get all employees  page arrived
2026-07-23 13:08:48,912 | INFO     | admin.py | get_all_teams | Line 48 | Admin get all teams  page arrived
2026-07-23 13:08:54,689 | INFO     | admin.py | get_all_employees | Line 32 | Admin get all employees  page arrived
2026-07-23 13:08:54,694 | INFO     | admin.py | get_all_teams | Line 48 | Admin get all teams  page arrived
2026-07-23 13:08:55,696 | INFO     | admin.py | get_all_employees | Line 32 | Admin get all employees  page arrived
2026-07-23 13:08:55,702 | INFO     | admin.py | get_all_teams | Line 48 | Admin get all teams  page arrived
2026-07-23 13:08:55,740 | INFO     | admin.py | assign_team | Line 181 | Admin assign team page arrived
2026-07-23 13:08:55,800 | INFO     | admin.py | get_all_employees | Line 32 | Admin get all employees  page arrived
2026-07-23 13:08:55,806 | INFO     | admin.py | get_all_teams | Line 48 | Admin get all teams  page arrived
2026-07-23 13:10:50,896 | INFO     | admin.py | get_all_employees | Line 32 | Admin get all employees  page arrived
2026-07-23 13:10:50,903 | INFO     | admin.py | get_all_teams | Line 48 | Admin get all teams  page arrived
2026-07-23 13:10:50,950 | INFO     | admin.py | create_employee | Line 74 | Admin create employee page arrived
2026-07-23 13:10:51,053 | INFO     | admin.py | get_all_employees | Line 32 | Admin get all employees  page arrived
2026-07-23 13:10:51,063 | INFO     | admin.py | get_all_teams | Line 48 | Admin get all teams  page arrived
2026-07-23 13:10:58,990 | INFO     | admin.py | get_all_employees | Line 32 | Admin get all employees  page arrived
2026-07-23 13:10:58,995 | INFO     | admin.py | get_all_teams | Line 48 | Admin get all teams  page arrived
2026-07-23 13:11:00,039 | INFO     | admin.py | get_all_employees | Line 32 | Admin get all employees  page arrived
2026-07-23 13:11:00,045 | INFO     | admin.py | get_all_teams | Line 48 | Admin get all teams  page arrived
2026-07-23 13:11:00,089 | INFO     | admin.py | assign_team | Line 181 | Admin assign team page arrived
2026-07-23 13:11:00,170 | INFO     | admin.py | get_all_employees | Line 32 | Admin get all employees  page arrived
2026-07-23 13:11:00,177 | INFO     | admin.py | get_all_teams | Line 48 | Admin get all teams  page arrived
2026-07-23 13:13:21,006 | INFO     | admin.py | get_all_employees | Line 32 | Admin get all employees  page arrived
2026-07-23 13:13:21,013 | INFO     | admin.py | get_all_teams | Line 48 | Admin get all teams  page arrived
2026-07-23 13:13:21,072 | INFO     | admin.py | create_employee | Line 74 | Admin create employee page arrived
2026-07-23 13:13:21,190 | INFO     | admin.py | get_all_employees | Line 32 | Admin get all employees  page arrived
2026-07-23 13:13:21,196 | INFO     | admin.py | get_all_teams | Line 48 | Admin get all teams  page arrived
2026-07-23 13:13:27,859 | INFO     | admin.py | get_all_employees | Line 32 | Admin get all employees  page arrived
2026-07-23 13:13:27,868 | INFO     | admin.py | get_all_teams | Line 48 | Admin get all teams  page arrived
2026-07-23 13:13:28,951 | INFO     | admin.py | get_all_employees | Line 32 | Admin get all employees  page arrived
2026-07-23 13:13:28,957 | INFO     | admin.py | get_all_teams | Line 48 | Admin get all teams  page arrived
2026-07-23 13:13:29,000 | INFO     | admin.py | assign_team | Line 181 | Admin assign team page arrived
2026-07-23 13:13:29,067 | INFO     | admin.py | get_all_employees | Line 32 | Admin get all employees  page arrived
2026-07-23 13:13:29,072 | INFO     | admin.py | get_all_teams | Line 48 | Admin get all teams  page arrived
2026-07-23 13:15:04,051 | INFO     | admin.py | get_all_employees | Line 32 | Admin get all employees  page arrived
2026-07-23 13:15:04,059 | INFO     | admin.py | get_all_teams | Line 48 | Admin get all teams  page arrived
2026-07-23 13:15:04,122 | INFO     | admin.py | create_employee | Line 74 | Admin create employee page arrived
2026-07-23 13:15:04,224 | INFO     | admin.py | get_all_employees | Line 32 | Admin get all employees  page arrived
2026-07-23 13:15:04,237 | INFO     | admin.py | get_all_teams | Line 48 | Admin get all teams  page arrived
2026-07-23 13:15:12,128 | INFO     | admin.py | get_all_employees | Line 32 | Admin get all employees  page arrived
2026-07-23 13:15:12,137 | INFO     | admin.py | get_all_teams | Line 48 | Admin get all teams  page arrived
2026-07-23 13:15:13,008 | INFO     | admin.py | get_all_employees | Line 32 | Admin get all employees  page arrived
2026-07-23 13:15:13,015 | INFO     | admin.py | get_all_teams | Line 48 | Admin get all teams  page arrived
2026-07-23 13:15:13,076 | INFO     | admin.py | assign_team | Line 181 | Admin assign team page arrived
2026-07-23 13:15:13,169 | INFO     | admin.py | get_all_employees | Line 32 | Admin get all employees  page arrived
2026-07-23 13:15:13,176 | INFO     | admin.py | get_all_teams | Line 48 | Admin get all teams  page arrived
2026-07-23 13:15:56,045 | INFO     | admin.py | get_all_employees | Line 32 | Admin get all employees  page arrived
2026-07-23 13:15:56,051 | INFO     | admin.py | get_all_teams | Line 48 | Admin get all teams  page arrived
2026-07-23 13:15:56,118 | INFO     | admin.py | create_employee | Line 74 | Admin create employee page arrived
2026-07-23 13:15:56,211 | INFO     | admin.py | get_all_employees | Line 32 | Admin get all employees  page arrived
2026-07-23 13:15:56,221 | INFO     | admin.py | get_all_teams | Line 48 | Admin get all teams  page arrived
2026-07-23 13:16:07,861 | INFO     | admin.py | get_all_employees | Line 32 | Admin get all employees  page arrived
2026-07-23 13:16:07,871 | INFO     | admin.py | get_all_teams | Line 48 | Admin get all teams  page arrived
2026-07-23 13:16:08,954 | INFO     | admin.py | get_all_employees | Line 32 | Admin get all employees  page arrived
2026-07-23 13:16:08,960 | INFO     | admin.py | get_all_teams | Line 48 | Admin get all teams  page arrived
2026-07-23 13:16:09,025 | INFO     | admin.py | assign_team | Line 181 | Admin assign team page arrived
2026-07-23 13:16:09,140 | INFO     | admin.py | get_all_employees | Line 32 | Admin get all employees  page arrived
2026-07-23 13:16:09,146 | INFO     | admin.py | get_all_teams | Line 48 | Admin get all teams  page arrived
2026-07-23 13:17:15,437 | INFO     | admin.py | get_all_employees | Line 32 | Admin get all employees  page arrived
2026-07-23 13:17:15,442 | INFO     | admin.py | get_all_teams | Line 48 | Admin get all teams  page arrived
2026-07-23 13:17:15,502 | INFO     | admin.py | create_employee | Line 74 | Admin create employee page arrived
2026-07-23 13:17:15,586 | INFO     | admin.py | get_all_employees | Line 32 | Admin get all employees  page arrived
2026-07-23 13:17:15,591 | INFO     | admin.py | get_all_teams | Line 48 | Admin get all teams  page arrived
2026-07-23 13:17:23,237 | INFO     | admin.py | get_all_employees | Line 32 | Admin get all employees  page arrived
2026-07-23 13:17:23,242 | INFO     | admin.py | get_all_teams | Line 48 | Admin get all teams  page arrived
2026-07-23 13:17:25,412 | INFO     | admin.py | get_all_employees | Line 32 | Admin get all employees  page arrived
2026-07-23 13:17:25,418 | INFO     | admin.py | get_all_teams | Line 48 | Admin get all teams  page arrived
2026-07-23 13:17:25,484 | INFO     | admin.py | assign_team | Line 181 | Admin assign team page arrived
2026-07-23 13:17:25,552 | INFO     | admin.py | get_all_employees | Line 32 | Admin get all employees  page arrived
2026-07-23 13:17:25,558 | INFO     | admin.py | get_all_teams | Line 48 | Admin get all teams  page arrived
2026-07-23 13:18:08,754 | INFO     | admin.py | get_all_employees | Line 32 | Admin get all employees  page arrived
2026-07-23 13:18:08,760 | INFO     | admin.py | get_all_teams | Line 48 | Admin get all teams  page arrived
2026-07-23 13:18:08,839 | INFO     | admin.py | create_employee | Line 74 | Admin create employee page arrived
2026-07-23 13:18:08,958 | INFO     | admin.py | get_all_employees | Line 32 | Admin get all employees  page arrived
2026-07-23 13:18:08,968 | INFO     | admin.py | get_all_teams | Line 48 | Admin get all teams  page arrived
2026-07-23 13:18:15,122 | INFO     | admin.py | get_all_employees | Line 32 | Admin get all employees  page arrived
2026-07-23 13:18:15,132 | INFO     | admin.py | get_all_teams | Line 48 | Admin get all teams  page arrived
2026-07-23 13:18:16,452 | INFO     | admin.py | get_all_employees | Line 32 | Admin get all employees  page arrived
2026-07-23 13:18:16,458 | INFO     | admin.py | get_all_teams | Line 48 | Admin get all teams  page arrived
2026-07-23 13:18:16,536 | INFO     | admin.py | assign_team | Line 181 | Admin assign team page arrived
2026-07-23 13:18:16,602 | INFO     | admin.py | get_all_employees | Line 32 | Admin get all employees  page arrived
2026-07-23 13:18:16,608 | INFO     | admin.py | get_all_teams | Line 48 | Admin get all teams  page arrived
2026-07-23 13:19:05,747 | INFO     | admin.py | get_all_employees | Line 32 | Admin get all employees  page arrived
2026-07-23 13:19:05,754 | INFO     | admin.py | get_all_teams | Line 48 | Admin get all teams  page arrived
2026-07-23 13:19:05,865 | INFO     | admin.py | create_employee | Line 74 | Admin create employee page arrived
2026-07-23 13:19:05,982 | INFO     | admin.py | get_all_employees | Line 32 | Admin get all employees  page arrived
2026-07-23 13:19:05,989 | INFO     | admin.py | get_all_teams | Line 48 | Admin get all teams  page arrived
2026-07-23 13:19:32,589 | INFO     | admin.py | get_all_employees | Line 32 | Admin get all employees  page arrived
2026-07-23 13:19:32,595 | INFO     | admin.py | get_all_teams | Line 48 | Admin get all teams  page arrived
2026-07-23 13:19:32,695 | INFO     | admin.py | create_employee | Line 74 | Admin create employee page arrived
2026-07-23 13:19:32,800 | INFO     | admin.py | get_all_employees | Line 32 | Admin get all employees  page arrived
2026-07-23 13:19:32,806 | INFO     | admin.py | get_all_teams | Line 48 | Admin get all teams  page arrived
2026-07-23 13:19:40,565 | INFO     | admin.py | get_all_employees | Line 32 | Admin get all employees  page arrived
2026-07-23 13:19:40,571 | INFO     | admin.py | get_all_teams | Line 48 | Admin get all teams  page arrived
2026-07-23 13:19:41,691 | INFO     | admin.py | get_all_employees | Line 32 | Admin get all employees  page arrived
2026-07-23 13:19:41,696 | INFO     | admin.py | get_all_teams | Line 48 | Admin get all teams  page arrived
2026-07-23 13:19:41,767 | INFO     | admin.py | assign_team | Line 181 | Admin assign team page arrived
2026-07-23 13:19:41,846 | INFO     | admin.py | get_all_employees | Line 32 | Admin get all employees  page arrived
2026-07-23 13:19:41,852 | INFO     | admin.py | get_all_teams | Line 48 | Admin get all teams  page arrived
2026-07-23 13:20:03,721 | INFO     | admin.py | get_all_employees | Line 32 | Admin get all employees  page arrived
2026-07-23 13:20:03,728 | INFO     | admin.py | get_all_teams | Line 48 | Admin get all teams  page arrived
2026-07-23 13:20:03,824 | INFO     | admin.py | create_employee | Line 74 | Admin create employee page arrived
2026-07-23 13:20:03,935 | INFO     | admin.py | get_all_employees | Line 32 | Admin get all employees  page arrived
2026-07-23 13:20:03,945 | INFO     | admin.py | get_all_teams | Line 48 | Admin get all teams  page arrived
2026-07-23 13:20:14,057 | INFO     | admin.py | get_all_employees | Line 32 | Admin get all employees  page arrived
2026-07-23 13:20:14,062 | INFO     | admin.py | get_all_teams | Line 48 | Admin get all teams  page arrived
2026-07-23 13:20:15,202 | INFO     | admin.py | get_all_employees | Line 32 | Admin get all employees  page arrived
2026-07-23 13:20:15,209 | INFO     | admin.py | get_all_teams | Line 48 | Admin get all teams  page arrived
2026-07-23 13:20:15,291 | INFO     | admin.py | assign_team | Line 181 | Admin assign team page arrived
2026-07-23 13:20:15,365 | INFO     | admin.py | get_all_employees | Line 32 | Admin get all employees  page arrived
2026-07-23 13:20:15,373 | INFO     | admin.py | get_all_teams | Line 48 | Admin get all teams  page arrived
2026-07-23 13:20:57,354 | INFO     | admin.py | get_all_employees | Line 32 | Admin get all employees  page arrived
2026-07-23 13:20:57,361 | INFO     | admin.py | get_all_teams | Line 48 | Admin get all teams  page arrived
2026-07-23 13:20:57,445 | INFO     | admin.py | create_employee | Line 74 | Admin create employee page arrived
2026-07-23 13:20:57,552 | INFO     | admin.py | get_all_employees | Line 32 | Admin get all employees  page arrived
2026-07-23 13:20:57,560 | INFO     | admin.py | get_all_teams | Line 48 | Admin get all teams  page arrived
2026-07-23 13:21:05,517 | INFO     | admin.py | get_all_employees | Line 32 | Admin get all employees  page arrived
2026-07-23 13:21:05,524 | INFO     | admin.py | get_all_teams | Line 48 | Admin get all teams  page arrived
2026-07-23 13:21:06,614 | INFO     | admin.py | get_all_employees | Line 32 | Admin get all employees  page arrived
2026-07-23 13:21:06,621 | INFO     | admin.py | get_all_teams | Line 48 | Admin get all teams  page arrived
2026-07-23 13:21:06,717 | INFO     | admin.py | assign_team | Line 181 | Admin assign team page arrived
2026-07-23 13:21:06,787 | INFO     | admin.py | get_all_employees | Line 32 | Admin get all employees  page arrived
2026-07-23 13:21:06,795 | INFO     | admin.py | get_all_teams | Line 48 | Admin get all teams  page arrived
2026-07-23 13:22:43,680 | INFO     | admin.py | get_all_employees | Line 32 | Admin get all employees  page arrived
2026-07-23 13:22:43,688 | INFO     | admin.py | get_all_teams | Line 48 | Admin get all teams  page arrived
2026-07-23 13:23:33,359 | INFO     | auth.py | login | Line 46 | Login post page arrived
2026-07-23 13:23:33,459 | INFO     | admin.py | get_all_teams | Line 48 | Admin get all teams  page arrived
2026-07-23 13:23:33,499 | INFO     | ticket.py | get_customer_tickets | Line 109 | Admin get customer tickets page arrived
2026-07-23 13:24:16,831 | INFO     | admin.py | get_all_teams | Line 48 | Admin get all teams  page arrived
2026-07-23 13:24:16,841 | INFO     | ticket.py | create_ticket | Line 148 | Admin create ticket page arrived
2026-07-23 13:24:16,925 | INFO     | admin.py | get_all_teams | Line 48 | Admin get all teams  page arrived
2026-07-23 13:24:16,936 | INFO     | ticket.py | get_customer_tickets | Line 109 | Admin get customer tickets page arrived
2026-07-23 13:24:20,959 | INFO     | admin.py | get_all_teams | Line 48 | Admin get all teams  page arrived
2026-07-23 13:24:20,968 | INFO     | ticket.py | get_customer_tickets | Line 109 | Admin get customer tickets page arrived
2026-07-23 13:24:46,889 | INFO     | auth.py | login | Line 46 | Login post page arrived
2026-07-23 13:24:46,996 | INFO     | ticket.py | get_team_open_tickets | Line 75 | Admin get team open tickets page arrived
2026-07-23 13:24:47,014 | INFO     | ticket.py | get_assigned_tickets | Line 39 | Admin get assigned tickets page arrived
2026-07-23 13:27:00,250 | INFO     | auth.py | login | Line 46 | Login post page arrived
2026-07-23 13:27:00,425 | INFO     | ticket.py | get_team_open_tickets | Line 75 | Admin get team open tickets page arrived
2026-07-23 13:27:00,453 | INFO     | ticket.py | get_assigned_tickets | Line 39 | Admin get assigned tickets page arrived
2026-07-23 13:27:03,812 | INFO     | ticket.py | get_team_open_tickets | Line 75 | Admin get team open tickets page arrived
2026-07-23 13:27:03,870 | INFO     | ticket.py | accept_ticket | Line 208 | Support agent accept ticket page arrived
2026-07-23 13:27:04,048 | INFO     | ticket.py | get_team_open_tickets | Line 75 | Admin get team open tickets page arrived
2026-07-23 13:27:04,057 | INFO     | ticket.py | get_assigned_tickets | Line 39 | Admin get assigned tickets page arrived
2026-07-23 13:27:10,983 | INFO     | ticket.py | get_team_open_tickets | Line 75 | Admin get team open tickets page arrived
2026-07-23 13:27:10,991 | INFO     | ticket.py | get_assigned_tickets | Line 39 | Admin get assigned tickets page arrived
2026-07-23 13:27:20,611 | INFO     | auth.py | login | Line 46 | Login post page arrived
2026-07-23 13:27:20,713 | INFO     | ticket.py | get_team_open_tickets | Line 75 | Admin get team open tickets page arrived
2026-07-23 13:27:20,720 | INFO     | ticket.py | get_assigned_tickets | Line 39 | Admin get assigned tickets page arrived
2026-07-23 13:27:31,027 | INFO     | ticket.py | get_team_open_tickets | Line 75 | Admin get team open tickets page arrived
2026-07-23 13:27:31,034 | INFO     | ticket.py | get_assigned_tickets | Line 39 | Admin get assigned tickets page arrived
2026-07-23 13:27:40,206 | INFO     | auth.py | login | Line 46 | Login post page arrived
2026-07-23 13:27:40,303 | INFO     | admin.py | get_all_teams | Line 48 | Admin get all teams  page arrived
2026-07-23 13:27:40,312 | INFO     | ticket.py | get_customer_tickets | Line 109 | Admin get customer tickets page arrived
2026-07-23 13:27:52,130 | INFO     | admin.py | get_all_teams | Line 48 | Admin get all teams  page arrived
2026-07-23 13:27:52,146 | INFO     | ticket.py | get_customer_tickets | Line 109 | Admin get customer tickets page arrived
2026-07-23 13:28:15,765 | INFO     | auth.py | login | Line 46 | Login post page arrived
2026-07-23 13:28:15,857 | INFO     | admin.py | get_all_employees | Line 32 | Admin get all employees  page arrived
2026-07-23 13:28:15,866 | INFO     | admin.py | get_all_teams | Line 48 | Admin get all teams  page arrived
2026-07-23 14:39:17,423 | INFO     | main.py | home | Line 35 | Home page arrived
2026-07-23 14:39:31,016 | INFO     | auth.py | login | Line 46 | Login post page arrived
2026-07-23 14:39:32,561 | INFO     | admin.py | get_all_employees | Line 32 | Admin get all employees  page arrived
2026-07-23 14:39:32,573 | INFO     | admin.py | get_all_teams | Line 48 | Admin get all teams  page arrived
2026-07-23 14:39:54,295 | INFO     | admin.py | get_all_employees | Line 32 | Admin get all employees  page arrived
2026-07-23 14:39:54,304 | INFO     | admin.py | get_all_teams | Line 48 | Admin get all teams  page arrived
2026-07-23 14:42:08,865 | INFO     | admin.py | get_all_employees | Line 32 | Admin get all employees  page arrived
2026-07-23 14:42:08,918 | INFO     | admin.py | get_all_teams | Line 48 | Admin get all teams  page arrived
2026-07-23 14:44:58,353 | INFO     | admin.py | get_all_employees | Line 32 | Admin get all employees  page arrived
2026-07-23 14:44:58,374 | INFO     | admin.py | get_all_teams | Line 48 | Admin get all teams  page arrived
2026-07-23 14:45:05,430 | INFO     | admin.py | get_all_employees | Line 32 | Admin get all employees  page arrived
2026-07-23 14:45:05,459 | INFO     | admin.py | get_all_teams | Line 48 | Admin get all teams  page arrived
2026-07-23 14:45:06,627 | INFO     | admin.py | get_all_employees | Line 32 | Admin get all employees  page arrived
2026-07-23 14:45:06,640 | INFO     | admin.py | get_all_teams | Line 48 | Admin get all teams  page arrived
2026-07-23 14:46:04,487 | INFO     | admin.py | get_all_employees | Line 32 | Admin get all employees  page arrived
2026-07-23 14:46:04,500 | INFO     | admin.py | get_all_teams | Line 48 | Admin get all teams  page arrived
2026-07-23 14:46:09,159 | INFO     | admin.py | get_all_employees | Line 32 | Admin get all employees  page arrived
2026-07-23 14:46:09,170 | INFO     | admin.py | get_all_teams | Line 48 | Admin get all teams  page arrived
2026-07-23 14:46:11,470 | INFO     | admin.py | get_all_employees | Line 32 | Admin get all employees  page arrived
2026-07-23 14:46:11,480 | INFO     | admin.py | get_all_teams | Line 48 | Admin get all teams  page arrived
2026-07-23 14:46:46,007 | INFO     | admin.py | get_all_employees | Line 32 | Admin get all employees  page arrived
2026-07-23 14:46:46,020 | INFO     | admin.py | get_all_teams | Line 48 | Admin get all teams  page arrived
2026-07-23 14:47:59,421 | INFO     | admin.py | get_all_employees | Line 32 | Admin get all employees  page arrived
2026-07-23 14:47:59,433 | INFO     | admin.py | get_all_teams | Line 48 | Admin get all teams  page arrived
2026-07-23 14:48:04,371 | INFO     | admin.py | get_all_employees | Line 32 | Admin get all employees  page arrived
2026-07-23 14:48:04,377 | INFO     | admin.py | get_all_teams | Line 48 | Admin get all teams  page arrived
2026-07-23 14:52:13,206 | INFO     | admin.py | get_all_employees | Line 32 | Admin get all employees  page arrived
2026-07-23 14:52:13,216 | INFO     | admin.py | get_all_teams | Line 48 | Admin get all teams  page arrived
2026-07-23 14:52:17,613 | INFO     | admin.py | get_all_employees | Line 32 | Admin get all employees  page arrived
2026-07-23 14:52:17,628 | INFO     | admin.py | get_all_teams | Line 48 | Admin get all teams  page arrived
2026-07-23 14:52:20,300 | INFO     | admin.py | get_all_employees | Line 32 | Admin get all employees  page arrived
2026-07-23 14:52:20,308 | INFO     | admin.py | get_all_teams | Line 48 | Admin get all teams  page arrived
2026-07-23 14:52:24,110 | INFO     | admin.py | get_all_employees | Line 32 | Admin get all employees  page arrived
2026-07-23 14:52:24,121 | INFO     | admin.py | get_all_teams | Line 48 | Admin get all teams  page arrived
2026-07-23 14:52:25,139 | INFO     | admin.py | get_all_employees | Line 32 | Admin get all employees  page arrived
2026-07-23 14:52:25,146 | INFO     | admin.py | get_all_teams | Line 48 | Admin get all teams  page arrived
2026-07-23 14:54:36,910 | INFO     | admin.py | get_all_employees | Line 32 | Admin get all employees  page arrived
2026-07-23 14:54:36,919 | INFO     | admin.py | get_all_teams | Line 48 | Admin get all teams  page arrived
2026-07-23 14:54:39,089 | INFO     | admin.py | get_all_employees | Line 32 | Admin get all employees  page arrived
2026-07-23 14:54:39,098 | INFO     | admin.py | get_all_teams | Line 48 | Admin get all teams  page arrived
2026-07-23 14:54:40,334 | INFO     | admin.py | get_all_employees | Line 32 | Admin get all employees  page arrived
2026-07-23 14:54:40,343 | INFO     | admin.py | get_all_teams | Line 48 | Admin get all teams  page arrived
2026-07-23 14:54:51,740 | INFO     | admin.py | get_all_employees | Line 32 | Admin get all employees  page arrived
2026-07-23 14:54:51,749 | INFO     | admin.py | get_all_teams | Line 48 | Admin get all teams  page arrived
2026-07-23 14:54:56,576 | INFO     | admin.py | get_all_employees | Line 32 | Admin get all employees  page arrived
2026-07-23 14:54:56,584 | INFO     | admin.py | get_all_teams | Line 48 | Admin get all teams  page arrived
2026-07-23 14:54:57,741 | INFO     | admin.py | get_all_employees | Line 32 | Admin get all employees  page arrived
2026-07-23 14:54:57,750 | INFO     | admin.py | get_all_teams | Line 48 | Admin get all teams  page arrived
2026-07-23 14:54:58,937 | INFO     | admin.py | get_all_employees | Line 32 | Admin get all employees  page arrived
2026-07-23 14:54:58,943 | INFO     | admin.py | get_all_teams | Line 48 | Admin get all teams  page arrived
2026-07-23 14:54:59,743 | INFO     | admin.py | get_all_employees | Line 32 | Admin get all employees  page arrived
2026-07-23 14:54:59,752 | INFO     | admin.py | get_all_teams | Line 48 | Admin get all teams  page arrived
2026-07-23 14:55:03,288 | INFO     | admin.py | get_all_employees | Line 32 | Admin get all employees  page arrived
2026-07-23 14:55:03,299 | INFO     | admin.py | get_all_teams | Line 48 | Admin get all teams  page arrived
2026-07-23 14:55:41,425 | INFO     | admin.py | get_all_employees | Line 32 | Admin get all employees  page arrived
2026-07-23 14:55:41,434 | INFO     | admin.py | get_all_teams | Line 48 | Admin get all teams  page arrived
2026-07-23 14:56:01,553 | INFO     | admin.py | get_all_employees | Line 32 | Admin get all employees  page arrived
2026-07-23 14:56:01,565 | INFO     | admin.py | get_all_teams | Line 48 | Admin get all teams  page arrived
2026-07-23 14:56:05,637 | INFO     | admin.py | get_all_employees | Line 32 | Admin get all employees  page arrived
2026-07-23 14:56:05,644 | INFO     | admin.py | get_all_teams | Line 48 | Admin get all teams  page arrived
2026-07-23 14:56:11,491 | INFO     | admin.py | get_all_employees | Line 32 | Admin get all employees  page arrived
2026-07-23 14:56:11,497 | INFO     | admin.py | get_all_teams | Line 48 | Admin get all teams  page arrived
2026-07-23 14:56:12,718 | INFO     | admin.py | get_all_employees | Line 32 | Admin get all employees  page arrived
2026-07-23 14:56:12,724 | INFO     | admin.py | get_all_teams | Line 48 | Admin get all teams  page arrived
2026-07-23 14:56:14,207 | INFO     | admin.py | get_all_employees | Line 32 | Admin get all employees  page arrived
2026-07-23 14:56:14,215 | INFO     | admin.py | get_all_teams | Line 48 | Admin get all teams  page arrived
2026-07-23 14:56:20,028 | INFO     | admin.py | get_all_employees | Line 32 | Admin get all employees  page arrived
2026-07-23 14:56:20,034 | INFO     | admin.py | get_all_teams | Line 48 | Admin get all teams  page arrived
2026-07-23 14:56:23,081 | INFO     | admin.py | get_all_employees | Line 32 | Admin get all employees  page arrived
2026-07-23 14:56:23,088 | INFO     | admin.py | get_all_teams | Line 48 | Admin get all teams  page arrived
2026-07-23 14:56:24,121 | INFO     | admin.py | get_all_employees | Line 32 | Admin get all employees  page arrived
2026-07-23 14:56:24,130 | INFO     | admin.py | get_all_teams | Line 48 | Admin get all teams  page arrived
2026-07-23 14:56:25,180 | INFO     | admin.py | get_all_employees | Line 32 | Admin get all employees  page arrived
2026-07-23 14:56:25,187 | INFO     | admin.py | get_all_teams | Line 48 | Admin get all teams  page arrived
2026-07-23 14:56:27,024 | INFO     | admin.py | get_all_employees | Line 32 | Admin get all employees  page arrived
2026-07-23 14:56:27,035 | INFO     | admin.py | get_all_teams | Line 48 | Admin get all teams  page arrived
2026-07-23 14:57:59,368 | INFO     | admin.py | get_all_employees | Line 32 | Admin get all employees  page arrived
2026-07-23 14:57:59,381 | INFO     | admin.py | get_all_teams | Line 48 | Admin get all teams  page arrived
2026-07-23 14:58:34,920 | INFO     | admin.py | get_all_employees | Line 32 | Admin get all employees  page arrived
2026-07-23 14:58:34,931 | INFO     | admin.py | get_all_teams | Line 48 | Admin get all teams  page arrived
2026-07-23 14:58:44,200 | INFO     | admin.py | get_all_employees | Line 32 | Admin get all employees  page arrived
2026-07-23 14:58:44,211 | INFO     | admin.py | get_all_teams | Line 48 | Admin get all teams  page arrived
2026-07-23 14:59:01,347 | INFO     | admin.py | get_all_employees | Line 32 | Admin get all employees  page arrived
2026-07-23 14:59:01,359 | INFO     | admin.py | get_all_teams | Line 48 | Admin get all teams  page arrived
2026-07-23 14:59:30,080 | INFO     | admin.py | get_all_employees | Line 32 | Admin get all employees  page arrived
2026-07-23 14:59:30,092 | INFO     | admin.py | get_all_teams | Line 48 | Admin get all teams  page arrived
2026-07-23 14:59:44,121 | INFO     | admin.py | get_all_employees | Line 32 | Admin get all employees  page arrived
2026-07-23 14:59:44,130 | INFO     | admin.py | get_all_teams | Line 48 | Admin get all teams  page arrived
2026-07-23 14:59:50,524 | INFO     | admin.py | get_all_employees | Line 32 | Admin get all employees  page arrived
2026-07-23 14:59:50,533 | INFO     | admin.py | get_all_teams | Line 48 | Admin get all teams  page arrived
2026-07-23 14:59:59,232 | INFO     | admin.py | get_all_employees | Line 32 | Admin get all employees  page arrived
2026-07-23 14:59:59,396 | INFO     | admin.py | get_all_teams | Line 48 | Admin get all teams  page arrived
2026-07-23 15:00:07,217 | INFO     | admin.py | get_all_employees | Line 32 | Admin get all employees  page arrived
2026-07-23 15:00:07,243 | INFO     | admin.py | get_all_teams | Line 48 | Admin get all teams  page arrived
2026-07-23 15:00:30,962 | INFO     | admin.py | get_all_employees | Line 32 | Admin get all employees  page arrived
2026-07-23 15:00:30,973 | INFO     | admin.py | get_all_teams | Line 48 | Admin get all teams  page arrived
2026-07-23 15:00:35,243 | INFO     | admin.py | get_all_employees | Line 32 | Admin get all employees  page arrived
2026-07-23 15:00:35,249 | INFO     | admin.py | get_all_teams | Line 48 | Admin get all teams  page arrived
2026-07-23 15:00:37,490 | INFO     | admin.py | get_all_employees | Line 32 | Admin get all employees  page arrived
2026-07-23 15:00:37,497 | INFO     | admin.py | get_all_teams | Line 48 | Admin get all teams  page arrived
2026-07-23 15:00:49,960 | INFO     | admin.py | get_all_employees | Line 32 | Admin get all employees  page arrived
2026-07-23 15:00:49,981 | INFO     | admin.py | get_all_teams | Line 48 | Admin get all teams  page arrived
2026-07-23 15:01:01,366 | INFO     | admin.py | get_all_employees | Line 32 | Admin get all employees  page arrived
2026-07-23 15:01:01,376 | INFO     | admin.py | get_all_teams | Line 48 | Admin get all teams  page arrived
2026-07-23 15:01:10,911 | INFO     | admin.py | get_all_employees | Line 32 | Admin get all employees  page arrived
2026-07-23 15:01:10,923 | INFO     | admin.py | get_all_teams | Line 48 | Admin get all teams  page arrived
2026-07-23 15:01:17,425 | INFO     | admin.py | get_all_employees | Line 32 | Admin get all employees  page arrived
2026-07-23 15:01:17,440 | INFO     | admin.py | get_all_teams | Line 48 | Admin get all teams  page arrived
2026-07-23 15:01:25,859 | INFO     | admin.py | get_all_employees | Line 32 | Admin get all employees  page arrived
2026-07-23 15:01:25,868 | INFO     | admin.py | get_all_teams | Line 48 | Admin get all teams  page arrived
2026-07-23 15:01:44,089 | INFO     | admin.py | get_all_employees | Line 32 | Admin get all employees  page arrived
2026-07-23 15:01:44,097 | INFO     | admin.py | get_all_teams | Line 48 | Admin get all teams  page arrived
2026-07-23 15:01:50,813 | INFO     | admin.py | get_all_employees | Line 32 | Admin get all employees  page arrived
2026-07-23 15:01:50,824 | INFO     | admin.py | get_all_teams | Line 48 | Admin get all teams  page arrived
2026-07-23 15:02:16,074 | INFO     | admin.py | get_all_employees | Line 32 | Admin get all employees  page arrived
2026-07-23 15:02:16,085 | INFO     | admin.py | get_all_teams | Line 48 | Admin get all teams  page arrived
2026-07-23 15:02:17,309 | INFO     | admin.py | get_all_employees | Line 32 | Admin get all employees  page arrived
2026-07-23 15:02:17,315 | INFO     | admin.py | get_all_teams | Line 48 | Admin get all teams  page arrived
2026-07-23 15:02:18,271 | INFO     | admin.py | get_all_employees | Line 32 | Admin get all employees  page arrived
2026-07-23 15:02:18,279 | INFO     | admin.py | get_all_teams | Line 48 | Admin get all teams  page arrived
2026-07-23 15:02:19,824 | INFO     | admin.py | get_all_employees | Line 32 | Admin get all employees  page arrived
2026-07-23 15:02:19,835 | INFO     | admin.py | get_all_teams | Line 48 | Admin get all teams  page arrived
2026-07-23 15:02:41,776 | INFO     | admin.py | get_all_employees | Line 32 | Admin get all employees  page arrived
2026-07-23 15:02:41,785 | INFO     | admin.py | get_all_teams | Line 48 | Admin get all teams  page arrived
2026-07-23 15:03:13,814 | INFO     | admin.py | get_all_employees | Line 32 | Admin get all employees  page arrived
2026-07-23 15:03:13,825 | INFO     | admin.py | get_all_teams | Line 48 | Admin get all teams  page arrived
2026-07-23 15:03:32,718 | INFO     | admin.py | get_all_employees | Line 32 | Admin get all employees  page arrived
2026-07-23 15:03:32,824 | INFO     | admin.py | get_all_teams | Line 48 | Admin get all teams  page arrived
2026-07-23 15:03:36,147 | INFO     | admin.py | get_all_employees | Line 32 | Admin get all employees  page arrived
2026-07-23 15:03:36,156 | INFO     | admin.py | get_all_teams | Line 48 | Admin get all teams  page arrived
2026-07-23 15:03:37,279 | INFO     | admin.py | get_all_employees | Line 32 | Admin get all employees  page arrived
2026-07-23 15:03:37,289 | INFO     | admin.py | get_all_teams | Line 48 | Admin get all teams  page arrived
2026-07-23 15:03:39,513 | INFO     | admin.py | get_all_employees | Line 32 | Admin get all employees  page arrived
2026-07-23 15:03:39,535 | INFO     | admin.py | get_all_teams | Line 48 | Admin get all teams  page arrived
2026-07-23 15:03:47,587 | INFO     | admin.py | get_all_employees | Line 32 | Admin get all employees  page arrived
2026-07-23 15:03:47,600 | INFO     | admin.py | get_all_teams | Line 48 | Admin get all teams  page arrived
2026-07-23 15:03:49,609 | INFO     | admin.py | get_all_employees | Line 32 | Admin get all employees  page arrived
2026-07-23 15:03:49,619 | INFO     | admin.py | get_all_teams | Line 48 | Admin get all teams  page arrived
2026-07-23 15:03:52,872 | INFO     | admin.py | get_all_employees | Line 32 | Admin get all employees  page arrived
2026-07-23 15:03:52,880 | INFO     | admin.py | get_all_teams | Line 48 | Admin get all teams  page arrived
2026-07-23 15:04:03,459 | INFO     | admin.py | get_all_employees | Line 32 | Admin get all employees  page arrived
2026-07-23 15:04:03,468 | INFO     | admin.py | get_all_teams | Line 48 | Admin get all teams  page arrived
2026-07-23 15:04:21,408 | INFO     | admin.py | get_all_employees | Line 32 | Admin get all employees  page arrived
2026-07-23 15:04:21,416 | INFO     | admin.py | get_all_teams | Line 48 | Admin get all teams  page arrived
2026-07-23 15:04:37,788 | INFO     | admin.py | get_all_employees | Line 32 | Admin get all employees  page arrived
2026-07-23 15:04:37,796 | INFO     | admin.py | get_all_teams | Line 48 | Admin get all teams  page arrived
2026-07-23 15:07:14,925 | INFO     | admin.py | get_all_employees | Line 32 | Admin get all employees  page arrived
2026-07-23 15:07:14,935 | INFO     | admin.py | get_all_teams | Line 48 | Admin get all teams  page arrived
2026-07-23 15:09:40,673 | INFO     | auth.py | login | Line 46 | Login post page arrived
2026-07-23 15:09:40,841 | INFO     | admin.py | get_all_employees | Line 32 | Admin get all employees  page arrived
2026-07-23 15:09:40,848 | INFO     | admin.py | get_all_teams | Line 48 | Admin get all teams  page arrived
2026-07-23 15:09:44,339 | INFO     | admin.py | get_all_employees | Line 32 | Admin get all employees  page arrived
2026-07-23 15:09:44,347 | INFO     | admin.py | get_all_teams | Line 48 | Admin get all teams  page arrived
2026-07-23 15:09:50,657 | INFO     | admin.py | get_all_employees | Line 32 | Admin get all employees  page arrived
2026-07-23 15:09:50,666 | INFO     | admin.py | get_all_teams | Line 48 | Admin get all teams  page arrived
2026-07-23 15:09:57,663 | INFO     | admin.py | get_all_employees | Line 32 | Admin get all employees  page arrived
2026-07-23 15:09:57,670 | INFO     | admin.py | get_all_teams | Line 48 | Admin get all teams  page arrived
2026-07-23 15:10:02,438 | INFO     | admin.py | get_all_employees | Line 32 | Admin get all employees  page arrived
2026-07-23 15:10:02,445 | INFO     | admin.py | get_all_teams | Line 48 | Admin get all teams  page arrived
2026-07-23 15:10:18,312 | INFO     | admin.py | get_all_employees | Line 32 | Admin get all employees  page arrived
2026-07-23 15:10:18,318 | INFO     | admin.py | get_all_teams | Line 48 | Admin get all teams  page arrived
2026-07-23 15:11:36,618 | INFO     | auth.py | login | Line 46 | Login post page arrived
2026-07-23 15:11:36,756 | INFO     | admin.py | get_all_employees | Line 32 | Admin get all employees  page arrived
2026-07-23 15:11:36,767 | INFO     | admin.py | get_all_teams | Line 48 | Admin get all teams  page arrived
2026-07-23 15:12:08,861 | INFO     | auth.py | login | Line 46 | Login post page arrived
2026-07-23 15:12:09,000 | INFO     | admin.py | get_all_employees | Line 32 | Admin get all employees  page arrived
2026-07-23 15:12:09,009 | INFO     | admin.py | get_all_teams | Line 48 | Admin get all teams  page arrived
2026-07-23 15:12:14,871 | INFO     | admin.py | get_all_employees | Line 32 | Admin get all employees  page arrived
2026-07-23 15:12:14,879 | INFO     | admin.py | get_all_teams | Line 48 | Admin get all teams  page arrived
2026-07-23 15:12:15,956 | INFO     | admin.py | get_all_employees | Line 32 | Admin get all employees  page arrived
2026-07-23 15:12:15,964 | INFO     | admin.py | get_all_teams | Line 48 | Admin get all teams  page arrived
2026-07-23 15:13:02,747 | INFO     | admin.py | get_all_employees | Line 32 | Admin get all employees  page arrived
2026-07-23 15:13:02,761 | INFO     | admin.py | get_all_teams | Line 48 | Admin get all teams  page arrived
2026-07-23 15:13:12,010 | INFO     | auth.py | login | Line 46 | Login post page arrived
2026-07-23 15:13:12,155 | INFO     | admin.py | get_all_employees | Line 32 | Admin get all employees  page arrived
2026-07-23 15:13:12,167 | INFO     | admin.py | get_all_teams | Line 48 | Admin get all teams  page arrived
2026-07-23 15:14:01,467 | INFO     | admin.py | get_all_employees | Line 32 | Admin get all employees  page arrived
2026-07-23 15:14:01,475 | INFO     | admin.py | get_all_teams | Line 48 | Admin get all teams  page arrived
2026-07-23 15:14:12,369 | INFO     | auth.py | login | Line 46 | Login post page arrived
2026-07-23 15:14:12,494 | INFO     | admin.py | get_all_employees | Line 32 | Admin get all employees  page arrived
2026-07-23 15:14:12,506 | INFO     | admin.py | get_all_teams | Line 48 | Admin get all teams  page arrived
2026-07-23 15:14:57,684 | INFO     | admin.py | get_all_employees | Line 32 | Admin get all employees  page arrived
2026-07-23 15:14:57,691 | INFO     | admin.py | get_all_teams | Line 48 | Admin get all teams  page arrived
2026-07-23 15:15:05,932 | INFO     | auth.py | login | Line 46 | Login post page arrived
2026-07-23 15:15:06,100 | INFO     | admin.py | get_all_employees | Line 32 | Admin get all employees  page arrived
2026-07-23 15:15:06,116 | INFO     | admin.py | get_all_teams | Line 48 | Admin get all teams  page arrived
2026-07-23 15:15:26,396 | INFO     | admin.py | get_all_employees | Line 32 | Admin get all employees  page arrived
2026-07-23 15:15:26,404 | INFO     | admin.py | get_all_teams | Line 48 | Admin get all teams  page arrived
2026-07-23 15:15:34,486 | INFO     | auth.py | login | Line 46 | Login post page arrived
2026-07-23 15:15:34,636 | INFO     | admin.py | get_all_employees | Line 32 | Admin get all employees  page arrived
2026-07-23 15:15:34,645 | INFO     | admin.py | get_all_teams | Line 48 | Admin get all teams  page arrived
2026-07-23 15:15:44,828 | INFO     | admin.py | get_all_employees | Line 32 | Admin get all employees  page arrived
2026-07-23 15:15:44,845 | INFO     | admin.py | get_all_teams | Line 48 | Admin get all teams  page arrived
2026-07-23 15:15:45,942 | INFO     | admin.py | get_all_employees | Line 32 | Admin get all employees  page arrived
2026-07-23 15:15:45,950 | INFO     | admin.py | get_all_teams | Line 48 | Admin get all teams  page arrived
2026-07-23 15:15:47,029 | INFO     | admin.py | get_all_employees | Line 32 | Admin get all employees  page arrived
2026-07-23 15:15:47,034 | INFO     | admin.py | get_all_teams | Line 48 | Admin get all teams  page arrived
2026-07-23 15:15:59,217 | INFO     | admin.py | get_all_employees | Line 32 | Admin get all employees  page arrived
2026-07-23 15:15:59,224 | INFO     | admin.py | get_all_teams | Line 48 | Admin get all teams  page arrived
2026-07-23 15:16:03,290 | INFO     | admin.py | get_all_employees | Line 32 | Admin get all employees  page arrived
2026-07-23 15:16:03,299 | INFO     | admin.py | get_all_teams | Line 48 | Admin get all teams  page arrived
2026-07-23 15:16:07,748 | INFO     | admin.py | get_all_employees | Line 32 | Admin get all employees  page arrived
2026-07-23 15:16:07,762 | INFO     | admin.py | get_all_teams | Line 48 | Admin get all teams  page arrived
2026-07-23 15:16:13,259 | INFO     | admin.py | get_all_employees | Line 32 | Admin get all employees  page arrived
2026-07-23 15:16:13,267 | INFO     | admin.py | get_all_teams | Line 48 | Admin get all teams  page arrived
2026-07-23 15:16:24,220 | INFO     | admin.py | get_all_employees | Line 32 | Admin get all employees  page arrived
2026-07-23 15:16:24,230 | INFO     | admin.py | get_all_teams | Line 48 | Admin get all teams  page arrived
2026-07-23 15:16:52,627 | INFO     | admin.py | get_all_employees | Line 32 | Admin get all employees  page arrived
2026-07-23 15:16:52,636 | INFO     | admin.py | get_all_teams | Line 48 | Admin get all teams  page arrived
2026-07-23 15:16:53,500 | INFO     | admin.py | get_all_employees | Line 32 | Admin get all employees  page arrived
2026-07-23 15:16:53,509 | INFO     | admin.py | get_all_teams | Line 48 | Admin get all teams  page arrived
2026-07-23 15:16:54,314 | INFO     | admin.py | get_all_employees | Line 32 | Admin get all employees  page arrived
2026-07-23 15:16:54,324 | INFO     | admin.py | get_all_teams | Line 48 | Admin get all teams  page arrived
2026-07-23 15:16:55,167 | INFO     | admin.py | get_all_employees | Line 32 | Admin get all employees  page arrived
2026-07-23 15:16:55,174 | INFO     | admin.py | get_all_teams | Line 48 | Admin get all teams  page arrived
2026-07-23 15:17:06,934 | INFO     | admin.py | get_all_employees | Line 32 | Admin get all employees  page arrived
2026-07-23 15:17:06,943 | INFO     | admin.py | get_all_teams | Line 48 | Admin get all teams  page arrived
2026-07-23 15:17:26,907 | INFO     | admin.py | get_all_employees | Line 32 | Admin get all employees  page arrived
2026-07-23 15:17:26,920 | INFO     | admin.py | get_all_teams | Line 48 | Admin get all teams  page arrived
2026-07-23 15:17:26,974 | INFO     | admin.py | assign_team | Line 181 | Admin assign team page arrived
2026-07-23 15:17:27,174 | INFO     | admin.py | get_all_employees | Line 32 | Admin get all employees  page arrived
2026-07-23 15:17:27,187 | INFO     | admin.py | get_all_teams | Line 48 | Admin get all teams  page arrived
2026-07-23 15:17:56,637 | INFO     | admin.py | get_all_employees | Line 32 | Admin get all employees  page arrived
2026-07-23 15:17:56,648 | INFO     | admin.py | get_all_teams | Line 48 | Admin get all teams  page arrived
2026-07-23 15:17:56,678 | INFO     | admin.py | assign_team | Line 181 | Admin assign team page arrived
2026-07-23 15:17:56,794 | INFO     | admin.py | get_all_employees | Line 32 | Admin get all employees  page arrived
2026-07-23 15:17:56,801 | INFO     | admin.py | get_all_teams | Line 48 | Admin get all teams  page arrived
2026-07-23 15:18:11,191 | INFO     | admin.py | get_all_employees | Line 32 | Admin get all employees  page arrived
2026-07-23 15:18:11,199 | INFO     | admin.py | get_all_teams | Line 48 | Admin get all teams  page arrived
2026-07-23 15:18:11,228 | INFO     | admin.py | assign_team | Line 181 | Admin assign team page arrived
2026-07-23 15:18:11,352 | INFO     | admin.py | get_all_employees | Line 32 | Admin get all employees  page arrived
2026-07-23 15:18:11,361 | INFO     | admin.py | get_all_teams | Line 48 | Admin get all teams  page arrived
2026-07-23 15:18:21,248 | INFO     | admin.py | get_all_employees | Line 32 | Admin get all employees  page arrived
2026-07-23 15:18:21,255 | INFO     | admin.py | get_all_teams | Line 48 | Admin get all teams  page arrived
2026-07-23 15:18:21,284 | INFO     | admin.py | assign_team | Line 181 | Admin assign team page arrived
2026-07-23 15:18:21,383 | INFO     | admin.py | get_all_employees | Line 32 | Admin get all employees  page arrived
2026-07-23 15:18:21,391 | INFO     | admin.py | get_all_teams | Line 48 | Admin get all teams  page arrived
2026-07-23 15:18:27,604 | INFO     | admin.py | get_all_employees | Line 32 | Admin get all employees  page arrived
2026-07-23 15:18:27,613 | INFO     | admin.py | get_all_teams | Line 48 | Admin get all teams  page arrived
2026-07-23 15:18:27,643 | INFO     | admin.py | assign_team | Line 181 | Admin assign team page arrived
2026-07-23 15:18:27,723 | INFO     | admin.py | get_all_employees | Line 32 | Admin get all employees  page arrived
2026-07-23 15:18:27,728 | INFO     | admin.py | get_all_teams | Line 48 | Admin get all teams  page arrived
2026-07-23 15:20:07,210 | INFO     | admin.py | get_all_employees | Line 32 | Admin get all employees  page arrived
2026-07-23 15:20:07,217 | INFO     | admin.py | get_all_teams | Line 48 | Admin get all teams  page arrived
2026-07-23 15:20:07,233 | INFO     | admin.py | assign_team | Line 181 | Admin assign team page arrived
2026-07-23 15:20:07,431 | INFO     | admin.py | get_all_employees | Line 32 | Admin get all employees  page arrived
2026-07-23 15:20:07,438 | INFO     | admin.py | get_all_teams | Line 48 | Admin get all teams  page arrived
2026-07-23 15:20:08,132 | INFO     | admin.py | get_all_employees | Line 32 | Admin get all employees  page arrived
2026-07-23 15:20:08,139 | INFO     | admin.py | get_all_teams | Line 48 | Admin get all teams  page arrived
2026-07-23 15:20:08,164 | INFO     | admin.py | assign_team | Line 181 | Admin assign team page arrived
2026-07-23 15:20:08,258 | INFO     | admin.py | get_all_employees | Line 32 | Admin get all employees  page arrived
2026-07-23 15:20:08,268 | INFO     | admin.py | get_all_teams | Line 48 | Admin get all teams  page arrived
2026-07-23 15:20:18,717 | INFO     | admin.py | get_all_employees | Line 32 | Admin get all employees  page arrived
2026-07-23 15:20:18,725 | INFO     | admin.py | get_all_teams | Line 48 | Admin get all teams  page arrived
2026-07-23 15:20:18,761 | INFO     | admin.py | assign_team | Line 181 | Admin assign team page arrived
2026-07-23 15:20:18,862 | INFO     | admin.py | get_all_employees | Line 32 | Admin get all employees  page arrived
2026-07-23 15:20:18,872 | INFO     | admin.py | get_all_teams | Line 48 | Admin get all teams  page arrived
2026-07-23 15:20:19,754 | INFO     | admin.py | get_all_employees | Line 32 | Admin get all employees  page arrived
2026-07-23 15:20:19,761 | INFO     | admin.py | get_all_teams | Line 48 | Admin get all teams  page arrived
2026-07-23 15:20:19,792 | INFO     | admin.py | assign_team | Line 181 | Admin assign team page arrived
2026-07-23 15:20:19,871 | INFO     | admin.py | get_all_employees | Line 32 | Admin get all employees  page arrived
2026-07-23 15:20:19,881 | INFO     | admin.py | get_all_teams | Line 48 | Admin get all teams  page arrived
2026-07-23 15:20:20,547 | INFO     | admin.py | get_all_employees | Line 32 | Admin get all employees  page arrived
2026-07-23 15:20:20,553 | INFO     | admin.py | get_all_teams | Line 48 | Admin get all teams  page arrived
2026-07-23 15:20:20,575 | INFO     | admin.py | assign_team | Line 181 | Admin assign team page arrived
2026-07-23 15:20:20,651 | INFO     | admin.py | get_all_employees | Line 32 | Admin get all employees  page arrived
2026-07-23 15:20:20,659 | INFO     | admin.py | get_all_teams | Line 48 | Admin get all teams  page arrived
2026-07-23 15:20:21,405 | INFO     | admin.py | get_all_employees | Line 32 | Admin get all employees  page arrived
2026-07-23 15:20:21,413 | INFO     | admin.py | get_all_teams | Line 48 | Admin get all teams  page arrived
2026-07-23 15:20:21,447 | INFO     | admin.py | assign_team | Line 181 | Admin assign team page arrived
2026-07-23 15:20:21,543 | INFO     | admin.py | get_all_employees | Line 32 | Admin get all employees  page arrived
2026-07-23 15:20:21,553 | INFO     | admin.py | get_all_teams | Line 48 | Admin get all teams  page arrived
2026-07-23 15:20:22,393 | INFO     | admin.py | get_all_employees | Line 32 | Admin get all employees  page arrived
2026-07-23 15:20:22,399 | INFO     | admin.py | get_all_teams | Line 48 | Admin get all teams  page arrived
2026-07-23 15:20:22,427 | INFO     | admin.py | assign_team | Line 181 | Admin assign team page arrived
2026-07-23 15:20:22,519 | INFO     | admin.py | get_all_employees | Line 32 | Admin get all employees  page arrived
2026-07-23 15:20:22,532 | INFO     | admin.py | get_all_teams | Line 48 | Admin get all teams  page arrived
2026-07-23 15:20:23,332 | INFO     | admin.py | get_all_employees | Line 32 | Admin get all employees  page arrived
2026-07-23 15:20:23,338 | INFO     | admin.py | get_all_teams | Line 48 | Admin get all teams  page arrived
2026-07-23 15:20:23,363 | INFO     | admin.py | assign_team | Line 181 | Admin assign team page arrived
2026-07-23 15:20:23,446 | INFO     | admin.py | get_all_employees | Line 32 | Admin get all employees  page arrived
2026-07-23 15:20:23,458 | INFO     | admin.py | get_all_teams | Line 48 | Admin get all teams  page arrived
2026-07-23 15:20:55,247 | INFO     | admin.py | get_all_employees | Line 32 | Admin get all employees  page arrived
2026-07-23 15:20:55,255 | INFO     | admin.py | get_all_teams | Line 48 | Admin get all teams  page arrived
2026-07-23 15:20:55,280 | INFO     | admin.py | assign_team | Line 181 | Admin assign team page arrived
2026-07-23 15:20:55,419 | INFO     | admin.py | get_all_employees | Line 32 | Admin get all employees  page arrived
2026-07-23 15:20:55,425 | INFO     | admin.py | get_all_teams | Line 48 | Admin get all teams  page arrived
2026-07-23 15:21:04,776 | INFO     | admin.py | get_all_employees | Line 32 | Admin get all employees  page arrived
2026-07-23 15:21:04,783 | INFO     | admin.py | get_all_teams | Line 48 | Admin get all teams  page arrived
2026-07-23 15:21:04,812 | INFO     | admin.py | assign_team | Line 181 | Admin assign team page arrived
2026-07-23 15:21:04,914 | INFO     | admin.py | get_all_employees | Line 32 | Admin get all employees  page arrived
2026-07-23 15:21:04,923 | INFO     | admin.py | get_all_teams | Line 48 | Admin get all teams  page arrived
2026-07-23 15:21:26,884 | INFO     | admin.py | get_all_employees | Line 32 | Admin get all employees  page arrived
2026-07-23 15:21:26,891 | INFO     | admin.py | get_all_teams | Line 48 | Admin get all teams  page arrived
2026-07-23 15:21:26,916 | INFO     | admin.py | assign_team | Line 181 | Admin assign team page arrived
2026-07-23 15:21:26,996 | INFO     | admin.py | get_all_employees | Line 32 | Admin get all employees  page arrived
2026-07-23 15:21:27,006 | INFO     | admin.py | get_all_teams | Line 48 | Admin get all teams  page arrived
2026-07-23 15:21:39,922 | INFO     | admin.py | get_all_employees | Line 32 | Admin get all employees  page arrived
2026-07-23 15:21:39,932 | INFO     | admin.py | get_all_teams | Line 48 | Admin get all teams  page arrived
2026-07-23 15:21:39,969 | INFO     | admin.py | assign_team | Line 181 | Admin assign team page arrived
2026-07-23 15:21:40,071 | INFO     | admin.py | get_all_employees | Line 32 | Admin get all employees  page arrived
2026-07-23 15:21:40,081 | INFO     | admin.py | get_all_teams | Line 48 | Admin get all teams  page arrived
2026-07-23 15:22:03,365 | INFO     | admin.py | get_all_employees | Line 32 | Admin get all employees  page arrived
2026-07-23 15:22:03,379 | INFO     | admin.py | get_all_teams | Line 48 | Admin get all teams  page arrived
2026-07-23 15:22:03,420 | INFO     | admin.py | assign_team | Line 181 | Admin assign team page arrived
2026-07-23 15:22:03,514 | INFO     | admin.py | get_all_employees | Line 32 | Admin get all employees  page arrived
2026-07-23 15:22:03,521 | INFO     | admin.py | get_all_teams | Line 48 | Admin get all teams  page arrived
2026-07-23 15:22:04,951 | INFO     | admin.py | get_all_employees | Line 32 | Admin get all employees  page arrived
2026-07-23 15:22:04,961 | INFO     | admin.py | get_all_teams | Line 48 | Admin get all teams  page arrived
2026-07-23 15:22:04,988 | INFO     | admin.py | assign_team | Line 181 | Admin assign team page arrived
2026-07-23 15:22:05,069 | INFO     | admin.py | get_all_employees | Line 32 | Admin get all employees  page arrived
2026-07-23 15:22:05,079 | INFO     | admin.py | get_all_teams | Line 48 | Admin get all teams  page arrived
2026-07-23 15:25:27,153 | INFO     | admin.py | get_all_employees | Line 32 | Admin get all employees  page arrived
2026-07-23 15:25:27,161 | INFO     | admin.py | get_all_teams | Line 48 | Admin get all teams  page arrived
2026-07-23 15:25:27,256 | INFO     | admin.py | assign_team | Line 181 | Admin assign team page arrived
2026-07-23 15:25:27,348 | INFO     | admin.py | get_all_employees | Line 32 | Admin get all employees  page arrived
2026-07-23 15:25:27,358 | INFO     | admin.py | get_all_teams | Line 48 | Admin get all teams  page arrived
2026-07-23 15:25:42,615 | INFO     | admin.py | get_all_employees | Line 32 | Admin get all employees  page arrived
2026-07-23 15:25:42,623 | INFO     | admin.py | get_all_teams | Line 48 | Admin get all teams  page arrived
2026-07-23 15:25:42,693 | INFO     | admin.py | assign_team | Line 181 | Admin assign team page arrived
2026-07-23 15:25:42,780 | INFO     | admin.py | get_all_employees | Line 32 | Admin get all employees  page arrived
2026-07-23 15:25:42,787 | INFO     | admin.py | get_all_teams | Line 48 | Admin get all teams  page arrived
2026-07-23 15:25:43,809 | INFO     | admin.py | get_all_employees | Line 32 | Admin get all employees  page arrived
2026-07-23 15:25:43,816 | INFO     | admin.py | get_all_teams | Line 48 | Admin get all teams  page arrived
2026-07-23 15:25:43,875 | INFO     | admin.py | assign_team | Line 181 | Admin assign team page arrived
2026-07-23 15:25:43,936 | INFO     | admin.py | get_all_employees | Line 32 | Admin get all employees  page arrived
2026-07-23 15:25:43,943 | INFO     | admin.py | get_all_teams | Line 48 | Admin get all teams  page arrived
2026-07-23 15:25:45,176 | INFO     | admin.py | get_all_employees | Line 32 | Admin get all employees  page arrived
2026-07-23 15:25:45,183 | INFO     | admin.py | get_all_teams | Line 48 | Admin get all teams  page arrived
2026-07-23 15:25:45,246 | INFO     | admin.py | assign_team | Line 181 | Admin assign team page arrived
2026-07-23 15:25:45,311 | INFO     | admin.py | get_all_employees | Line 32 | Admin get all employees  page arrived
2026-07-23 15:25:45,317 | INFO     | admin.py | get_all_teams | Line 48 | Admin get all teams  page arrived
2026-07-23 15:25:56,516 | INFO     | admin.py | get_all_employees | Line 32 | Admin get all employees  page arrived
2026-07-23 15:25:56,523 | INFO     | admin.py | get_all_teams | Line 48 | Admin get all teams  page arrived
2026-07-23 15:25:56,590 | INFO     | admin.py | assign_team | Line 181 | Admin assign team page arrived
2026-07-23 15:25:56,662 | INFO     | admin.py | get_all_employees | Line 32 | Admin get all employees  page arrived
2026-07-23 15:25:56,671 | INFO     | admin.py | get_all_teams | Line 48 | Admin get all teams  page arrived
2026-07-23 15:26:06,298 | INFO     | admin.py | get_all_employees | Line 32 | Admin get all employees  page arrived
2026-07-23 15:26:06,306 | INFO     | admin.py | get_all_teams | Line 48 | Admin get all teams  page arrived
2026-07-23 15:26:06,392 | INFO     | admin.py | assign_team | Line 181 | Admin assign team page arrived
2026-07-23 15:26:06,475 | INFO     | admin.py | get_all_employees | Line 32 | Admin get all employees  page arrived
2026-07-23 15:26:06,484 | INFO     | admin.py | get_all_teams | Line 48 | Admin get all teams  page arrived
2026-07-23 15:27:25,098 | INFO     | admin.py | get_all_employees | Line 32 | Admin get all employees  page arrived
2026-07-23 15:27:25,107 | INFO     | admin.py | get_all_teams | Line 48 | Admin get all teams  page arrived
2026-07-23 15:27:29,988 | INFO     | admin.py | get_all_employees | Line 32 | Admin get all employees  page arrived
2026-07-23 15:27:29,998 | INFO     | admin.py | get_all_teams | Line 48 | Admin get all teams  page arrived
2026-07-23 15:27:37,715 | INFO     | admin.py | get_all_employees | Line 32 | Admin get all employees  page arrived
2026-07-23 15:27:37,723 | INFO     | admin.py | get_all_teams | Line 48 | Admin get all teams  page arrived
2026-07-23 15:27:42,372 | INFO     | admin.py | get_all_employees | Line 32 | Admin get all employees  page arrived
2026-07-23 15:27:42,382 | INFO     | admin.py | get_all_teams | Line 48 | Admin get all teams  page arrived
2026-07-23 15:27:46,659 | INFO     | admin.py | get_all_employees | Line 32 | Admin get all employees  page arrived
2026-07-23 15:27:46,666 | INFO     | admin.py | get_all_teams | Line 48 | Admin get all teams  page arrived
2026-07-23 15:28:26,422 | INFO     | admin.py | get_all_employees | Line 32 | Admin get all employees  page arrived
2026-07-23 15:28:26,431 | INFO     | admin.py | get_all_teams | Line 48 | Admin get all teams  page arrived
2026-07-23 15:28:37,121 | INFO     | auth.py | login | Line 46 | Login post page arrived
2026-07-23 15:28:37,308 | INFO     | ticket.py | get_team_open_tickets | Line 75 | Admin get team open tickets page arrived
2026-07-23 15:28:37,383 | INFO     | ticket.py | get_assigned_tickets | Line 39 | Admin get assigned tickets page arrived
2026-07-23 15:29:03,727 | INFO     | ticket.py | get_team_open_tickets | Line 75 | Admin get team open tickets page arrived
2026-07-23 15:29:03,862 | INFO     | ticket.py | get_assigned_tickets | Line 39 | Admin get assigned tickets page arrived
2026-07-23 15:29:16,343 | INFO     | auth.py | login | Line 46 | Login post page arrived
2026-07-23 15:29:16,469 | INFO     | admin.py | get_all_teams | Line 48 | Admin get all teams  page arrived
2026-07-23 15:29:16,489 | INFO     | ticket.py | get_customer_tickets | Line 109 | Admin get customer tickets page arrived
2026-07-23 15:55:20,086 | INFO     | admin.py | get_all_teams | Line 50 | Admin get all teams  page arrived
2026-07-23 15:55:20,141 | INFO     | ticket.py | get_customer_tickets | Line 109 | Admin get customer tickets page arrived
2026-07-23 15:55:25,852 | INFO     | admin.py | get_all_teams | Line 50 | Admin get all teams  page arrived
2026-07-23 15:55:25,864 | INFO     | ticket.py | get_customer_tickets | Line 109 | Admin get customer tickets page arrived
2026-07-23 15:55:36,308 | INFO     | auth.py | login | Line 46 | Login post page arrived
2026-07-23 15:55:36,441 | INFO     | admin.py | get_all_teams | Line 50 | Admin get all teams  page arrived
2026-07-23 15:55:36,452 | INFO     | ticket.py | get_customer_tickets | Line 109 | Admin get customer tickets page arrived
2026-07-23 15:55:47,365 | INFO     | admin.py | get_all_teams | Line 50 | Admin get all teams  page arrived
2026-07-23 15:55:47,375 | INFO     | ticket.py | get_customer_tickets | Line 109 | Admin get customer tickets page arrived
2026-07-23 15:55:59,537 | INFO     | auth.py | login | Line 46 | Login post page arrived
2026-07-23 15:55:59,657 | INFO     | admin.py | get_all_teams | Line 50 | Admin get all teams  page arrived
2026-07-23 15:55:59,674 | INFO     | ticket.py | get_customer_tickets | Line 109 | Admin get customer tickets page arrived
2026-07-23 15:56:48,438 | INFO     | admin.py | get_all_teams | Line 50 | Admin get all teams  page arrived
2026-07-23 15:56:48,450 | INFO     | ticket.py | get_customer_tickets | Line 109 | Admin get customer tickets page arrived
2026-07-23 15:57:01,337 | INFO     | auth.py | login | Line 46 | Login post page arrived
2026-07-23 15:57:01,449 | INFO     | admin.py | get_all_employees | Line 34 | Admin get all employees  page arrived
2026-07-23 15:57:01,463 | INFO     | admin.py | get_all_teams | Line 50 | Admin get all teams  page arrived
2026-07-23 16:00:18,141 | INFO     | admin.py | get_all_employees | Line 34 | Admin get all employees  page arrived
2026-07-23 16:00:18,150 | INFO     | admin.py | get_all_teams | Line 50 | Admin get all teams  page arrived
2026-07-23 16:01:04,602 | INFO     | auth.py | login | Line 46 | Login post page arrived
2026-07-23 16:01:04,712 | INFO     | admin.py | get_all_teams | Line 50 | Admin get all teams  page arrived
2026-07-23 16:01:04,726 | INFO     | ticket.py | get_customer_tickets | Line 109 | Admin get customer tickets page arrived
2026-07-23 16:01:35,439 | INFO     | admin.py | get_all_teams | Line 50 | Admin get all teams  page arrived
2026-07-23 16:01:35,454 | INFO     | ticket.py | get_customer_tickets | Line 109 | Admin get customer tickets page arrived
2026-07-23 16:03:36,325 | INFO     | admin.py | get_all_teams | Line 50 | Admin get all teams  page arrived
2026-07-23 16:03:36,337 | INFO     | ticket.py | get_customer_tickets | Line 109 | Admin get customer tickets page arrived
2026-07-23 16:04:17,659 | INFO     | admin.py | get_all_teams | Line 50 | Admin get all teams  page arrived
2026-07-23 16:04:17,671 | INFO     | ticket.py | get_customer_tickets | Line 109 | Admin get customer tickets page arrived
2026-07-23 16:04:18,844 | INFO     | admin.py | get_all_teams | Line 50 | Admin get all teams  page arrived
2026-07-23 16:04:18,852 | INFO     | ticket.py | get_customer_tickets | Line 109 | Admin get customer tickets page arrived
2026-07-23 16:04:32,177 | INFO     | admin.py | get_all_teams | Line 50 | Admin get all teams  page arrived
2026-07-23 16:04:32,188 | INFO     | ticket.py | get_customer_tickets | Line 109 | Admin get customer tickets page arrived
2026-07-23 16:04:33,199 | INFO     | admin.py | get_all_teams | Line 50 | Admin get all teams  page arrived
2026-07-23 16:04:33,215 | INFO     | ticket.py | get_customer_tickets | Line 109 | Admin get customer tickets page arrived
2026-07-23 16:04:33,639 | INFO     | admin.py | get_all_teams | Line 50 | Admin get all teams  page arrived
2026-07-23 16:04:33,649 | INFO     | ticket.py | get_customer_tickets | Line 109 | Admin get customer tickets page arrived
2026-07-23 16:04:33,798 | INFO     | admin.py | get_all_teams | Line 50 | Admin get all teams  page arrived
2026-07-23 16:04:33,816 | INFO     | ticket.py | get_customer_tickets | Line 109 | Admin get customer tickets page arrived
2026-07-23 16:04:33,926 | INFO     | admin.py | get_all_teams | Line 50 | Admin get all teams  page arrived
2026-07-23 16:04:33,936 | INFO     | ticket.py | get_customer_tickets | Line 109 | Admin get customer tickets page arrived
2026-07-23 16:04:34,049 | INFO     | admin.py | get_all_teams | Line 50 | Admin get all teams  page arrived
2026-07-23 16:04:34,062 | INFO     | ticket.py | get_customer_tickets | Line 109 | Admin get customer tickets page arrived
2026-07-23 16:04:34,181 | INFO     | admin.py | get_all_teams | Line 50 | Admin get all teams  page arrived
2026-07-23 16:04:34,190 | INFO     | ticket.py | get_customer_tickets | Line 109 | Admin get customer tickets page arrived
2026-07-23 16:04:34,340 | INFO     | admin.py | get_all_teams | Line 50 | Admin get all teams  page arrived
2026-07-23 16:04:34,380 | INFO     | ticket.py | get_customer_tickets | Line 109 | Admin get customer tickets page arrived
2026-07-23 16:04:34,575 | INFO     | admin.py | get_all_teams | Line 50 | Admin get all teams  page arrived
2026-07-23 16:04:34,586 | INFO     | ticket.py | get_customer_tickets | Line 109 | Admin get customer tickets page arrived
2026-07-23 16:04:34,719 | INFO     | admin.py | get_all_teams | Line 50 | Admin get all teams  page arrived
2026-07-23 16:04:34,729 | INFO     | ticket.py | get_customer_tickets | Line 109 | Admin get customer tickets page arrived
2026-07-23 16:04:34,880 | INFO     | admin.py | get_all_teams | Line 50 | Admin get all teams  page arrived
2026-07-23 16:04:34,891 | INFO     | ticket.py | get_customer_tickets | Line 109 | Admin get customer tickets page arrived
2026-07-23 16:04:35,080 | INFO     | admin.py | get_all_teams | Line 50 | Admin get all teams  page arrived
2026-07-23 16:04:35,099 | INFO     | ticket.py | get_customer_tickets | Line 109 | Admin get customer tickets page arrived
2026-07-23 16:04:40,349 | INFO     | admin.py | get_all_teams | Line 50 | Admin get all teams  page arrived
2026-07-23 16:04:40,358 | INFO     | ticket.py | get_customer_tickets | Line 109 | Admin get customer tickets page arrived
2026-07-23 16:04:41,258 | INFO     | admin.py | get_all_teams | Line 50 | Admin get all teams  page arrived
2026-07-23 16:04:41,266 | INFO     | ticket.py | get_customer_tickets | Line 109 | Admin get customer tickets page arrived
2026-07-23 16:04:41,594 | INFO     | admin.py | get_all_teams | Line 50 | Admin get all teams  page arrived
2026-07-23 16:04:41,605 | INFO     | ticket.py | get_customer_tickets | Line 109 | Admin get customer tickets page arrived
2026-07-23 16:04:41,753 | INFO     | admin.py | get_all_teams | Line 50 | Admin get all teams  page arrived
2026-07-23 16:04:41,764 | INFO     | ticket.py | get_customer_tickets | Line 109 | Admin get customer tickets page arrived
2026-07-23 16:04:41,896 | INFO     | admin.py | get_all_teams | Line 50 | Admin get all teams  page arrived
2026-07-23 16:04:41,911 | INFO     | ticket.py | get_customer_tickets | Line 109 | Admin get customer tickets page arrived
2026-07-23 16:04:42,120 | INFO     | admin.py | get_all_teams | Line 50 | Admin get all teams  page arrived
2026-07-23 16:04:42,136 | INFO     | ticket.py | get_customer_tickets | Line 109 | Admin get customer tickets page arrived
2026-07-23 16:04:42,297 | INFO     | admin.py | get_all_teams | Line 50 | Admin get all teams  page arrived
2026-07-23 16:04:42,307 | INFO     | ticket.py | get_customer_tickets | Line 109 | Admin get customer tickets page arrived
2026-07-23 16:05:11,638 | INFO     | admin.py | get_all_teams | Line 50 | Admin get all teams  page arrived
2026-07-23 16:05:11,650 | INFO     | ticket.py | get_customer_tickets | Line 109 | Admin get customer tickets page arrived
2026-07-23 16:06:26,804 | INFO     | admin.py | get_all_teams | Line 50 | Admin get all teams  page arrived
2026-07-23 16:06:26,836 | INFO     | ticket.py | get_customer_tickets | Line 109 | Admin get customer tickets page arrived
2026-07-23 16:06:27,630 | INFO     | admin.py | get_all_teams | Line 50 | Admin get all teams  page arrived
2026-07-23 16:06:27,643 | INFO     | ticket.py | get_customer_tickets | Line 109 | Admin get customer tickets page arrived
2026-07-23 16:06:27,819 | INFO     | admin.py | get_all_teams | Line 50 | Admin get all teams  page arrived
2026-07-23 16:06:27,832 | INFO     | ticket.py | get_customer_tickets | Line 109 | Admin get customer tickets page arrived
2026-07-23 16:06:27,982 | INFO     | admin.py | get_all_teams | Line 50 | Admin get all teams  page arrived
2026-07-23 16:06:27,993 | INFO     | ticket.py | get_customer_tickets | Line 109 | Admin get customer tickets page arrived
2026-07-23 16:06:28,161 | INFO     | admin.py | get_all_teams | Line 50 | Admin get all teams  page arrived
2026-07-23 16:06:28,172 | INFO     | ticket.py | get_customer_tickets | Line 109 | Admin get customer tickets page arrived
2026-07-23 16:06:28,352 | INFO     | admin.py | get_all_teams | Line 50 | Admin get all teams  page arrived
2026-07-23 16:06:28,368 | INFO     | ticket.py | get_customer_tickets | Line 109 | Admin get customer tickets page arrived
2026-07-23 16:06:28,522 | INFO     | admin.py | get_all_teams | Line 50 | Admin get all teams  page arrived
2026-07-23 16:06:28,532 | INFO     | ticket.py | get_customer_tickets | Line 109 | Admin get customer tickets page arrived
2026-07-23 16:06:28,696 | INFO     | admin.py | get_all_teams | Line 50 | Admin get all teams  page arrived
2026-07-23 16:06:28,710 | INFO     | ticket.py | get_customer_tickets | Line 109 | Admin get customer tickets page arrived
2026-07-23 16:06:28,880 | INFO     | admin.py | get_all_teams | Line 50 | Admin get all teams  page arrived
2026-07-23 16:06:28,894 | INFO     | ticket.py | get_customer_tickets | Line 109 | Admin get customer tickets page arrived
2026-07-23 16:06:29,051 | INFO     | admin.py | get_all_teams | Line 50 | Admin get all teams  page arrived
2026-07-23 16:06:29,062 | INFO     | ticket.py | get_customer_tickets | Line 109 | Admin get customer tickets page arrived
2026-07-23 16:06:29,244 | INFO     | admin.py | get_all_teams | Line 50 | Admin get all teams  page arrived
2026-07-23 16:06:29,256 | INFO     | ticket.py | get_customer_tickets | Line 109 | Admin get customer tickets page arrived
2026-07-23 16:06:29,407 | INFO     | admin.py | get_all_teams | Line 50 | Admin get all teams  page arrived
2026-07-23 16:06:29,417 | INFO     | ticket.py | get_customer_tickets | Line 109 | Admin get customer tickets page arrived
2026-07-23 16:06:29,586 | INFO     | admin.py | get_all_teams | Line 50 | Admin get all teams  page arrived
2026-07-23 16:06:29,596 | INFO     | ticket.py | get_customer_tickets | Line 109 | Admin get customer tickets page arrived
2026-07-23 16:06:29,807 | INFO     | admin.py | get_all_teams | Line 50 | Admin get all teams  page arrived
2026-07-23 16:06:29,819 | INFO     | ticket.py | get_customer_tickets | Line 109 | Admin get customer tickets page arrived
2026-07-23 16:11:29,147 | INFO     | admin.py | get_all_teams | Line 50 | Admin get all teams  page arrived
2026-07-23 16:11:29,213 | INFO     | ticket.py | get_customer_tickets | Line 109 | Admin get customer tickets page arrived
2026-07-23 16:11:31,058 | INFO     | admin.py | get_all_teams | Line 50 | Admin get all teams  page arrived
2026-07-23 16:11:31,073 | INFO     | ticket.py | get_customer_tickets | Line 109 | Admin get customer tickets page arrived
2026-07-23 16:13:19,897 | INFO     | admin.py | get_all_teams | Line 50 | Admin get all teams  page arrived
2026-07-23 16:13:19,908 | INFO     | ticket.py | get_customer_tickets | Line 109 | Admin get customer tickets page arrived
2026-07-23 16:13:20,137 | INFO     | admin.py | get_all_teams | Line 50 | Admin get all teams  page arrived
2026-07-23 16:13:20,153 | INFO     | ticket.py | get_customer_tickets | Line 109 | Admin get customer tickets page arrived
2026-07-23 16:13:20,259 | INFO     | admin.py | get_all_teams | Line 50 | Admin get all teams  page arrived
2026-07-23 16:13:20,273 | INFO     | ticket.py | get_customer_tickets | Line 109 | Admin get customer tickets page arrived
2026-07-23 16:20:22,118 | INFO     | main.py | home | Line 35 | Home page arrived
2026-07-23 16:20:32,945 | INFO     | auth.py | login | Line 46 | Login post page arrived
2026-07-23 16:20:33,208 | INFO     | admin.py | get_all_teams | Line 50 | Admin get all teams  page arrived
2026-07-23 16:20:33,232 | INFO     | ticket.py | get_customer_tickets | Line 109 | Admin get customer tickets page arrived
2026-07-23 16:20:50,123 | INFO     | admin.py | get_all_teams | Line 50 | Admin get all teams  page arrived
2026-07-23 16:20:50,135 | INFO     | ticket.py | get_customer_tickets | Line 109 | Admin get customer tickets page arrived
2026-07-23 16:20:54,457 | INFO     | admin.py | get_all_teams | Line 50 | Admin get all teams  page arrived
2026-07-23 16:20:54,468 | INFO     | ticket.py | get_customer_tickets | Line 109 | Admin get customer tickets page arrived
2026-07-23 16:20:55,270 | INFO     | admin.py | get_all_teams | Line 50 | Admin get all teams  page arrived
2026-07-23 16:20:55,281 | INFO     | ticket.py | get_customer_tickets | Line 109 | Admin get customer tickets page arrived
2026-07-23 16:20:55,446 | INFO     | admin.py | get_all_teams | Line 50 | Admin get all teams  page arrived
2026-07-23 16:20:55,461 | INFO     | ticket.py | get_customer_tickets | Line 109 | Admin get customer tickets page arrived
2026-07-23 16:20:55,608 | INFO     | admin.py | get_all_teams | Line 50 | Admin get all teams  page arrived
2026-07-23 16:20:55,618 | INFO     | ticket.py | get_customer_tickets | Line 109 | Admin get customer tickets page arrived
2026-07-23 16:20:55,746 | INFO     | admin.py | get_all_teams | Line 50 | Admin get all teams  page arrived
2026-07-23 16:20:55,757 | INFO     | ticket.py | get_customer_tickets | Line 109 | Admin get customer tickets page arrived
2026-07-23 16:20:56,089 | INFO     | admin.py | get_all_teams | Line 50 | Admin get all teams  page arrived
2026-07-23 16:20:56,107 | INFO     | ticket.py | get_customer_tickets | Line 109 | Admin get customer tickets page arrived
2026-07-23 16:20:56,222 | INFO     | admin.py | get_all_teams | Line 50 | Admin get all teams  page arrived
2026-07-23 16:20:56,235 | INFO     | ticket.py | get_customer_tickets | Line 109 | Admin get customer tickets page arrived
2026-07-23 16:20:56,336 | INFO     | admin.py | get_all_teams | Line 50 | Admin get all teams  page arrived
2026-07-23 16:20:56,346 | INFO     | ticket.py | get_customer_tickets | Line 109 | Admin get customer tickets page arrived
2026-07-23 16:20:56,446 | INFO     | admin.py | get_all_teams | Line 50 | Admin get all teams  page arrived
2026-07-23 16:20:56,461 | INFO     | ticket.py | get_customer_tickets | Line 109 | Admin get customer tickets page arrived
2026-07-23 16:20:56,615 | INFO     | admin.py | get_all_teams | Line 50 | Admin get all teams  page arrived
2026-07-23 16:20:56,632 | INFO     | ticket.py | get_customer_tickets | Line 109 | Admin get customer tickets page arrived
2026-07-23 16:20:56,742 | INFO     | admin.py | get_all_teams | Line 50 | Admin get all teams  page arrived
2026-07-23 16:20:56,756 | INFO     | ticket.py | get_customer_tickets | Line 109 | Admin get customer tickets page arrived
2026-07-23 16:20:56,953 | INFO     | admin.py | get_all_teams | Line 50 | Admin get all teams  page arrived
2026-07-23 16:20:56,970 | INFO     | ticket.py | get_customer_tickets | Line 109 | Admin get customer tickets page arrived
2026-07-23 16:20:57,228 | INFO     | admin.py | get_all_teams | Line 50 | Admin get all teams  page arrived
2026-07-23 16:20:57,240 | INFO     | ticket.py | get_customer_tickets | Line 109 | Admin get customer tickets page arrived
2026-07-23 16:20:57,344 | INFO     | admin.py | get_all_teams | Line 50 | Admin get all teams  page arrived
2026-07-23 16:20:57,359 | INFO     | ticket.py | get_customer_tickets | Line 109 | Admin get customer tickets page arrived
2026-07-23 16:20:57,546 | INFO     | admin.py | get_all_teams | Line 50 | Admin get all teams  page arrived
2026-07-23 16:20:57,564 | INFO     | ticket.py | get_customer_tickets | Line 109 | Admin get customer tickets page arrived
2026-07-23 16:20:57,959 | INFO     | admin.py | get_all_teams | Line 50 | Admin get all teams  page arrived
2026-07-23 16:20:57,971 | INFO     | ticket.py | get_customer_tickets | Line 109 | Admin get customer tickets page arrived
2026-07-23 16:20:58,478 | INFO     | admin.py | get_all_teams | Line 50 | Admin get all teams  page arrived
2026-07-23 16:20:58,491 | INFO     | ticket.py | get_customer_tickets | Line 109 | Admin get customer tickets page arrived
2026-07-23 16:20:58,639 | INFO     | admin.py | get_all_teams | Line 50 | Admin get all teams  page arrived
2026-07-23 16:20:58,650 | INFO     | ticket.py | get_customer_tickets | Line 109 | Admin get customer tickets page arrived
2026-07-23 16:20:58,981 | INFO     | admin.py | get_all_teams | Line 50 | Admin get all teams  page arrived
2026-07-23 16:20:58,993 | INFO     | ticket.py | get_customer_tickets | Line 109 | Admin get customer tickets page arrived
2026-07-23 16:20:59,185 | INFO     | admin.py | get_all_teams | Line 50 | Admin get all teams  page arrived
2026-07-23 16:20:59,196 | INFO     | ticket.py | get_customer_tickets | Line 109 | Admin get customer tickets page arrived
2026-07-23 16:20:59,398 | INFO     | admin.py | get_all_teams | Line 50 | Admin get all teams  page arrived
2026-07-23 16:20:59,408 | INFO     | ticket.py | get_customer_tickets | Line 109 | Admin get customer tickets page arrived
2026-07-23 16:20:59,591 | INFO     | admin.py | get_all_teams | Line 50 | Admin get all teams  page arrived
2026-07-23 16:20:59,606 | INFO     | ticket.py | get_customer_tickets | Line 109 | Admin get customer tickets page arrived
2026-07-23 16:27:52,995 | INFO     | admin.py | get_all_teams | Line 50 | Admin get all teams  page arrived
2026-07-23 16:27:53,029 | INFO     | ticket.py | get_customer_tickets | Line 109 | Admin get customer tickets page arrived
2026-07-23 16:28:41,728 | INFO     | admin.py | get_all_teams | Line 50 | Admin get all teams  page arrived
2026-07-23 16:28:41,740 | INFO     | ticket.py | get_customer_tickets | Line 109 | Admin get customer tickets page arrived
2026-07-23 16:28:42,629 | INFO     | admin.py | get_all_teams | Line 50 | Admin get all teams  page arrived
2026-07-23 16:28:42,640 | INFO     | ticket.py | get_customer_tickets | Line 109 | Admin get customer tickets page arrived
2026-07-23 16:28:43,081 | INFO     | admin.py | get_all_teams | Line 50 | Admin get all teams  page arrived
2026-07-23 16:28:43,090 | INFO     | ticket.py | get_customer_tickets | Line 109 | Admin get customer tickets page arrived
2026-07-23 16:40:21,254 | INFO     | main.py | home | Line 36 | Home page arrived
2026-07-23 16:40:46,028 | INFO     | auth.py | login | Line 46 | Login post page arrived
2026-07-23 16:40:47,366 | INFO     | admin.py | get_all_teams | Line 50 | Admin get all teams  page arrived
2026-07-23 16:40:47,387 | INFO     | ticket.py | get_customer_tickets | Line 109 | Admin get customer tickets page arrived
2026-07-23 16:40:53,852 | INFO     | admin.py | get_all_teams | Line 50 | Admin get all teams  page arrived
2026-07-23 16:40:53,863 | INFO     | ticket.py | get_customer_tickets | Line 109 | Admin get customer tickets page arrived
2026-07-23 16:40:54,982 | INFO     | admin.py | get_all_teams | Line 50 | Admin get all teams  page arrived
2026-07-23 16:40:54,996 | INFO     | ticket.py | get_customer_tickets | Line 109 | Admin get customer tickets page arrived
2026-07-23 16:40:58,085 | INFO     | admin.py | get_all_teams | Line 50 | Admin get all teams  page arrived
2026-07-23 16:40:58,096 | INFO     | ticket.py | get_customer_tickets | Line 109 | Admin get customer tickets page arrived
2026-07-23 16:40:58,812 | INFO     | admin.py | get_all_teams | Line 50 | Admin get all teams  page arrived
2026-07-23 16:40:58,824 | INFO     | ticket.py | get_customer_tickets | Line 109 | Admin get customer tickets page arrived
2026-07-23 16:40:58,998 | INFO     | admin.py | get_all_teams | Line 50 | Admin get all teams  page arrived
2026-07-23 16:40:59,817 | INFO     | admin.py | get_all_teams | Line 50 | Admin get all teams  page arrived
2026-07-23 16:40:59,826 | INFO     | ticket.py | get_customer_tickets | Line 109 | Admin get customer tickets page arrived
2026-07-23 16:40:59,997 | INFO     | admin.py | get_all_teams | Line 50 | Admin get all teams  page arrived
2026-07-23 16:41:00,018 | INFO     | ticket.py | get_customer_tickets | Line 109 | Admin get customer tickets page arrived
2026-07-24 15:46:12,058 | INFO     | main.py | home | Line 36 | Home page arrived
2026-07-24 15:46:41,350 | INFO     | main.py | home | Line 36 | Home page arrived
2026-07-24 15:47:36,945 | INFO     | auth.py | login | Line 46 | Login post page arrived
2026-07-24 15:47:50,832 | INFO     | auth.py | login | Line 46 | Login post page arrived
2026-07-24 15:47:55,454 | INFO     | admin.py | get_all_employees | Line 34 | Admin get all employees  page arrived
2026-07-24 15:47:55,467 | INFO     | admin.py | get_all_teams | Line 50 | Admin get all teams  page arrived
2026-07-24 15:48:14,032 | INFO     | admin.py | get_all_employees | Line 34 | Admin get all employees  page arrived
2026-07-24 15:48:14,040 | INFO     | admin.py | get_all_teams | Line 50 | Admin get all teams  page arrived
2026-07-24 15:48:23,139 | INFO     | auth.py | login | Line 46 | Login post page arrived
2026-07-24 15:48:23,254 | INFO     | admin.py | get_all_teams | Line 50 | Admin get all teams  page arrived
2026-07-24 15:48:23,314 | INFO     | ticket.py | get_customer_tickets | Line 109 | Admin get customer tickets page arrived
2026-07-24 15:49:26,158 | INFO     | admin.py | get_all_teams | Line 50 | Admin get all teams  page arrived
2026-07-24 15:49:26,172 | INFO     | ticket.py | create_ticket | Line 148 | Admin create ticket page arrived
2026-07-24 15:49:26,360 | INFO     | admin.py | get_all_teams | Line 50 | Admin get all teams  page arrived
2026-07-24 15:49:26,371 | INFO     | ticket.py | get_customer_tickets | Line 109 | Admin get customer tickets page arrived
2026-07-24 15:49:31,363 | INFO     | admin.py | get_all_teams | Line 50 | Admin get all teams  page arrived
2026-07-24 15:49:31,375 | INFO     | ticket.py | get_customer_tickets | Line 109 | Admin get customer tickets page arrived
2026-07-24 15:49:53,516 | INFO     | auth.py | login | Line 46 | Login post page arrived
2026-07-24 15:49:53,625 | INFO     | admin.py | get_all_employees | Line 34 | Admin get all employees  page arrived
2026-07-24 15:49:53,640 | INFO     | admin.py | get_all_teams | Line 50 | Admin get all teams  page arrived
2026-07-24 16:06:47,893 | INFO     | admin.py | get_all_employees | Line 34 | Admin get all employees  page arrived
2026-07-24 16:06:47,917 | INFO     | admin.py | get_all_teams | Line 50 | Admin get all teams  page arrived
2026-07-24 16:06:55,452 | INFO     | admin.py | get_all_employees | Line 34 | Admin get all employees  page arrived
2026-07-24 16:06:55,458 | INFO     | admin.py | get_all_teams | Line 50 | Admin get all teams  page arrived
2026-07-24 16:06:56,698 | INFO     | admin.py | get_all_employees | Line 34 | Admin get all employees  page arrived
2026-07-24 16:06:56,705 | INFO     | admin.py | get_all_teams | Line 50 | Admin get all teams  page arrived
2026-07-24 16:07:27,051 | INFO     | main.py | home | Line 36 | Home page arrived
2026-07-24 16:07:36,111 | INFO     | auth.py | login | Line 47 | Login post page arrived
2026-07-24 16:07:37,399 | INFO     | admin.py | get_all_employees | Line 34 | Admin get all employees  page arrived
2026-07-24 16:07:37,421 | INFO     | admin.py | get_all_teams | Line 50 | Admin get all teams  page arrived
2026-07-24 16:08:24,078 | INFO     | admin.py | get_all_employees | Line 34 | Admin get all employees  page arrived
2026-07-24 16:08:24,086 | INFO     | admin.py | get_all_teams | Line 50 | Admin get all teams  page arrived
2026-07-24 16:08:35,989 | INFO     | auth.py | login | Line 47 | Login post page arrived
2026-07-24 16:08:36,104 | INFO     | admin.py | get_all_employees | Line 34 | Admin get all employees  page arrived
2026-07-24 16:08:36,111 | INFO     | admin.py | get_all_teams | Line 50 | Admin get all teams  page arrived
2026-07-24 16:12:56,844 | INFO     | main.py | home | Line 36 | Home page arrived
2026-07-24 16:13:08,094 | INFO     | auth.py | login | Line 47 | Login post page arrived
2026-07-24 16:13:08,221 | INFO     | admin.py | get_all_employees | Line 34 | Admin get all employees  page arrived
2026-07-24 16:13:08,230 | INFO     | admin.py | get_all_teams | Line 50 | Admin get all teams  page arrived
2026-07-24 16:13:47,776 | INFO     | auth.py | login | Line 47 | Login post page arrived
2026-07-24 16:13:47,879 | INFO     | ticket.py | get_team_open_tickets | Line 76 | Admin get team open tickets page arrived
2026-07-24 16:13:47,895 | INFO     | ticket.py | get_assigned_tickets | Line 40 | Admin get assigned tickets page arrived
2026-07-24 16:13:53,122 | INFO     | ticket.py | get_team_open_tickets | Line 76 | Admin get team open tickets page arrived
2026-07-24 16:13:53,133 | INFO     | ticket.py | accept_ticket | Line 209 | Support agent accept ticket page arrived
2026-07-24 16:13:53,259 | INFO     | ticket.py | get_team_open_tickets | Line 76 | Admin get team open tickets page arrived
2026-07-24 16:13:53,269 | INFO     | ticket.py | get_assigned_tickets | Line 40 | Admin get assigned tickets page arrived
2026-07-24 16:13:58,295 | INFO     | ticket.py | get_team_open_tickets | Line 76 | Admin get team open tickets page arrived
2026-07-24 16:13:58,306 | INFO     | ticket.py | get_assigned_tickets | Line 40 | Admin get assigned tickets page arrived
2026-07-24 16:14:06,048 | INFO     | auth.py | login | Line 47 | Login post page arrived
2026-07-24 16:14:06,158 | INFO     | admin.py | get_all_employees | Line 34 | Admin get all employees  page arrived
2026-07-24 16:14:06,169 | INFO     | admin.py | get_all_teams | Line 50 | Admin get all teams  page arrived
2026-07-27 10:48:10,865 | INFO     | main.py | home | Line 36 | Home page arrived
2026-07-27 10:48:40,043 | INFO     | main.py | home | Line 36 | Home page arrived
2026-07-27 10:48:52,905 | INFO     | main.py | home | Line 36 | Home page arrived
2026-07-27 10:49:03,984 | INFO     | auth.py | login | Line 47 | Login post page arrived
2026-07-27 10:49:09,035 | INFO     | admin.py | get_all_employees | Line 34 | Admin get all employees  page arrived
2026-07-27 10:49:09,047 | INFO     | admin.py | get_all_teams | Line 50 | Admin get all teams  page arrived
2026-07-27 10:49:26,709 | INFO     | admin.py | get_all_employees | Line 34 | Admin get all employees  page arrived
2026-07-27 10:49:26,717 | INFO     | admin.py | get_all_teams | Line 50 | Admin get all teams  page arrived
2026-07-27 10:49:33,263 | INFO     | admin.py | get_all_employees | Line 34 | Admin get all employees  page arrived
2026-07-27 10:49:33,272 | INFO     | admin.py | get_all_teams | Line 50 | Admin get all teams  page arrived
2026-07-27 10:49:36,212 | INFO     | admin.py | get_all_employees | Line 34 | Admin get all employees  page arrived
2026-07-27 10:49:36,219 | INFO     | admin.py | get_all_teams | Line 50 | Admin get all teams  page arrived
2026-07-27 10:49:37,654 | INFO     | admin.py | get_all_employees | Line 34 | Admin get all employees  page arrived
2026-07-27 10:49:37,661 | INFO     | admin.py | get_all_teams | Line 50 | Admin get all teams  page arrived
2026-07-27 10:49:38,986 | INFO     | admin.py | get_all_employees | Line 34 | Admin get all employees  page arrived
2026-07-27 10:49:38,992 | INFO     | admin.py | get_all_teams | Line 50 | Admin get all teams  page arrived
2026-07-27 10:50:33,836 | INFO     | admin.py | get_all_employees | Line 34 | Admin get all employees  page arrived
2026-07-27 10:50:33,846 | INFO     | admin.py | get_all_teams | Line 50 | Admin get all teams  page arrived
2026-07-27 10:51:18,477 | INFO     | admin.py | get_all_employees | Line 34 | Admin get all employees  page arrived
2026-07-27 10:51:18,486 | INFO     | admin.py | get_all_teams | Line 50 | Admin get all teams  page arrived
2026-07-27 11:18:41,073 | INFO     | main.py | home | Line 36 | Home page arrived
2026-07-27 11:19:05,862 | INFO     | auth.py | login | Line 47 | Login post page arrived
2026-07-27 11:19:07,169 | INFO     | admin.py | get_all_employees | Line 34 | Admin get all employees  page arrived
2026-07-27 11:19:07,187 | INFO     | admin.py | get_all_teams | Line 50 | Admin get all teams  page arrived
2026-07-27 11:19:29,552 | INFO     | admin.py | get_all_employees | Line 34 | Admin get all employees  page arrived
2026-07-27 11:19:29,559 | INFO     | admin.py | get_all_teams | Line 50 | Admin get all teams  page arrived
2026-07-27 11:19:30,620 | INFO     | admin.py | get_all_employees | Line 34 | Admin get all employees  page arrived
2026-07-27 11:19:30,627 | INFO     | admin.py | get_all_teams | Line 50 | Admin get all teams  page arrived
2026-07-27 11:19:35,362 | INFO     | admin.py | get_all_employees | Line 34 | Admin get all employees  page arrived
2026-07-27 11:19:35,372 | INFO     | admin.py | get_all_teams | Line 50 | Admin get all teams  page arrived
2026-07-27 11:19:36,299 | INFO     | admin.py | get_all_employees | Line 34 | Admin get all employees  page arrived
2026-07-27 11:19:36,306 | INFO     | admin.py | get_all_teams | Line 50 | Admin get all teams  page arrived
2026-07-27 11:19:47,752 | INFO     | admin.py | get_all_employees | Line 34 | Admin get all employees  page arrived
2026-07-27 11:19:47,758 | INFO     | admin.py | get_all_teams | Line 50 | Admin get all teams  page arrived
2026-07-27 11:19:48,756 | INFO     | admin.py | get_all_employees | Line 34 | Admin get all employees  page arrived
2026-07-27 11:19:48,764 | INFO     | admin.py | get_all_teams | Line 50 | Admin get all teams  page arrived
2026-07-27 11:19:49,778 | INFO     | admin.py | get_all_employees | Line 34 | Admin get all employees  page arrived
2026-07-27 11:19:49,786 | INFO     | admin.py | get_all_teams | Line 50 | Admin get all teams  page arrived
2026-07-27 11:19:50,831 | INFO     | admin.py | get_all_employees | Line 34 | Admin get all employees  page arrived
2026-07-27 11:19:50,837 | INFO     | admin.py | get_all_teams | Line 50 | Admin get all teams  page arrived
2026-07-27 11:19:55,963 | INFO     | admin.py | get_all_employees | Line 34 | Admin get all employees  page arrived
2026-07-27 11:19:55,973 | INFO     | admin.py | get_all_teams | Line 50 | Admin get all teams  page arrived
2026-07-27 11:19:58,899 | INFO     | admin.py | get_all_employees | Line 34 | Admin get all employees  page arrived
2026-07-27 11:19:58,906 | INFO     | admin.py | get_all_teams | Line 50 | Admin get all teams  page arrived
2026-07-27 11:19:59,064 | INFO     | admin.py | get_all_employees | Line 34 | Admin get all employees  page arrived
2026-07-27 11:19:59,074 | INFO     | admin.py | get_all_teams | Line 50 | Admin get all teams  page arrived
2026-07-27 11:20:00,898 | INFO     | admin.py | get_all_employees | Line 34 | Admin get all employees  page arrived
2026-07-27 11:20:00,907 | INFO     | admin.py | get_all_teams | Line 50 | Admin get all teams  page arrived
2026-07-27 11:20:01,065 | INFO     | admin.py | get_all_employees | Line 34 | Admin get all employees  page arrived
2026-07-27 11:20:01,072 | INFO     | admin.py | get_all_teams | Line 50 | Admin get all teams  page arrived
2026-07-27 11:20:09,813 | INFO     | admin.py | get_all_employees | Line 34 | Admin get all employees  page arrived
2026-07-27 11:20:09,820 | INFO     | admin.py | get_all_teams | Line 50 | Admin get all teams  page arrived
2026-07-27 11:20:09,993 | INFO     | admin.py | get_all_employees | Line 34 | Admin get all employees  page arrived
2026-07-27 11:20:10,003 | INFO     | admin.py | get_all_teams | Line 50 | Admin get all teams  page arrived
2026-07-27 11:20:33,413 | INFO     | admin.py | get_all_employees | Line 34 | Admin get all employees  page arrived
2026-07-27 11:20:33,420 | INFO     | admin.py | get_all_teams | Line 50 | Admin get all teams  page arrived
2026-07-27 11:20:42,915 | INFO     | auth.py | login | Line 47 | Login post page arrived
2026-07-27 11:20:42,936 | ERROR    | auth.py | login | Line 106 | login post page request failed
2026-07-27 11:20:43,871 | INFO     | auth.py | login | Line 47 | Login post page arrived
2026-07-27 11:20:43,919 | ERROR    | auth.py | login | Line 106 | login post page request failed
2026-07-27 11:20:44,523 | INFO     | auth.py | login | Line 47 | Login post page arrived
2026-07-27 11:20:44,545 | ERROR    | auth.py | login | Line 106 | login post page request failed
2026-07-27 11:20:45,005 | INFO     | auth.py | login | Line 47 | Login post page arrived
2026-07-27 11:20:45,030 | ERROR    | auth.py | login | Line 106 | login post page request failed
2026-07-27 11:20:45,217 | INFO     | auth.py | login | Line 47 | Login post page arrived
2026-07-27 11:20:45,238 | ERROR    | auth.py | login | Line 106 | login post page request failed
2026-07-27 11:20:45,398 | INFO     | auth.py | login | Line 47 | Login post page arrived
2026-07-27 11:20:45,418 | ERROR    | auth.py | login | Line 106 | login post page request failed
2026-07-27 11:20:45,592 | INFO     | auth.py | login | Line 47 | Login post page arrived
2026-07-27 11:20:45,621 | ERROR    | auth.py | login | Line 106 | login post page request failed
2026-07-27 11:20:45,825 | INFO     | auth.py | login | Line 47 | Login post page arrived
2026-07-27 11:20:45,880 | ERROR    | auth.py | login | Line 106 | login post page request failed
2026-07-27 11:21:58,279 | INFO     | auth.py | login | Line 47 | Login post page arrived
2026-07-27 11:21:58,397 | INFO     | admin.py | get_all_employees | Line 34 | Admin get all employees  page arrived
2026-07-27 11:21:58,408 | INFO     | admin.py | get_all_teams | Line 50 | Admin get all teams  page arrived
2026-07-27 11:22:03,939 | INFO     | admin.py | get_all_employees | Line 34 | Admin get all employees  page arrived
2026-07-27 11:22:03,946 | INFO     | admin.py | get_all_teams | Line 50 | Admin get all teams  page arrived
2026-07-27 11:22:06,985 | INFO     | admin.py | get_all_employees | Line 34 | Admin get all employees  page arrived
2026-07-27 11:22:06,991 | INFO     | admin.py | get_all_teams | Line 50 | Admin get all teams  page arrived
2026-07-27 11:22:07,174 | INFO     | admin.py | get_all_employees | Line 34 | Admin get all employees  page arrived
2026-07-27 11:22:07,181 | INFO     | admin.py | get_all_teams | Line 50 | Admin get all teams  page arrived
2026-07-27 11:22:10,590 | INFO     | admin.py | get_all_employees | Line 34 | Admin get all employees  page arrived
2026-07-27 11:22:10,595 | INFO     | admin.py | get_all_teams | Line 50 | Admin get all teams  page arrived
2026-07-27 11:22:21,805 | INFO     | auth.py | login | Line 47 | Login post page arrived
2026-07-27 11:22:21,918 | INFO     | ticket.py | get_team_open_tickets | Line 76 | Admin get team open tickets page arrived
2026-07-27 11:22:21,933 | INFO     | ticket.py | get_assigned_tickets | Line 40 | Admin get assigned tickets page arrived
2026-07-27 11:23:20,082 | INFO     | ticket.py | get_team_open_tickets | Line 76 | Admin get team open tickets page arrived
2026-07-27 11:23:20,090 | INFO     | ticket.py | get_assigned_tickets | Line 40 | Admin get assigned tickets page arrived
2026-07-27 11:23:30,941 | INFO     | auth.py | login | Line 47 | Login post page arrived
2026-07-27 11:23:31,085 | INFO     | admin.py | get_all_employees | Line 34 | Admin get all employees  page arrived
2026-07-27 11:23:31,099 | INFO     | admin.py | get_all_teams | Line 50 | Admin get all teams  page arrived
2026-07-27 11:23:33,812 | INFO     | admin.py | get_all_employees | Line 34 | Admin get all employees  page arrived
2026-07-27 11:23:33,819 | INFO     | admin.py | get_all_teams | Line 50 | Admin get all teams  page arrived
2026-07-27 11:23:39,577 | INFO     | admin.py | get_all_employees | Line 34 | Admin get all employees  page arrived
2026-07-27 11:23:39,583 | INFO     | admin.py | get_all_teams | Line 50 | Admin get all teams  page arrived
2026-07-27 11:23:39,719 | INFO     | admin.py | get_all_employees | Line 34 | Admin get all employees  page arrived
2026-07-27 11:23:39,725 | INFO     | admin.py | get_all_teams | Line 50 | Admin get all teams  page arrived
2026-07-27 11:23:42,767 | INFO     | admin.py | get_all_employees | Line 34 | Admin get all employees  page arrived
2026-07-27 11:23:42,773 | INFO     | admin.py | get_all_teams | Line 50 | Admin get all teams  page arrived
2026-07-27 11:23:56,957 | INFO     | auth.py | login | Line 47 | Login post page arrived
2026-07-27 11:23:56,979 | ERROR    | auth.py | login | Line 106 | login post page request failed
2026-07-27 11:23:57,785 | INFO     | auth.py | login | Line 47 | Login post page arrived
2026-07-27 11:23:57,807 | ERROR    | auth.py | login | Line 106 | login post page request failed
2026-07-27 11:23:57,958 | INFO     | auth.py | login | Line 47 | Login post page arrived
2026-07-27 11:23:57,980 | ERROR    | auth.py | login | Line 106 | login post page request failed
2026-07-27 11:23:58,145 | INFO     | auth.py | login | Line 47 | Login post page arrived
2026-07-27 11:23:58,172 | ERROR    | auth.py | login | Line 106 | login post page request failed
2026-07-27 11:23:58,305 | INFO     | auth.py | login | Line 47 | Login post page arrived
2026-07-27 11:23:58,323 | ERROR    | auth.py | login | Line 106 | login post page request failed
2026-07-27 11:23:58,527 | INFO     | auth.py | login | Line 47 | Login post page arrived
2026-07-27 11:23:58,548 | ERROR    | auth.py | login | Line 106 | login post page request failed
2026-07-27 11:34:06,229 | INFO     | main.py | home | Line 36 | Home page arrived
2026-07-27 11:34:48,235 | INFO     | auth.py | login | Line 47 | Login post page arrived
2026-07-27 11:34:50,636 | INFO     | auth.py | login | Line 47 | Login post page arrived
2026-07-27 11:40:49,591 | INFO     | auth.py | login | Line 47 | Login post page arrived
2026-07-27 11:40:53,595 | INFO     | admin.py | get_all_employees | Line 34 | Admin get all employees  page arrived
2026-07-27 11:40:53,605 | INFO     | admin.py | get_all_teams | Line 50 | Admin get all teams  page arrived
2026-07-27 11:41:10,553 | INFO     | admin.py | get_all_employees | Line 34 | Admin get all employees  page arrived
2026-07-27 11:41:10,560 | INFO     | admin.py | get_all_teams | Line 50 | Admin get all teams  page arrived
2026-07-27 11:41:27,195 | INFO     | admin.py | get_all_employees | Line 34 | Admin get all employees  page arrived
2026-07-27 11:41:27,203 | INFO     | admin.py | get_all_teams | Line 50 | Admin get all teams  page arrived
2026-07-27 11:41:27,404 | INFO     | admin.py | get_all_employees | Line 34 | Admin get all employees  page arrived
2026-07-27 11:41:27,410 | INFO     | admin.py | get_all_teams | Line 50 | Admin get all teams  page arrived
2026-07-27 11:41:38,949 | INFO     | admin.py | get_all_employees | Line 34 | Admin get all employees  page arrived
2026-07-27 11:41:38,957 | INFO     | admin.py | get_all_teams | Line 50 | Admin get all teams  page arrived
2026-07-27 11:41:39,161 | INFO     | admin.py | get_all_employees | Line 34 | Admin get all employees  page arrived
2026-07-27 11:41:39,168 | INFO     | admin.py | get_all_teams | Line 50 | Admin get all teams  page arrived
2026-07-27 12:39:03,253 | INFO     | main.py | home | Line 36 | Home page arrived
2026-07-27 12:39:13,896 | INFO     | auth.py | login | Line 48 | Login post page arrived
2026-07-27 13:01:34,989 | INFO     | main.py | home | Line 36 | Home page arrived
2026-07-27 13:01:45,064 | INFO     | auth.py | login | Line 48 | Login post page arrived
2026-07-27 13:01:46,346 | INFO     | admin.py | get_all_employees | Line 36 | Admin get all employees page arrived
2026-07-27 13:01:46,362 | INFO     | admin.py | get_all_teams | Line 66 | Admin get all teams  page arrived
2026-07-27 13:01:46,386 | INFO     | ticket.py | get_open_ticket_count | Line 299 | Get open ticket count
2026-07-27 13:01:46,410 | INFO     | customer.py | get_customer_count | Line 94 | get customer count
2026-07-27 13:02:19,363 | INFO     | admin.py | get_all_employees | Line 36 | Admin get all employees page arrived
2026-07-27 13:02:19,373 | INFO     | admin.py | get_all_teams | Line 66 | Admin get all teams  page arrived
2026-07-27 13:02:19,380 | INFO     | ticket.py | get_open_ticket_count | Line 299 | Get open ticket count
2026-07-27 13:02:19,389 | INFO     | customer.py | get_customer_count | Line 94 | get customer count
2026-07-27 13:02:25,965 | INFO     | auth.py | login | Line 48 | Login post page arrived
2026-07-27 13:02:26,059 | INFO     | admin.py | get_all_employees | Line 36 | Admin get all employees page arrived
2026-07-27 13:02:26,076 | INFO     | admin.py | get_all_teams | Line 66 | Admin get all teams  page arrived
2026-07-27 13:02:26,087 | INFO     | ticket.py | get_open_ticket_count | Line 299 | Get open ticket count
2026-07-27 13:02:26,094 | INFO     | customer.py | get_customer_count | Line 94 | get customer count
2026-07-27 13:02:45,460 | INFO     | admin.py | get_all_employees | Line 36 | Admin get all employees page arrived
2026-07-27 13:02:45,471 | INFO     | admin.py | get_all_teams | Line 66 | Admin get all teams  page arrived
2026-07-27 13:02:45,479 | INFO     | ticket.py | get_open_ticket_count | Line 299 | Get open ticket count
2026-07-27 13:02:45,485 | INFO     | customer.py | get_customer_count | Line 94 | get customer count
2026-07-27 13:02:53,885 | INFO     | auth.py | login | Line 48 | Login post page arrived
2026-07-27 13:02:53,993 | INFO     | ticket.py | get_team_open_tickets | Line 74 | Admin get team open tickets page arrived
2026-07-27 13:02:54,021 | INFO     | ticket.py | get_assigned_tickets | Line 40 | Admin get assigned tickets page arrived
2026-07-27 13:06:25,311 | INFO     | main.py | home | Line 36 | Home page arrived
2026-07-27 13:07:34,250 | INFO     | auth.py | login | Line 48 | Login post page arrived
2026-07-27 13:07:34,478 | INFO     | ticket.py | get_team_open_tickets | Line 74 | Admin get team open tickets page arrived
2026-07-27 13:07:34,499 | INFO     | ticket.py | get_assigned_tickets | Line 40 | Admin get assigned tickets page arrived
2026-07-27 13:08:00,428 | INFO     | ticket.py | get_team_open_tickets | Line 74 | Admin get team open tickets page arrived
2026-07-27 13:08:00,436 | INFO     | ticket.py | get_assigned_tickets | Line 40 | Admin get assigned tickets page arrived
2026-07-27 13:08:03,004 | INFO     | ticket.py | get_team_open_tickets | Line 74 | Admin get team open tickets page arrived
2026-07-27 13:08:03,014 | INFO     | ticket.py | get_assigned_tickets | Line 40 | Admin get assigned tickets page arrived
2026-07-27 13:08:05,725 | INFO     | ticket.py | get_team_open_tickets | Line 74 | Admin get team open tickets page arrived
2026-07-27 13:08:05,734 | INFO     | ticket.py | get_assigned_tickets | Line 40 | Admin get assigned tickets page arrived
2026-07-27 13:08:07,091 | INFO     | ticket.py | get_team_open_tickets | Line 74 | Admin get team open tickets page arrived
2026-07-27 13:08:07,098 | INFO     | ticket.py | get_assigned_tickets | Line 40 | Admin get assigned tickets page arrived
2026-07-27 13:08:11,444 | INFO     | ticket.py | get_team_open_tickets | Line 74 | Admin get team open tickets page arrived
2026-07-27 13:08:11,452 | INFO     | ticket.py | get_assigned_tickets | Line 40 | Admin get assigned tickets page arrived
2026-07-27 13:08:23,470 | INFO     | ticket.py | get_team_open_tickets | Line 74 | Admin get team open tickets page arrived
2026-07-27 13:08:23,477 | INFO     | ticket.py | get_assigned_tickets | Line 40 | Admin get assigned tickets page arrived
2026-07-27 13:08:30,344 | INFO     | auth.py | login | Line 48 | Login post page arrived
2026-07-27 13:08:30,470 | INFO     | admin.py | get_all_employees | Line 36 | Admin get all employees page arrived
2026-07-27 13:08:30,488 | INFO     | admin.py | get_all_teams | Line 66 | Admin get all teams  page arrived
2026-07-27 13:08:30,501 | INFO     | ticket.py | get_open_ticket_count | Line 299 | Get open ticket count
2026-07-27 13:08:30,519 | INFO     | customer.py | get_customer_count | Line 94 | get customer count
2026-07-27 13:08:34,276 | INFO     | admin.py | get_all_employees | Line 36 | Admin get all employees page arrived
2026-07-27 13:08:34,287 | INFO     | admin.py | get_all_teams | Line 66 | Admin get all teams  page arrived
2026-07-27 13:08:34,294 | INFO     | ticket.py | get_open_ticket_count | Line 299 | Get open ticket count
2026-07-27 13:08:34,304 | INFO     | customer.py | get_customer_count | Line 94 | get customer count
2026-07-27 13:08:35,318 | INFO     | admin.py | get_all_employees | Line 36 | Admin get all employees page arrived
2026-07-27 13:08:35,328 | INFO     | admin.py | get_all_teams | Line 66 | Admin get all teams  page arrived
2026-07-27 13:08:35,334 | INFO     | ticket.py | get_open_ticket_count | Line 299 | Get open ticket count
2026-07-27 13:08:35,342 | INFO     | customer.py | get_customer_count | Line 94 | get customer count
2026-07-27 13:08:36,582 | INFO     | admin.py | get_all_employees | Line 36 | Admin get all employees page arrived
2026-07-27 13:08:36,593 | INFO     | admin.py | get_all_teams | Line 66 | Admin get all teams  page arrived
2026-07-27 13:08:36,600 | INFO     | ticket.py | get_open_ticket_count | Line 299 | Get open ticket count
2026-07-27 13:08:36,609 | INFO     | customer.py | get_customer_count | Line 94 | get customer count
2026-07-27 13:08:37,566 | INFO     | admin.py | get_all_employees | Line 36 | Admin get all employees page arrived
2026-07-27 13:08:37,579 | INFO     | admin.py | get_all_teams | Line 66 | Admin get all teams  page arrived
2026-07-27 13:08:37,585 | INFO     | ticket.py | get_open_ticket_count | Line 299 | Get open ticket count
2026-07-27 13:08:37,592 | INFO     | customer.py | get_customer_count | Line 94 | get customer count
2026-07-27 13:08:40,210 | INFO     | admin.py | get_all_employees | Line 36 | Admin get all employees page arrived
2026-07-27 13:08:40,221 | INFO     | admin.py | get_all_teams | Line 66 | Admin get all teams  page arrived
2026-07-27 13:08:40,227 | INFO     | ticket.py | get_open_ticket_count | Line 299 | Get open ticket count
2026-07-27 13:08:40,233 | INFO     | customer.py | get_customer_count | Line 94 | get customer count
2026-07-27 13:08:52,587 | INFO     | auth.py | login | Line 48 | Login post page arrived
2026-07-27 13:08:54,079 | INFO     | auth.py | login | Line 48 | Login post page arrived
2026-07-27 13:09:04,660 | INFO     | auth.py | login | Line 48 | Login post page arrived
2026-07-27 13:18:20,772 | INFO     | auth.py | login | Line 48 | Login post page arrived
2026-07-27 13:31:15,403 | INFO     | main.py | <module> | Line 57 | Starting Smart Support Desk API...
2026-07-27 13:32:31,710 | INFO     | main.py | <module> | Line 57 | Starting Smart Support Desk API...
2026-07-27 14:36:00,196 | INFO     | main.py | home | Line 29 | Home page arrived
2026-07-27 14:36:12,850 | INFO     | auth.py | login | Line 48 | Login post page arrived
2026-07-27 14:36:14,371 | INFO     | admin.py | get_all_employees | Line 36 | Admin get all employees page arrived
2026-07-27 14:36:14,385 | INFO     | admin.py | get_all_teams | Line 60 | Admin get all teams page arrived
2026-07-27 14:36:14,407 | INFO     | ticket.py | get_open_ticket_count | Line 299 | Get open ticket count
2026-07-27 14:36:14,432 | INFO     | customer.py | get_customer_count | Line 94 | get customer count
2026-07-27 14:36:18,450 | INFO     | admin.py | get_all_employees | Line 36 | Admin get all employees page arrived
2026-07-27 14:36:18,462 | INFO     | admin.py | get_all_teams | Line 60 | Admin get all teams page arrived
2026-07-27 14:36:18,470 | INFO     | ticket.py | get_open_ticket_count | Line 299 | Get open ticket count
2026-07-27 14:36:18,479 | INFO     | customer.py | get_customer_count | Line 94 | get customer count
2026-07-27 14:36:22,973 | INFO     | admin.py | get_all_employees | Line 36 | Admin get all employees page arrived
2026-07-27 14:36:22,984 | INFO     | admin.py | get_all_teams | Line 60 | Admin get all teams page arrived
2026-07-27 14:36:22,991 | INFO     | ticket.py | get_open_ticket_count | Line 299 | Get open ticket count
2026-07-27 14:36:22,999 | INFO     | customer.py | get_customer_count | Line 94 | get customer count
2026-07-27 14:36:29,065 | INFO     | admin.py | get_all_employees | Line 36 | Admin get all employees page arrived
2026-07-27 14:36:29,078 | INFO     | admin.py | get_all_teams | Line 60 | Admin get all teams page arrived
2026-07-27 14:36:29,091 | INFO     | ticket.py | get_open_ticket_count | Line 299 | Get open ticket count
2026-07-27 14:36:29,100 | INFO     | customer.py | get_customer_count | Line 94 | get customer count
2026-07-27 14:36:33,002 | INFO     | admin.py | get_all_employees | Line 36 | Admin get all employees page arrived
2026-07-27 14:36:33,014 | INFO     | admin.py | get_all_teams | Line 60 | Admin get all teams page arrived
2026-07-27 14:36:33,024 | INFO     | ticket.py | get_open_ticket_count | Line 299 | Get open ticket count
2026-07-27 14:36:33,032 | INFO     | customer.py | get_customer_count | Line 94 | get customer count
2026-07-27 14:36:36,582 | INFO     | admin.py | get_all_employees | Line 36 | Admin get all employees page arrived
2026-07-27 14:36:36,591 | INFO     | admin.py | get_all_teams | Line 60 | Admin get all teams page arrived
2026-07-27 14:36:36,596 | INFO     | ticket.py | get_open_ticket_count | Line 299 | Get open ticket count
2026-07-27 14:36:36,602 | INFO     | customer.py | get_customer_count | Line 94 | get customer count
2026-07-27 14:36:43,945 | INFO     | auth.py | login | Line 48 | Login post page arrived
2026-07-27 14:36:44,082 | INFO     | ticket.py | get_team_open_tickets | Line 74 | Admin get team open tickets page arrived
2026-07-27 14:36:44,101 | INFO     | ticket.py | get_assigned_tickets | Line 40 | Admin get assigned tickets page arrived
2026-07-27 14:36:50,999 | INFO     | ticket.py | get_team_open_tickets | Line 74 | Admin get team open tickets page arrived
2026-07-27 14:36:51,008 | INFO     | ticket.py | get_assigned_tickets | Line 40 | Admin get assigned tickets page arrived
2026-07-27 14:37:17,412 | INFO     | auth.py | login | Line 48 | Login post page arrived
2026-07-27 14:45:57,137 | INFO     | customer.py | get_all_teams | Line 107 | customer get all teams page arrived
2026-07-27 14:45:57,169 | INFO     | ticket.py | get_customer_tickets | Line 108 | Admin get customer tickets page arrived
2026-07-27 14:46:49,225 | INFO     | customer.py | get_all_teams | Line 107 | customer get all teams page arrived
2026-07-27 14:46:49,241 | INFO     | ticket.py | create_ticket | Line 147 | Admin create ticket page arrived
2026-07-27 14:46:49,391 | INFO     | customer.py | get_all_teams | Line 107 | customer get all teams page arrived
2026-07-27 14:46:49,406 | INFO     | ticket.py | get_customer_tickets | Line 108 | Admin get customer tickets page arrived
2026-07-27 14:47:00,766 | INFO     | customer.py | get_all_teams | Line 107 | customer get all teams page arrived
2026-07-27 14:47:00,776 | INFO     | ticket.py | get_customer_tickets | Line 108 | Admin get customer tickets page arrived
2026-07-27 14:47:59,873 | INFO     | auth.py | login | Line 48 | Login post page arrived
2026-07-27 14:48:00,028 | INFO     | ticket.py | get_team_open_tickets | Line 74 | Admin get team open tickets page arrived
2026-07-27 14:48:00,055 | INFO     | ticket.py | get_assigned_tickets | Line 40 | Admin get assigned tickets page arrived
2026-07-27 14:48:08,512 | INFO     | ticket.py | get_team_open_tickets | Line 74 | Admin get team open tickets page arrived
2026-07-27 14:48:08,525 | INFO     | ticket.py | get_assigned_tickets | Line 40 | Admin get assigned tickets page arrived
2026-07-27 14:48:22,304 | INFO     | auth.py | login | Line 48 | Login post page arrived
2026-07-27 14:48:22,428 | INFO     | admin.py | get_all_employees | Line 36 | Admin get all employees page arrived
2026-07-27 14:48:22,448 | INFO     | admin.py | get_all_teams | Line 60 | Admin get all teams page arrived
2026-07-27 14:48:22,462 | INFO     | ticket.py | get_open_ticket_count | Line 299 | Get open ticket count
2026-07-27 14:48:22,473 | INFO     | customer.py | get_customer_count | Line 95 | get customer count
2026-07-27 14:49:47,444 | INFO     | admin.py | get_all_employees | Line 36 | Admin get all employees page arrived
2026-07-27 14:49:47,457 | INFO     | admin.py | get_all_teams | Line 60 | Admin get all teams page arrived
2026-07-27 14:49:47,465 | INFO     | ticket.py | get_open_ticket_count | Line 299 | Get open ticket count
2026-07-27 14:49:47,482 | INFO     | customer.py | get_customer_count | Line 95 | get customer count
2026-07-27 14:49:48,670 | INFO     | admin.py | get_all_employees | Line 36 | Admin get all employees page arrived
2026-07-27 14:49:48,680 | INFO     | admin.py | get_all_teams | Line 60 | Admin get all teams page arrived
2026-07-27 14:49:48,685 | INFO     | ticket.py | get_open_ticket_count | Line 299 | Get open ticket count
2026-07-27 14:49:48,691 | INFO     | customer.py | get_customer_count | Line 95 | get customer count
2026-07-27 14:49:50,858 | INFO     | admin.py | get_all_employees | Line 36 | Admin get all employees page arrived
2026-07-27 14:49:50,867 | INFO     | admin.py | get_all_teams | Line 60 | Admin get all teams page arrived
2026-07-27 14:49:50,874 | INFO     | ticket.py | get_open_ticket_count | Line 299 | Get open ticket count
2026-07-27 14:49:50,883 | INFO     | customer.py | get_customer_count | Line 95 | get customer count
2026-07-27 14:49:54,220 | INFO     | admin.py | get_all_employees | Line 36 | Admin get all employees page arrived
2026-07-27 14:49:54,233 | INFO     | admin.py | get_all_teams | Line 60 | Admin get all teams page arrived
2026-07-27 14:49:54,254 | INFO     | ticket.py | get_open_ticket_count | Line 299 | Get open ticket count
2026-07-27 14:49:54,261 | INFO     | customer.py | get_customer_count | Line 95 | get customer count
2026-07-27 14:51:14,605 | INFO     | main.py | home | Line 29 | Home page arrived
2026-07-27 14:53:07,388 | INFO     | auth.py | login | Line 48 | Login post page arrived
2026-07-27 14:53:07,597 | INFO     | admin.py | get_all_employees | Line 36 | Admin get all employees page arrived
2026-07-27 14:53:07,611 | INFO     | admin.py | get_all_teams | Line 60 | Admin get all teams page arrived
2026-07-27 14:53:07,615 | ERROR    | admin.py | get_all_teams | Line 67 | Admin get all teams failed
Traceback (most recent call last):
  File "C:\Users\harsh\Desktop\AI ML DS\Fast_Api_course\SMART_SUPPORT_DESK\Backend\routers\admin.py", line 61, in get_all_teams
    return db.query(Team).all().sort("id")
           ~~~~~~~~~~~~~~~~~~~~~~~~~^^^^^^
TypeError: sort() takes no positional arguments
2026-07-27 14:53:07,633 | INFO     | ticket.py | get_open_ticket_count | Line 299 | Get open ticket count
2026-07-27 14:53:07,660 | INFO     | customer.py | get_customer_count | Line 95 | get customer count
2026-07-27 14:53:14,920 | INFO     | admin.py | get_all_employees | Line 36 | Admin get all employees page arrived
2026-07-27 14:53:14,931 | INFO     | admin.py | get_all_teams | Line 60 | Admin get all teams page arrived
2026-07-27 14:53:14,933 | ERROR    | admin.py | get_all_teams | Line 67 | Admin get all teams failed
Traceback (most recent call last):
  File "C:\Users\harsh\Desktop\AI ML DS\Fast_Api_course\SMART_SUPPORT_DESK\Backend\routers\admin.py", line 61, in get_all_teams
    return db.query(Team).all().sort("id")
           ~~~~~~~~~~~~~~~~~~~~~~~~~^^^^^^
TypeError: sort() takes no positional arguments
2026-07-27 14:53:14,940 | INFO     | ticket.py | get_open_ticket_count | Line 299 | Get open ticket count
2026-07-27 14:53:14,948 | INFO     | customer.py | get_customer_count | Line 95 | get customer count
2026-07-27 14:53:15,749 | INFO     | admin.py | get_all_employees | Line 36 | Admin get all employees page arrived
2026-07-27 14:53:15,762 | INFO     | admin.py | get_all_teams | Line 60 | Admin get all teams page arrived
2026-07-27 14:53:15,764 | ERROR    | admin.py | get_all_teams | Line 67 | Admin get all teams failed
Traceback (most recent call last):
  File "C:\Users\harsh\Desktop\AI ML DS\Fast_Api_course\SMART_SUPPORT_DESK\Backend\routers\admin.py", line 61, in get_all_teams
    return db.query(Team).all().sort("id")
           ~~~~~~~~~~~~~~~~~~~~~~~~~^^^^^^
TypeError: sort() takes no positional arguments
2026-07-27 14:53:15,770 | INFO     | ticket.py | get_open_ticket_count | Line 299 | Get open ticket count
2026-07-27 14:53:15,777 | INFO     | customer.py | get_customer_count | Line 95 | get customer count
2026-07-27 14:53:43,116 | INFO     | main.py | home | Line 29 | Home page arrived
2026-07-27 14:53:50,112 | INFO     | auth.py | login | Line 48 | Login post page arrived
2026-07-27 14:53:50,317 | INFO     | admin.py | get_all_employees | Line 36 | Admin get all employees page arrived
2026-07-27 14:53:50,332 | INFO     | admin.py | get_all_teams | Line 60 | Admin get all teams page arrived
2026-07-27 14:53:50,346 | INFO     | ticket.py | get_open_ticket_count | Line 299 | Get open ticket count
2026-07-27 14:53:50,368 | INFO     | customer.py | get_customer_count | Line 95 | get customer count
2026-07-27 14:53:54,880 | INFO     | admin.py | get_all_employees | Line 36 | Admin get all employees page arrived
2026-07-27 14:53:54,893 | INFO     | admin.py | get_all_teams | Line 60 | Admin get all teams page arrived
2026-07-27 14:53:54,900 | INFO     | ticket.py | get_open_ticket_count | Line 299 | Get open ticket count
2026-07-27 14:53:54,908 | INFO     | customer.py | get_customer_count | Line 95 | get customer count
2026-07-27 14:53:55,906 | INFO     | admin.py | get_all_employees | Line 36 | Admin get all employees page arrived
2026-07-27 14:53:55,919 | INFO     | admin.py | get_all_teams | Line 60 | Admin get all teams page arrived
2026-07-27 14:53:55,927 | INFO     | ticket.py | get_open_ticket_count | Line 299 | Get open ticket count
2026-07-27 14:53:55,937 | INFO     | customer.py | get_customer_count | Line 95 | get customer count
2026-07-27 14:53:56,963 | INFO     | admin.py | get_all_employees | Line 36 | Admin get all employees page arrived
2026-07-27 14:53:56,974 | INFO     | admin.py | get_all_teams | Line 60 | Admin get all teams page arrived
2026-07-27 14:53:56,984 | INFO     | ticket.py | get_open_ticket_count | Line 299 | Get open ticket count
2026-07-27 14:53:56,991 | INFO     | customer.py | get_customer_count | Line 95 | get customer count
2026-07-27 14:53:58,399 | INFO     | admin.py | get_all_employees | Line 36 | Admin get all employees page arrived
2026-07-27 14:53:58,412 | INFO     | admin.py | get_all_teams | Line 60 | Admin get all teams page arrived
2026-07-27 14:53:58,419 | INFO     | ticket.py | get_open_ticket_count | Line 299 | Get open ticket count
2026-07-27 14:53:58,430 | INFO     | customer.py | get_customer_count | Line 95 | get customer count
2026-07-27 14:54:00,368 | INFO     | admin.py | get_all_employees | Line 36 | Admin get all employees page arrived
2026-07-27 14:54:00,378 | INFO     | admin.py | get_all_teams | Line 60 | Admin get all teams page arrived
2026-07-27 14:54:00,385 | INFO     | ticket.py | get_open_ticket_count | Line 299 | Get open ticket count
2026-07-27 14:54:00,391 | INFO     | customer.py | get_customer_count | Line 95 | get customer count
2026-07-27 14:54:01,447 | INFO     | admin.py | get_all_employees | Line 36 | Admin get all employees page arrived
2026-07-27 14:54:01,465 | INFO     | admin.py | get_all_teams | Line 60 | Admin get all teams page arrived
2026-07-27 14:54:01,475 | INFO     | ticket.py | get_open_ticket_count | Line 299 | Get open ticket count
2026-07-27 14:54:01,483 | INFO     | customer.py | get_customer_count | Line 95 | get customer count
2026-07-27 14:54:56,046 | INFO     | admin.py | get_all_employees | Line 36 | Admin get all employees page arrived
2026-07-27 14:54:56,056 | INFO     | admin.py | get_all_teams | Line 60 | Admin get all teams page arrived
2026-07-27 14:54:56,065 | INFO     | ticket.py | get_open_ticket_count | Line 299 | Get open ticket count
2026-07-27 14:54:56,072 | INFO     | customer.py | get_customer_count | Line 95 | get customer count
2026-07-27 14:56:41,138 | INFO     | auth.py | login | Line 48 | Login post page arrived
2026-07-27 14:56:41,251 | INFO     | admin.py | get_all_employees | Line 36 | Admin get all employees page arrived
2026-07-27 14:56:41,263 | INFO     | admin.py | get_all_teams | Line 60 | Admin get all teams page arrived
2026-07-27 14:56:41,270 | INFO     | ticket.py | get_open_ticket_count | Line 299 | Get open ticket count
2026-07-27 14:56:41,280 | INFO     | customer.py | get_customer_count | Line 95 | get customer count
2026-07-27 14:56:45,281 | INFO     | admin.py | get_all_employees | Line 36 | Admin get all employees page arrived
2026-07-27 14:56:45,289 | INFO     | admin.py | get_all_teams | Line 60 | Admin get all teams page arrived
2026-07-27 14:56:45,294 | INFO     | ticket.py | get_open_ticket_count | Line 299 | Get open ticket count
2026-07-27 14:56:45,300 | INFO     | customer.py | get_customer_count | Line 95 | get customer count
2026-07-27 14:58:26,243 | INFO     | auth.py | login | Line 48 | Login post page arrived
2026-07-27 14:58:26,364 | INFO     | admin.py | get_all_employees | Line 36 | Admin get all employees page arrived
2026-07-27 14:58:26,376 | INFO     | admin.py | get_all_teams | Line 60 | Admin get all teams page arrived
2026-07-27 14:58:26,383 | INFO     | ticket.py | get_open_ticket_count | Line 299 | Get open ticket count
2026-07-27 14:58:26,389 | INFO     | customer.py | get_customer_count | Line 95 | get customer count
2026-07-27 14:58:46,871 | INFO     | admin.py | get_all_employees | Line 36 | Admin get all employees page arrived
2026-07-27 14:58:46,878 | INFO     | admin.py | get_all_teams | Line 60 | Admin get all teams page arrived
2026-07-27 14:58:46,883 | INFO     | ticket.py | get_open_ticket_count | Line 299 | Get open ticket count
2026-07-27 14:58:46,893 | INFO     | customer.py | get_customer_count | Line 95 | get customer count
2026-07-27 15:01:56,522 | INFO     | auth.py | login | Line 48 | Login post page arrived
2026-07-27 15:01:56,671 | INFO     | admin.py | get_all_employees | Line 36 | Admin get all employees page arrived
2026-07-27 15:01:56,687 | INFO     | admin.py | get_all_teams | Line 60 | Admin get all teams page arrived
2026-07-27 15:01:56,698 | INFO     | ticket.py | get_open_ticket_count | Line 299 | Get open ticket count
2026-07-27 15:01:56,707 | INFO     | customer.py | get_customer_count | Line 95 | get customer count
2026-07-27 15:02:01,154 | INFO     | admin.py | get_all_employees | Line 36 | Admin get all employees page arrived
2026-07-27 15:02:01,168 | INFO     | admin.py | get_all_teams | Line 60 | Admin get all teams page arrived
2026-07-27 15:02:01,175 | INFO     | ticket.py | get_open_ticket_count | Line 299 | Get open ticket count
2026-07-27 15:02:01,182 | INFO     | customer.py | get_customer_count | Line 95 | get customer count
2026-07-27 15:02:18,428 | INFO     | admin.py | get_all_employees | Line 36 | Admin get all employees page arrived
2026-07-27 15:02:18,438 | INFO     | admin.py | get_all_teams | Line 60 | Admin get all teams page arrived
2026-07-27 15:02:18,443 | INFO     | ticket.py | get_open_ticket_count | Line 299 | Get open ticket count
2026-07-27 15:02:18,449 | INFO     | customer.py | get_customer_count | Line 95 | get customer count
2026-07-27 15:02:20,520 | INFO     | admin.py | get_all_employees | Line 36 | Admin get all employees page arrived
2026-07-27 15:02:20,528 | INFO     | admin.py | get_all_teams | Line 60 | Admin get all teams page arrived
2026-07-27 15:02:20,533 | INFO     | ticket.py | get_open_ticket_count | Line 299 | Get open ticket count
2026-07-27 15:02:20,538 | INFO     | customer.py | get_customer_count | Line 95 | get customer count
2026-07-27 15:02:21,534 | INFO     | admin.py | get_all_employees | Line 36 | Admin get all employees page arrived
2026-07-27 15:02:21,544 | INFO     | admin.py | get_all_teams | Line 60 | Admin get all teams page arrived
2026-07-27 15:02:21,549 | INFO     | ticket.py | get_open_ticket_count | Line 299 | Get open ticket count
2026-07-27 15:02:21,555 | INFO     | customer.py | get_customer_count | Line 95 | get customer count
2026-07-27 15:02:24,543 | INFO     | admin.py | get_all_employees | Line 36 | Admin get all employees page arrived
2026-07-27 15:02:24,552 | INFO     | admin.py | get_all_teams | Line 60 | Admin get all teams page arrived
2026-07-27 15:02:24,557 | INFO     | ticket.py | get_open_ticket_count | Line 299 | Get open ticket count
2026-07-27 15:02:24,571 | INFO     | customer.py | get_customer_count | Line 95 | get customer count
2026-07-27 15:14:46,325 | INFO     | main.py | home | Line 29 | Home page arrived
2026-07-27 15:14:56,203 | INFO     | auth.py | login | Line 48 | Login post page arrived
2026-07-27 15:14:56,430 | INFO     | admin.py | get_all_employees | Line 36 | Admin get all employees page arrived
2026-07-27 15:14:56,444 | INFO     | admin.py | get_all_teams | Line 60 | Admin get all teams page arrived
2026-07-27 15:14:56,459 | INFO     | ticket.py | get_open_ticket_count | Line 301 | Get open ticket count
2026-07-27 15:14:56,513 | INFO     | customer.py | get_customer_count | Line 95 | get customer count
2026-07-27 15:15:26,318 | INFO     | admin.py | get_all_employees | Line 36 | Admin get all employees page arrived
2026-07-27 15:15:26,328 | INFO     | admin.py | get_all_teams | Line 60 | Admin get all teams page arrived
2026-07-27 15:15:26,333 | INFO     | ticket.py | get_open_ticket_count | Line 301 | Get open ticket count
2026-07-27 15:15:26,349 | INFO     | customer.py | get_customer_count | Line 95 | get customer count
2026-07-27 15:16:24,569 | INFO     | admin.py | get_all_employees | Line 36 | Admin get all employees page arrived
2026-07-27 15:16:24,583 | INFO     | admin.py | get_all_teams | Line 60 | Admin get all teams page arrived
2026-07-27 15:16:24,593 | INFO     | ticket.py | get_open_ticket_count | Line 301 | Get open ticket count
2026-07-27 15:16:24,615 | INFO     | customer.py | get_customer_count | Line 95 | get customer count
2026-07-27 15:16:35,070 | INFO     | admin.py | get_all_employees | Line 36 | Admin get all employees page arrived
2026-07-27 15:16:35,113 | INFO     | admin.py | get_all_teams | Line 60 | Admin get all teams page arrived
2026-07-27 15:16:35,142 | INFO     | ticket.py | get_open_ticket_count | Line 301 | Get open ticket count
2026-07-27 15:16:35,208 | INFO     | customer.py | get_customer_count | Line 95 | get customer count
2026-07-27 15:17:22,171 | INFO     | auth.py | login | Line 48 | Login post page arrived
2026-07-27 15:17:22,323 | INFO     | admin.py | get_all_employees | Line 36 | Admin get all employees page arrived
2026-07-27 15:17:22,347 | INFO     | admin.py | get_all_teams | Line 60 | Admin get all teams page arrived
2026-07-27 15:17:22,368 | INFO     | ticket.py | get_open_ticket_count | Line 301 | Get open ticket count
2026-07-27 15:17:22,393 | INFO     | customer.py | get_customer_count | Line 95 | get customer count
2026-07-27 15:23:40,977 | INFO     | auth.py | login | Line 48 | Login post page arrived
2026-07-27 15:23:41,167 | INFO     | customer.py | get_all_teams | Line 107 | customer get all teams page arrived
2026-07-27 15:23:41,190 | INFO     | ticket.py | get_customer_tickets | Line 110 | Admin get customer tickets page arrived
2026-07-27 15:23:50,314 | INFO     | customer.py | update_customer_profile | Line 46 | update customer profile arrived
2026-07-27 15:23:50,406 | INFO     | customer.py | update_customer_profile | Line 64 | update customer tarunn patel
2026-07-27 15:23:50,482 | INFO     | customer.py | get_all_teams | Line 107 | customer get all teams page arrived
2026-07-27 15:23:50,491 | INFO     | ticket.py | get_customer_tickets | Line 110 | Admin get customer tickets page arrived
2026-07-27 15:24:13,686 | INFO     | customer.py | update_customer_profile | Line 46 | update customer profile arrived
2026-07-27 15:24:13,701 | INFO     | customer.py | update_customer_profile | Line 64 | update customer tarunn patel
2026-07-27 15:24:13,827 | INFO     | customer.py | get_all_teams | Line 107 | customer get all teams page arrived
2026-07-27 15:24:13,840 | INFO     | ticket.py | get_customer_tickets | Line 110 | Admin get customer tickets page arrived
2026-07-27 15:54:19,482 | INFO     | auth.py | login | Line 48 | Login post page arrived
2026-07-27 15:54:19,723 | INFO     | admin.py | get_all_employees | Line 36 | Admin get all employees page arrived
2026-07-27 15:54:19,742 | INFO     | admin.py | get_all_teams | Line 60 | Admin get all teams page arrived
2026-07-27 15:54:19,763 | INFO     | ticket.py | get_open_ticket_count | Line 283 | Get open ticket count
2026-07-27 15:54:19,829 | INFO     | customer.py | get_customer_count | Line 95 | get customer count
2026-07-27 15:54:25,732 | INFO     | admin.py | get_all_employees | Line 36 | Admin get all employees page arrived
2026-07-27 15:54:25,742 | INFO     | admin.py | get_all_teams | Line 60 | Admin get all teams page arrived
2026-07-27 15:54:25,750 | INFO     | ticket.py | get_open_ticket_count | Line 283 | Get open ticket count
2026-07-27 15:54:25,777 | INFO     | customer.py | get_customer_count | Line 95 | get customer count
2026-07-27 15:54:27,605 | INFO     | admin.py | get_all_employees | Line 36 | Admin get all employees page arrived
2026-07-27 15:54:27,615 | INFO     | admin.py | get_all_teams | Line 60 | Admin get all teams page arrived
2026-07-27 15:54:27,620 | INFO     | ticket.py | get_open_ticket_count | Line 283 | Get open ticket count
2026-07-27 15:54:27,642 | INFO     | customer.py | get_customer_count | Line 95 | get customer count
2026-07-27 15:54:30,977 | INFO     | admin.py | get_all_employees | Line 36 | Admin get all employees page arrived
2026-07-27 15:54:30,988 | INFO     | admin.py | get_all_teams | Line 60 | Admin get all teams page arrived
2026-07-27 15:54:30,994 | INFO     | ticket.py | get_open_ticket_count | Line 283 | Get open ticket count
2026-07-27 15:54:31,015 | INFO     | customer.py | get_customer_count | Line 95 | get customer count
2026-07-27 16:10:43,168 | INFO     | auth.py | login | Line 48 | Login post page arrived
2026-07-27 16:10:43,322 | INFO     | admin.py | get_all_employees | Line 36 | Admin get all employees page arrived
2026-07-27 16:10:43,337 | INFO     | admin.py | get_all_teams | Line 60 | Admin get all teams page arrived
2026-07-27 16:10:43,347 | INFO     | ticket.py | get_open_ticket_count | Line 283 | Get open ticket count
2026-07-27 16:10:43,372 | INFO     | customer.py | get_customer_count | Line 95 | get customer count
2026-07-27 16:10:48,146 | INFO     | admin.py | get_all_employees | Line 36 | Admin get all employees page arrived
2026-07-27 16:10:48,159 | INFO     | admin.py | get_all_teams | Line 60 | Admin get all teams page arrived
2026-07-27 16:10:48,170 | INFO     | ticket.py | get_open_ticket_count | Line 283 | Get open ticket count
2026-07-27 16:10:48,195 | INFO     | customer.py | get_customer_count | Line 95 | get customer count
2026-07-27 16:11:28,724 | INFO     | admin.py | get_all_employees | Line 36 | Admin get all employees page arrived
2026-07-27 16:11:28,734 | INFO     | admin.py | get_all_teams | Line 60 | Admin get all teams page arrived
2026-07-27 16:11:28,739 | INFO     | ticket.py | get_open_ticket_count | Line 283 | Get open ticket count
2026-07-27 16:11:28,765 | INFO     | customer.py | get_customer_count | Line 95 | get customer count
2026-07-27 16:11:28,896 | INFO     | admin.py | change_employee_status | Line 329 | Admin change employee status page arrived
2026-07-27 16:11:29,072 | INFO     | admin.py | get_all_employees | Line 36 | Admin get all employees page arrived
2026-07-27 16:11:29,087 | INFO     | admin.py | get_all_teams | Line 60 | Admin get all teams page arrived
2026-07-27 16:11:29,096 | INFO     | ticket.py | get_open_ticket_count | Line 283 | Get open ticket count
2026-07-27 16:11:29,117 | INFO     | customer.py | get_customer_count | Line 95 | get customer count
2026-07-27 16:11:30,505 | INFO     | admin.py | get_all_employees | Line 36 | Admin get all employees page arrived
2026-07-27 16:11:30,514 | INFO     | admin.py | get_all_teams | Line 60 | Admin get all teams page arrived
2026-07-27 16:11:30,519 | INFO     | ticket.py | get_open_ticket_count | Line 283 | Get open ticket count
2026-07-27 16:11:30,538 | INFO     | customer.py | get_customer_count | Line 95 | get customer count
2026-07-27 16:11:30,629 | INFO     | admin.py | change_employee_status | Line 329 | Admin change employee status page arrived
2026-07-27 16:11:30,734 | INFO     | admin.py | get_all_employees | Line 36 | Admin get all employees page arrived
2026-07-27 16:11:30,742 | INFO     | admin.py | get_all_teams | Line 60 | Admin get all teams page arrived
2026-07-27 16:11:30,750 | INFO     | ticket.py | get_open_ticket_count | Line 283 | Get open ticket count
2026-07-27 16:11:30,769 | INFO     | customer.py | get_customer_count | Line 95 | get customer count
2026-07-27 16:11:32,628 | INFO     | admin.py | get_all_employees | Line 36 | Admin get all employees page arrived
2026-07-27 16:11:32,637 | INFO     | admin.py | get_all_teams | Line 60 | Admin get all teams page arrived
2026-07-27 16:11:32,644 | INFO     | ticket.py | get_open_ticket_count | Line 283 | Get open ticket count
2026-07-27 16:11:32,667 | INFO     | customer.py | get_customer_count | Line 95 | get customer count
2026-07-27 16:11:32,752 | INFO     | admin.py | change_employee_status | Line 329 | Admin change employee status page arrived
2026-07-27 16:11:32,875 | INFO     | admin.py | get_all_employees | Line 36 | Admin get all employees page arrived
2026-07-27 16:11:32,887 | INFO     | admin.py | get_all_teams | Line 60 | Admin get all teams page arrived
2026-07-27 16:11:32,895 | INFO     | ticket.py | get_open_ticket_count | Line 283 | Get open ticket count
2026-07-27 16:11:32,910 | INFO     | customer.py | get_customer_count | Line 95 | get customer count
2026-07-27 16:11:34,166 | INFO     | admin.py | get_all_employees | Line 36 | Admin get all employees page arrived
2026-07-27 16:11:34,176 | INFO     | admin.py | get_all_teams | Line 60 | Admin get all teams page arrived
2026-07-27 16:11:34,181 | INFO     | ticket.py | get_open_ticket_count | Line 283 | Get open ticket count
2026-07-27 16:11:34,227 | INFO     | customer.py | get_customer_count | Line 95 | get customer count
2026-07-27 16:11:34,289 | INFO     | admin.py | change_employee_status | Line 329 | Admin change employee status page arrived
2026-07-27 16:11:34,389 | INFO     | admin.py | get_all_employees | Line 36 | Admin get all employees page arrived
2026-07-27 16:11:34,400 | INFO     | admin.py | get_all_teams | Line 60 | Admin get all teams page arrived
2026-07-27 16:11:34,407 | INFO     | ticket.py | get_open_ticket_count | Line 283 | Get open ticket count
2026-07-27 16:11:34,428 | INFO     | customer.py | get_customer_count | Line 95 | get customer count
2026-07-27 16:11:37,024 | INFO     | admin.py | get_all_employees | Line 36 | Admin get all employees page arrived
2026-07-27 16:11:37,033 | INFO     | admin.py | get_all_teams | Line 60 | Admin get all teams page arrived
2026-07-27 16:11:37,039 | INFO     | ticket.py | get_open_ticket_count | Line 283 | Get open ticket count
2026-07-27 16:11:37,062 | INFO     | customer.py | get_customer_count | Line 95 | get customer count
2026-07-27 16:11:37,143 | INFO     | admin.py | change_employee_status | Line 329 | Admin change employee status page arrived
2026-07-27 16:11:37,238 | INFO     | admin.py | get_all_employees | Line 36 | Admin get all employees page arrived
2026-07-27 16:11:37,249 | INFO     | admin.py | get_all_teams | Line 60 | Admin get all teams page arrived
2026-07-27 16:11:37,255 | INFO     | ticket.py | get_open_ticket_count | Line 283 | Get open ticket count
2026-07-27 16:11:37,276 | INFO     | customer.py | get_customer_count | Line 95 | get customer count
2026-07-27 16:11:38,580 | INFO     | admin.py | get_all_employees | Line 36 | Admin get all employees page arrived
2026-07-27 16:11:38,590 | INFO     | admin.py | get_all_teams | Line 60 | Admin get all teams page arrived
2026-07-27 16:11:38,595 | INFO     | ticket.py | get_open_ticket_count | Line 283 | Get open ticket count
2026-07-27 16:11:38,616 | INFO     | customer.py | get_customer_count | Line 95 | get customer count
2026-07-27 16:11:38,684 | INFO     | admin.py | change_employee_status | Line 329 | Admin change employee status page arrived
2026-07-27 16:11:38,794 | INFO     | admin.py | get_all_employees | Line 36 | Admin get all employees page arrived
2026-07-27 16:11:38,804 | INFO     | admin.py | get_all_teams | Line 60 | Admin get all teams page arrived
2026-07-27 16:11:38,812 | INFO     | ticket.py | get_open_ticket_count | Line 283 | Get open ticket count
2026-07-27 16:11:38,833 | INFO     | customer.py | get_customer_count | Line 95 | get customer count
2026-07-27 16:12:06,427 | INFO     | admin.py | get_all_employees | Line 36 | Admin get all employees page arrived
2026-07-27 16:12:06,436 | INFO     | admin.py | get_all_teams | Line 60 | Admin get all teams page arrived
2026-07-27 16:12:06,443 | INFO     | ticket.py | get_open_ticket_count | Line 283 | Get open ticket count
2026-07-27 16:12:06,465 | INFO     | customer.py | get_customer_count | Line 95 | get customer count
2026-07-27 16:12:06,548 | INFO     | admin.py | assign_team | Line 205 | Admin assign team page arrived
2026-07-27 16:12:06,663 | INFO     | admin.py | get_all_employees | Line 36 | Admin get all employees page arrived
2026-07-27 16:12:06,676 | INFO     | admin.py | get_all_teams | Line 60 | Admin get all teams page arrived
2026-07-27 16:12:06,681 | INFO     | ticket.py | get_open_ticket_count | Line 283 | Get open ticket count
2026-07-27 16:12:06,698 | INFO     | customer.py | get_customer_count | Line 95 | get customer count
2026-07-27 16:12:43,491 | INFO     | admin.py | get_all_employees | Line 36 | Admin get all employees page arrived
2026-07-27 16:12:43,502 | INFO     | admin.py | get_all_teams | Line 60 | Admin get all teams page arrived
2026-07-27 16:12:43,509 | INFO     | ticket.py | get_open_ticket_count | Line 283 | Get open ticket count
2026-07-27 16:12:43,531 | INFO     | customer.py | get_customer_count | Line 95 | get customer count
2026-07-27 16:12:44,535 | INFO     | admin.py | get_all_employees | Line 36 | Admin get all employees page arrived
2026-07-27 16:12:44,544 | INFO     | admin.py | get_all_teams | Line 60 | Admin get all teams page arrived
2026-07-27 16:12:44,550 | INFO     | ticket.py | get_open_ticket_count | Line 283 | Get open ticket count
2026-07-27 16:12:44,573 | INFO     | customer.py | get_customer_count | Line 95 | get customer count
2026-07-27 16:12:46,089 | INFO     | admin.py | get_all_employees | Line 36 | Admin get all employees page arrived
2026-07-27 16:12:46,099 | INFO     | admin.py | get_all_teams | Line 60 | Admin get all teams page arrived
2026-07-27 16:12:46,104 | INFO     | ticket.py | get_open_ticket_count | Line 283 | Get open ticket count
2026-07-27 16:12:46,124 | INFO     | customer.py | get_customer_count | Line 95 | get customer count
2026-07-27 16:12:47,013 | INFO     | admin.py | get_all_employees | Line 36 | Admin get all employees page arrived
2026-07-27 16:12:47,022 | INFO     | admin.py | get_all_teams | Line 60 | Admin get all teams page arrived
2026-07-27 16:12:47,027 | INFO     | ticket.py | get_open_ticket_count | Line 283 | Get open ticket count
2026-07-27 16:12:47,047 | INFO     | customer.py | get_customer_count | Line 95 | get customer count
2026-07-27 16:12:59,767 | INFO     | auth.py | login | Line 48 | Login post page arrived
2026-07-27 16:13:10,343 | INFO     | auth.py | login | Line 48 | Login post page arrived
2026-07-27 16:13:10,473 | INFO     | ticket.py | get_team_open_tickets | Line 75 | Admin get team open tickets page arrived
2026-07-27 16:13:10,492 | INFO     | ticket.py | get_assigned_tickets | Line 41 | Admin get assigned tickets page arrived
2026-07-27 16:13:17,456 | INFO     | ticket.py | get_team_open_tickets | Line 75 | Admin get team open tickets page arrived
2026-07-27 16:13:17,470 | INFO     | ticket.py | get_assigned_tickets | Line 41 | Admin get assigned tickets page arrived
2026-07-27 16:13:20,069 | INFO     | ticket.py | get_team_open_tickets | Line 75 | Admin get team open tickets page arrived
2026-07-27 16:13:20,077 | INFO     | ticket.py | get_assigned_tickets | Line 41 | Admin get assigned tickets page arrived
2026-07-27 16:13:22,459 | INFO     | ticket.py | get_team_open_tickets | Line 75 | Admin get team open tickets page arrived
2026-07-27 16:13:22,466 | INFO     | ticket.py | get_assigned_tickets | Line 41 | Admin get assigned tickets page arrived
2026-07-27 16:13:25,110 | INFO     | ticket.py | get_team_open_tickets | Line 75 | Admin get team open tickets page arrived
2026-07-27 16:13:25,117 | INFO     | ticket.py | get_assigned_tickets | Line 41 | Admin get assigned tickets page arrived
2026-07-27 16:13:27,491 | INFO     | ticket.py | get_team_open_tickets | Line 75 | Admin get team open tickets page arrived
2026-07-27 16:13:27,499 | INFO     | ticket.py | get_assigned_tickets | Line 41 | Admin get assigned tickets page arrived
2026-07-27 16:17:18,701 | INFO     | ticket.py | get_team_open_tickets | Line 75 | Admin get team open tickets page arrived
2026-07-27 16:17:18,736 | INFO     | ticket.py | get_assigned_tickets | Line 41 | Admin get assigned tickets page arrived
2026-07-27 16:18:10,447 | INFO     | ticket.py | get_team_open_tickets | Line 75 | Admin get team open tickets page arrived
2026-07-27 16:18:10,458 | INFO     | ticket.py | get_assigned_tickets | Line 41 | Admin get assigned tickets page arrived
2026-07-27 16:19:50,384 | INFO     | ticket.py | get_team_open_tickets | Line 75 | Admin get team open tickets page arrived
2026-07-27 16:19:50,399 | INFO     | ticket.py | get_assigned_tickets | Line 41 | Admin get assigned tickets page arrived
2026-07-27 16:20:57,007 | INFO     | ticket.py | get_team_open_tickets | Line 75 | Admin get team open tickets page arrived
2026-07-27 16:20:57,018 | INFO     | ticket.py | get_assigned_tickets | Line 41 | Admin get assigned tickets page arrived
2026-07-27 16:20:57,040 | INFO     | ticket.py | close_ticket | Line 239 | Support agent  close ticket page arrived
2026-07-27 16:20:57,242 | INFO     | ticket.py | get_team_open_tickets | Line 75 | Admin get team open tickets page arrived
2026-07-27 16:20:57,255 | INFO     | ticket.py | get_assigned_tickets | Line 41 | Admin get assigned tickets page arrived
2026-07-27 16:20:57,272 | INFO     | ticket.py | close_ticket | Line 239 | Support agent  close ticket page arrived
2026-07-27 16:20:57,375 | INFO     | ticket.py | get_team_open_tickets | Line 75 | Admin get team open tickets page arrived
2026-07-27 16:20:57,385 | INFO     | ticket.py | get_assigned_tickets | Line 41 | Admin get assigned tickets page arrived
2026-07-27 16:20:57,399 | INFO     | ticket.py | close_ticket | Line 239 | Support agent  close ticket page arrived
2026-07-27 16:20:57,512 | INFO     | ticket.py | get_team_open_tickets | Line 75 | Admin get team open tickets page arrived
2026-07-27 16:20:57,519 | INFO     | ticket.py | get_assigned_tickets | Line 41 | Admin get assigned tickets page arrived
2026-07-27 16:20:57,534 | INFO     | ticket.py | close_ticket | Line 239 | Support agent  close ticket page arrived
2026-07-27 16:20:57,634 | INFO     | ticket.py | get_team_open_tickets | Line 75 | Admin get team open tickets page arrived
2026-07-27 16:20:57,644 | INFO     | ticket.py | get_assigned_tickets | Line 41 | Admin get assigned tickets page arrived
2026-07-27 16:20:57,657 | INFO     | ticket.py | close_ticket | Line 239 | Support agent  close ticket page arrived
2026-07-27 16:20:57,785 | INFO     | ticket.py | get_team_open_tickets | Line 75 | Admin get team open tickets page arrived
2026-07-27 16:20:57,792 | INFO     | ticket.py | get_assigned_tickets | Line 41 | Admin get assigned tickets page arrived
2026-07-27 16:20:57,804 | INFO     | ticket.py | close_ticket | Line 239 | Support agent  close ticket page arrived
2026-07-27 16:20:57,926 | INFO     | ticket.py | get_team_open_tickets | Line 75 | Admin get team open tickets page arrived
2026-07-27 16:20:57,934 | INFO     | ticket.py | get_assigned_tickets | Line 41 | Admin get assigned tickets page arrived
2026-07-27 16:20:57,945 | INFO     | ticket.py | close_ticket | Line 239 | Support agent  close ticket page arrived
2026-07-27 16:20:58,039 | INFO     | ticket.py | get_team_open_tickets | Line 75 | Admin get team open tickets page arrived
2026-07-27 16:20:58,046 | INFO     | ticket.py | get_assigned_tickets | Line 41 | Admin get assigned tickets page arrived
2026-07-27 16:20:58,055 | INFO     | ticket.py | close_ticket | Line 239 | Support agent  close ticket page arrived
2026-07-27 16:20:58,162 | INFO     | ticket.py | get_team_open_tickets | Line 75 | Admin get team open tickets page arrived
2026-07-27 16:20:58,171 | INFO     | ticket.py | get_assigned_tickets | Line 41 | Admin get assigned tickets page arrived
2026-07-27 16:20:58,183 | INFO     | ticket.py | close_ticket | Line 239 | Support agent  close ticket page arrived
2026-07-27 16:20:58,279 | INFO     | ticket.py | get_team_open_tickets | Line 75 | Admin get team open tickets page arrived
2026-07-27 16:20:58,287 | INFO     | ticket.py | get_assigned_tickets | Line 41 | Admin get assigned tickets page arrived
2026-07-27 16:20:58,298 | INFO     | ticket.py | close_ticket | Line 239 | Support agent  close ticket page arrived
2026-07-27 16:20:58,396 | INFO     | ticket.py | get_team_open_tickets | Line 75 | Admin get team open tickets page arrived
2026-07-27 16:20:58,404 | INFO     | ticket.py | get_assigned_tickets | Line 41 | Admin get assigned tickets page arrived
2026-07-27 16:20:58,416 | INFO     | ticket.py | close_ticket | Line 239 | Support agent  close ticket page arrived
2026-07-27 16:20:58,524 | INFO     | ticket.py | get_team_open_tickets | Line 75 | Admin get team open tickets page arrived
2026-07-27 16:20:58,533 | INFO     | ticket.py | get_assigned_tickets | Line 41 | Admin get assigned tickets page arrived
2026-07-27 16:20:58,546 | INFO     | ticket.py | close_ticket | Line 239 | Support agent  close ticket page arrived
2026-07-27 16:20:58,647 | INFO     | ticket.py | get_team_open_tickets | Line 75 | Admin get team open tickets page arrived
2026-07-27 16:20:58,658 | INFO     | ticket.py | get_assigned_tickets | Line 41 | Admin get assigned tickets page arrived
2026-07-27 16:20:58,675 | INFO     | ticket.py | close_ticket | Line 239 | Support agent  close ticket page arrived
2026-07-27 16:20:58,778 | INFO     | ticket.py | get_team_open_tickets | Line 75 | Admin get team open tickets page arrived
2026-07-27 16:20:58,788 | INFO     | ticket.py | get_assigned_tickets | Line 41 | Admin get assigned tickets page arrived
2026-07-27 16:20:58,801 | INFO     | ticket.py | close_ticket | Line 239 | Support agent  close ticket page arrived
2026-07-27 16:20:58,903 | INFO     | ticket.py | get_team_open_tickets | Line 75 | Admin get team open tickets page arrived
2026-07-27 16:20:58,911 | INFO     | ticket.py | get_assigned_tickets | Line 41 | Admin get assigned tickets page arrived
2026-07-27 16:20:58,922 | INFO     | ticket.py | close_ticket | Line 239 | Support agent  close ticket page arrived
2026-07-27 16:20:59,020 | INFO     | ticket.py | get_team_open_tickets | Line 75 | Admin get team open tickets page arrived
2026-07-27 16:20:59,031 | INFO     | ticket.py | get_assigned_tickets | Line 41 | Admin get assigned tickets page arrived
2026-07-27 16:20:59,043 | INFO     | ticket.py | close_ticket | Line 239 | Support agent  close ticket page arrived
2026-07-27 16:20:59,142 | INFO     | ticket.py | get_team_open_tickets | Line 75 | Admin get team open tickets page arrived
2026-07-27 16:20:59,150 | INFO     | ticket.py | get_assigned_tickets | Line 41 | Admin get assigned tickets page arrived
2026-07-27 16:20:59,165 | INFO     | ticket.py | close_ticket | Line 239 | Support agent  close ticket page arrived
2026-07-27 16:20:59,275 | INFO     | ticket.py | get_team_open_tickets | Line 75 | Admin get team open tickets page arrived
2026-07-27 16:20:59,283 | INFO     | ticket.py | get_assigned_tickets | Line 41 | Admin get assigned tickets page arrived
2026-07-27 16:20:59,297 | INFO     | ticket.py | close_ticket | Line 239 | Support agent  close ticket page arrived
2026-07-27 16:20:59,404 | INFO     | ticket.py | get_team_open_tickets | Line 75 | Admin get team open tickets page arrived
2026-07-27 16:20:59,416 | INFO     | ticket.py | get_assigned_tickets | Line 41 | Admin get assigned tickets page arrived
2026-07-27 16:20:59,430 | INFO     | ticket.py | close_ticket | Line 239 | Support agent  close ticket page arrived
2026-07-27 16:20:59,536 | INFO     | ticket.py | get_team_open_tickets | Line 75 | Admin get team open tickets page arrived
2026-07-27 16:20:59,546 | INFO     | ticket.py | get_assigned_tickets | Line 41 | Admin get assigned tickets page arrived
2026-07-27 16:20:59,560 | INFO     | ticket.py | close_ticket | Line 239 | Support agent  close ticket page arrived
2026-07-27 16:20:59,671 | INFO     | ticket.py | get_team_open_tickets | Line 75 | Admin get team open tickets page arrived
2026-07-27 16:20:59,686 | INFO     | ticket.py | get_assigned_tickets | Line 41 | Admin get assigned tickets page arrived
2026-07-27 16:20:59,707 | INFO     | ticket.py | close_ticket | Line 239 | Support agent  close ticket page arrived
2026-07-27 16:20:59,810 | INFO     | ticket.py | get_team_open_tickets | Line 75 | Admin get team open tickets page arrived
2026-07-27 16:20:59,819 | INFO     | ticket.py | get_assigned_tickets | Line 41 | Admin get assigned tickets page arrived
2026-07-27 16:20:59,830 | INFO     | ticket.py | close_ticket | Line 239 | Support agent  close ticket page arrived
2026-07-27 16:20:59,928 | INFO     | ticket.py | get_team_open_tickets | Line 75 | Admin get team open tickets page arrived
2026-07-27 16:20:59,940 | INFO     | ticket.py | get_assigned_tickets | Line 41 | Admin get assigned tickets page arrived
2026-07-27 16:20:59,954 | INFO     | ticket.py | close_ticket | Line 239 | Support agent  close ticket page arrived
2026-07-27 16:21:00,055 | INFO     | ticket.py | get_team_open_tickets | Line 75 | Admin get team open tickets page arrived
2026-07-27 16:21:00,063 | INFO     | ticket.py | get_assigned_tickets | Line 41 | Admin get assigned tickets page arrived
2026-07-27 16:21:00,073 | INFO     | ticket.py | close_ticket | Line 239 | Support agent  close ticket page arrived
2026-07-27 16:21:00,163 | INFO     | ticket.py | get_team_open_tickets | Line 75 | Admin get team open tickets page arrived
2026-07-27 16:21:00,169 | INFO     | ticket.py | get_assigned_tickets | Line 41 | Admin get assigned tickets page arrived
2026-07-27 16:21:00,182 | INFO     | ticket.py | close_ticket | Line 239 | Support agent  close ticket page arrived
2026-07-27 16:21:00,290 | INFO     | ticket.py | get_team_open_tickets | Line 75 | Admin get team open tickets page arrived
2026-07-27 16:21:00,301 | INFO     | ticket.py | get_assigned_tickets | Line 41 | Admin get assigned tickets page arrived
2026-07-27 16:21:00,319 | INFO     | ticket.py | close_ticket | Line 239 | Support agent  close ticket page arrived
2026-07-27 16:21:00,432 | INFO     | ticket.py | get_team_open_tickets | Line 75 | Admin get team open tickets page arrived
2026-07-27 16:21:00,441 | INFO     | ticket.py | get_assigned_tickets | Line 41 | Admin get assigned tickets page arrived
2026-07-27 16:21:00,454 | INFO     | ticket.py | close_ticket | Line 239 | Support agent  close ticket page arrived
2026-07-27 16:21:00,550 | INFO     | ticket.py | get_team_open_tickets | Line 75 | Admin get team open tickets page arrived
2026-07-27 16:21:00,557 | INFO     | ticket.py | get_assigned_tickets | Line 41 | Admin get assigned tickets page arrived
2026-07-27 16:21:00,569 | INFO     | ticket.py | close_ticket | Line 239 | Support agent  close ticket page arrived
2026-07-27 16:21:00,677 | INFO     | ticket.py | get_team_open_tickets | Line 75 | Admin get team open tickets page arrived
2026-07-27 16:21:00,685 | INFO     | ticket.py | get_assigned_tickets | Line 41 | Admin get assigned tickets page arrived
2026-07-27 16:21:00,699 | INFO     | ticket.py | close_ticket | Line 239 | Support agent  close ticket page arrived
2026-07-27 16:21:00,857 | INFO     | ticket.py | get_team_open_tickets | Line 75 | Admin get team open tickets page arrived
2026-07-27 16:21:00,866 | INFO     | ticket.py | get_assigned_tickets | Line 41 | Admin get assigned tickets page arrived
2026-07-27 16:21:00,877 | INFO     | ticket.py | close_ticket | Line 239 | Support agent  close ticket page arrived
2026-07-27 16:21:00,993 | INFO     | ticket.py | get_team_open_tickets | Line 75 | Admin get team open tickets page arrived
2026-07-27 16:21:01,001 | INFO     | ticket.py | get_assigned_tickets | Line 41 | Admin get assigned tickets page arrived
2026-07-27 16:21:01,012 | INFO     | ticket.py | close_ticket | Line 239 | Support agent  close ticket page arrived
2026-07-27 16:21:01,177 | INFO     | ticket.py | get_team_open_tickets | Line 75 | Admin get team open tickets page arrived
2026-07-27 16:21:01,188 | INFO     | ticket.py | get_assigned_tickets | Line 41 | Admin get assigned tickets page arrived
2026-07-27 16:21:01,197 | INFO     | ticket.py | close_ticket | Line 239 | Support agent  close ticket page arrived
2026-07-27 16:21:01,328 | INFO     | ticket.py | get_team_open_tickets | Line 75 | Admin get team open tickets page arrived
2026-07-27 16:21:01,336 | INFO     | ticket.py | get_assigned_tickets | Line 41 | Admin get assigned tickets page arrived
2026-07-27 16:21:01,346 | INFO     | ticket.py | close_ticket | Line 239 | Support agent  close ticket page arrived
2026-07-27 16:21:01,469 | INFO     | ticket.py | get_team_open_tickets | Line 75 | Admin get team open tickets page arrived
2026-07-27 16:21:01,479 | INFO     | ticket.py | get_assigned_tickets | Line 41 | Admin get assigned tickets page arrived
2026-07-27 16:21:01,491 | INFO     | ticket.py | close_ticket | Line 239 | Support agent  close ticket page arrived
2026-07-27 16:21:01,609 | INFO     | ticket.py | get_team_open_tickets | Line 75 | Admin get team open tickets page arrived
2026-07-27 16:21:01,621 | INFO     | ticket.py | get_assigned_tickets | Line 41 | Admin get assigned tickets page arrived
2026-07-27 16:21:01,635 | INFO     | ticket.py | close_ticket | Line 239 | Support agent  close ticket page arrived
2026-07-27 16:21:01,755 | INFO     | ticket.py | get_team_open_tickets | Line 75 | Admin get team open tickets page arrived
2026-07-27 16:21:01,765 | INFO     | ticket.py | get_assigned_tickets | Line 41 | Admin get assigned tickets page arrived
2026-07-27 16:21:01,776 | INFO     | ticket.py | close_ticket | Line 239 | Support agent  close ticket page arrived
2026-07-27 16:21:01,867 | INFO     | ticket.py | get_team_open_tickets | Line 75 | Admin get team open tickets page arrived
2026-07-27 16:21:01,876 | INFO     | ticket.py | get_assigned_tickets | Line 41 | Admin get assigned tickets page arrived
2026-07-27 16:21:01,889 | INFO     | ticket.py | close_ticket | Line 239 | Support agent  close ticket page arrived
2026-07-27 16:21:01,986 | INFO     | ticket.py | get_team_open_tickets | Line 75 | Admin get team open tickets page arrived
2026-07-27 16:21:01,995 | INFO     | ticket.py | get_assigned_tickets | Line 41 | Admin get assigned tickets page arrived
2026-07-27 16:21:02,006 | INFO     | ticket.py | close_ticket | Line 239 | Support agent  close ticket page arrived
2026-07-27 16:21:02,111 | INFO     | ticket.py | get_team_open_tickets | Line 75 | Admin get team open tickets page arrived
2026-07-27 16:21:02,120 | INFO     | ticket.py | get_assigned_tickets | Line 41 | Admin get assigned tickets page arrived
2026-07-27 16:21:02,132 | INFO     | ticket.py | close_ticket | Line 239 | Support agent  close ticket page arrived
2026-07-27 16:21:02,230 | INFO     | ticket.py | get_team_open_tickets | Line 75 | Admin get team open tickets page arrived
2026-07-27 16:21:02,237 | INFO     | ticket.py | get_assigned_tickets | Line 41 | Admin get assigned tickets page arrived
2026-07-27 16:21:02,251 | INFO     | ticket.py | close_ticket | Line 239 | Support agent  close ticket page arrived
2026-07-27 16:21:02,357 | INFO     | ticket.py | get_team_open_tickets | Line 75 | Admin get team open tickets page arrived
2026-07-27 16:21:02,372 | INFO     | ticket.py | get_assigned_tickets | Line 41 | Admin get assigned tickets page arrived
2026-07-27 16:21:02,391 | INFO     | ticket.py | close_ticket | Line 239 | Support agent  close ticket page arrived
2026-07-27 16:21:02,600 | INFO     | ticket.py | get_team_open_tickets | Line 75 | Admin get team open tickets page arrived
2026-07-27 16:21:02,609 | INFO     | ticket.py | get_assigned_tickets | Line 41 | Admin get assigned tickets page arrived
2026-07-27 16:21:02,621 | INFO     | ticket.py | close_ticket | Line 239 | Support agent  close ticket page arrived
2026-07-27 16:21:02,717 | INFO     | ticket.py | get_team_open_tickets | Line 75 | Admin get team open tickets page arrived
2026-07-27 16:21:02,724 | INFO     | ticket.py | get_assigned_tickets | Line 41 | Admin get assigned tickets page arrived
2026-07-27 16:21:02,734 | INFO     | ticket.py | close_ticket | Line 239 | Support agent  close ticket page arrived
2026-07-27 16:21:02,833 | INFO     | ticket.py | get_team_open_tickets | Line 75 | Admin get team open tickets page arrived
2026-07-27 16:21:02,844 | INFO     | ticket.py | get_assigned_tickets | Line 41 | Admin get assigned tickets page arrived
2026-07-27 16:21:02,854 | INFO     | ticket.py | close_ticket | Line 239 | Support agent  close ticket page arrived
2026-07-27 16:21:02,960 | INFO     | ticket.py | get_team_open_tickets | Line 75 | Admin get team open tickets page arrived
2026-07-27 16:21:02,968 | INFO     | ticket.py | get_assigned_tickets | Line 41 | Admin get assigned tickets page arrived
2026-07-27 16:21:02,982 | INFO     | ticket.py | close_ticket | Line 239 | Support agent  close ticket page arrived
2026-07-27 16:21:03,076 | INFO     | ticket.py | get_team_open_tickets | Line 75 | Admin get team open tickets page arrived
2026-07-27 16:21:03,084 | INFO     | ticket.py | get_assigned_tickets | Line 41 | Admin get assigned tickets page arrived
2026-07-27 16:21:03,097 | INFO     | ticket.py | close_ticket | Line 239 | Support agent  close ticket page arrived
2026-07-27 16:21:03,189 | INFO     | ticket.py | get_team_open_tickets | Line 75 | Admin get team open tickets page arrived
2026-07-27 16:21:03,202 | INFO     | ticket.py | get_assigned_tickets | Line 41 | Admin get assigned tickets page arrived
2026-07-27 16:21:03,217 | INFO     | ticket.py | close_ticket | Line 239 | Support agent  close ticket page arrived
2026-07-27 16:21:03,328 | INFO     | ticket.py | get_team_open_tickets | Line 75 | Admin get team open tickets page arrived
2026-07-27 16:21:03,342 | INFO     | ticket.py | get_assigned_tickets | Line 41 | Admin get assigned tickets page arrived
2026-07-27 16:21:03,356 | INFO     | ticket.py | close_ticket | Line 239 | Support agent  close ticket page arrived
2026-07-27 16:21:03,471 | INFO     | ticket.py | get_team_open_tickets | Line 75 | Admin get team open tickets page arrived
2026-07-27 16:21:03,479 | INFO     | ticket.py | get_assigned_tickets | Line 41 | Admin get assigned tickets page arrived
2026-07-27 16:21:03,490 | INFO     | ticket.py | close_ticket | Line 239 | Support agent  close ticket page arrived
2026-07-27 16:21:03,596 | INFO     | ticket.py | get_team_open_tickets | Line 75 | Admin get team open tickets page arrived
2026-07-27 16:21:03,605 | INFO     | ticket.py | get_assigned_tickets | Line 41 | Admin get assigned tickets page arrived
2026-07-27 16:21:03,616 | INFO     | ticket.py | close_ticket | Line 239 | Support agent  close ticket page arrived
2026-07-27 16:21:03,716 | INFO     | ticket.py | get_team_open_tickets | Line 75 | Admin get team open tickets page arrived
2026-07-27 16:21:03,723 | INFO     | ticket.py | get_assigned_tickets | Line 41 | Admin get assigned tickets page arrived
2026-07-27 16:21:03,736 | INFO     | ticket.py | close_ticket | Line 239 | Support agent  close ticket page arrived
2026-07-27 16:21:03,848 | INFO     | ticket.py | get_team_open_tickets | Line 75 | Admin get team open tickets page arrived
2026-07-27 16:21:03,858 | INFO     | ticket.py | get_assigned_tickets | Line 41 | Admin get assigned tickets page arrived
2026-07-27 16:21:03,873 | INFO     | ticket.py | close_ticket | Line 239 | Support agent  close ticket page arrived
2026-07-27 16:21:03,981 | INFO     | ticket.py | get_team_open_tickets | Line 75 | Admin get team open tickets page arrived
2026-07-27 16:21:03,995 | INFO     | ticket.py | get_assigned_tickets | Line 41 | Admin get assigned tickets page arrived
2026-07-27 16:21:04,012 | INFO     | ticket.py | close_ticket | Line 239 | Support agent  close ticket page arrived
2026-07-27 16:21:04,122 | INFO     | ticket.py | get_team_open_tickets | Line 75 | Admin get team open tickets page arrived
2026-07-27 16:21:04,131 | INFO     | ticket.py | get_assigned_tickets | Line 41 | Admin get assigned tickets page arrived
2026-07-27 16:21:04,145 | INFO     | ticket.py | close_ticket | Line 239 | Support agent  close ticket page arrived
2026-07-27 16:21:04,354 | INFO     | ticket.py | get_team_open_tickets | Line 75 | Admin get team open tickets page arrived
2026-07-27 16:21:04,366 | INFO     | ticket.py | get_assigned_tickets | Line 41 | Admin get assigned tickets page arrived
2026-07-27 16:21:04,482 | INFO     | ticket.py | get_team_open_tickets | Line 75 | Admin get team open tickets page arrived
2026-07-27 16:21:04,491 | INFO     | ticket.py | get_assigned_tickets | Line 41 | Admin get assigned tickets page arrived
2026-07-27 16:21:04,505 | INFO     | ticket.py | close_ticket | Line 239 | Support agent  close ticket page arrived
2026-07-27 16:21:04,809 | INFO     | ticket.py | get_team_open_tickets | Line 75 | Admin get team open tickets page arrived
2026-07-27 16:21:04,818 | INFO     | ticket.py | get_assigned_tickets | Line 41 | Admin get assigned tickets page arrived
2026-07-27 16:21:04,828 | INFO     | ticket.py | close_ticket | Line 239 | Support agent  close ticket page arrived
2026-07-27 16:21:05,017 | INFO     | ticket.py | get_team_open_tickets | Line 75 | Admin get team open tickets page arrived
2026-07-27 16:21:05,025 | INFO     | ticket.py | get_assigned_tickets | Line 41 | Admin get assigned tickets page arrived
2026-07-27 16:21:05,034 | INFO     | ticket.py | close_ticket | Line 239 | Support agent  close ticket page arrived
2026-07-27 16:21:05,222 | INFO     | ticket.py | get_team_open_tickets | Line 75 | Admin get team open tickets page arrived
2026-07-27 16:21:05,232 | INFO     | ticket.py | get_assigned_tickets | Line 41 | Admin get assigned tickets page arrived
2026-07-27 16:21:05,246 | INFO     | ticket.py | close_ticket | Line 239 | Support agent  close ticket page arrived
2026-07-27 16:21:05,435 | INFO     | ticket.py | get_team_open_tickets | Line 75 | Admin get team open tickets page arrived
2026-07-27 16:21:05,515 | INFO     | ticket.py | get_team_open_tickets | Line 75 | Admin get team open tickets page arrived
2026-07-27 16:21:05,522 | INFO     | ticket.py | get_assigned_tickets | Line 41 | Admin get assigned tickets page arrived
2026-07-27 16:21:05,531 | INFO     | ticket.py | close_ticket | Line 239 | Support agent  close ticket page arrived
2026-07-27 16:21:05,609 | INFO     | ticket.py | get_team_open_tickets | Line 75 | Admin get team open tickets page arrived
2026-07-27 16:21:05,618 | INFO     | ticket.py | get_assigned_tickets | Line 41 | Admin get assigned tickets page arrived
2026-07-27 16:21:05,626 | INFO     | ticket.py | close_ticket | Line 239 | Support agent  close ticket page arrived
2026-07-27 16:21:05,726 | INFO     | ticket.py | get_team_open_tickets | Line 75 | Admin get team open tickets page arrived
2026-07-27 16:21:05,735 | INFO     | ticket.py | get_assigned_tickets | Line 41 | Admin get assigned tickets page arrived
2026-07-27 16:21:05,746 | INFO     | ticket.py | close_ticket | Line 239 | Support agent  close ticket page arrived
2026-07-27 16:21:05,950 | INFO     | ticket.py | get_team_open_tickets | Line 75 | Admin get team open tickets page arrived
2026-07-27 16:21:05,961 | INFO     | ticket.py | get_assigned_tickets | Line 41 | Admin get assigned tickets page arrived
2026-07-27 16:21:05,972 | INFO     | ticket.py | close_ticket | Line 239 | Support agent  close ticket page arrived
2026-07-27 16:21:06,089 | INFO     | ticket.py | get_team_open_tickets | Line 75 | Admin get team open tickets page arrived
2026-07-27 16:21:06,096 | INFO     | ticket.py | get_assigned_tickets | Line 41 | Admin get assigned tickets page arrived
2026-07-27 16:21:06,109 | INFO     | ticket.py | close_ticket | Line 239 | Support agent  close ticket page arrived
2026-07-27 16:21:06,211 | INFO     | ticket.py | get_team_open_tickets | Line 75 | Admin get team open tickets page arrived
2026-07-27 16:21:06,218 | INFO     | ticket.py | get_assigned_tickets | Line 41 | Admin get assigned tickets page arrived
2026-07-27 16:21:06,227 | INFO     | ticket.py | close_ticket | Line 239 | Support agent  close ticket page arrived
2026-07-27 16:21:06,340 | INFO     | ticket.py | get_team_open_tickets | Line 75 | Admin get team open tickets page arrived
2026-07-27 16:21:06,351 | INFO     | ticket.py | get_assigned_tickets | Line 41 | Admin get assigned tickets page arrived
2026-07-27 16:21:06,364 | INFO     | ticket.py | close_ticket | Line 239 | Support agent  close ticket page arrived
2026-07-27 16:21:06,477 | INFO     | ticket.py | get_team_open_tickets | Line 75 | Admin get team open tickets page arrived
2026-07-27 16:21:06,487 | INFO     | ticket.py | get_assigned_tickets | Line 41 | Admin get assigned tickets page arrived
2026-07-27 16:21:06,502 | INFO     | ticket.py | close_ticket | Line 239 | Support agent  close ticket page arrived
2026-07-27 16:21:06,619 | INFO     | ticket.py | get_team_open_tickets | Line 75 | Admin get team open tickets page arrived
2026-07-27 16:21:06,630 | INFO     | ticket.py | get_assigned_tickets | Line 41 | Admin get assigned tickets page arrived
2026-07-27 16:21:06,644 | INFO     | ticket.py | close_ticket | Line 239 | Support agent  close ticket page arrived
2026-07-27 16:21:06,766 | INFO     | ticket.py | get_team_open_tickets | Line 75 | Admin get team open tickets page arrived
2026-07-27 16:21:06,775 | INFO     | ticket.py | get_assigned_tickets | Line 41 | Admin get assigned tickets page arrived
2026-07-27 16:21:06,793 | INFO     | ticket.py | close_ticket | Line 239 | Support agent  close ticket page arrived
2026-07-27 16:21:06,888 | INFO     | ticket.py | get_team_open_tickets | Line 75 | Admin get team open tickets page arrived
2026-07-27 16:21:06,900 | INFO     | ticket.py | get_assigned_tickets | Line 41 | Admin get assigned tickets page arrived
2026-07-27 16:21:06,910 | INFO     | ticket.py | close_ticket | Line 239 | Support agent  close ticket page arrived
2026-07-27 16:21:07,012 | INFO     | ticket.py | get_team_open_tickets | Line 75 | Admin get team open tickets page arrived
2026-07-27 16:21:07,020 | INFO     | ticket.py | get_assigned_tickets | Line 41 | Admin get assigned tickets page arrived
2026-07-27 16:21:07,030 | INFO     | ticket.py | close_ticket | Line 239 | Support agent  close ticket page arrived
2026-07-27 16:21:07,136 | INFO     | ticket.py | get_team_open_tickets | Line 75 | Admin get team open tickets page arrived
2026-07-27 16:21:07,144 | INFO     | ticket.py | get_assigned_tickets | Line 41 | Admin get assigned tickets page arrived
2026-07-27 16:21:07,157 | INFO     | ticket.py | close_ticket | Line 239 | Support agent  close ticket page arrived
2026-07-27 16:21:07,260 | INFO     | ticket.py | get_team_open_tickets | Line 75 | Admin get team open tickets page arrived
2026-07-27 16:21:07,267 | INFO     | ticket.py | get_assigned_tickets | Line 41 | Admin get assigned tickets page arrived
2026-07-27 16:21:07,276 | INFO     | ticket.py | close_ticket | Line 239 | Support agent  close ticket page arrived
2026-07-27 16:21:07,379 | INFO     | ticket.py | get_team_open_tickets | Line 75 | Admin get team open tickets page arrived
2026-07-27 16:21:07,389 | INFO     | ticket.py | get_assigned_tickets | Line 41 | Admin get assigned tickets page arrived
2026-07-27 16:21:07,400 | INFO     | ticket.py | close_ticket | Line 239 | Support agent  close ticket page arrived
2026-07-27 16:21:07,508 | INFO     | ticket.py | get_team_open_tickets | Line 75 | Admin get team open tickets page arrived
2026-07-27 16:21:07,517 | INFO     | ticket.py | get_assigned_tickets | Line 41 | Admin get assigned tickets page arrived
2026-07-27 16:21:07,528 | INFO     | ticket.py | close_ticket | Line 239 | Support agent  close ticket page arrived
2026-07-27 16:21:07,628 | INFO     | ticket.py | get_team_open_tickets | Line 75 | Admin get team open tickets page arrived
2026-07-27 16:21:07,636 | INFO     | ticket.py | get_assigned_tickets | Line 41 | Admin get assigned tickets page arrived
2026-07-27 16:21:07,647 | INFO     | ticket.py | close_ticket | Line 239 | Support agent  close ticket page arrived
2026-07-27 16:21:07,750 | INFO     | ticket.py | get_team_open_tickets | Line 75 | Admin get team open tickets page arrived
2026-07-27 16:21:07,758 | INFO     | ticket.py | get_assigned_tickets | Line 41 | Admin get assigned tickets page arrived
2026-07-27 16:21:07,772 | INFO     | ticket.py | close_ticket | Line 239 | Support agent  close ticket page arrived
2026-07-27 16:21:07,875 | INFO     | ticket.py | get_team_open_tickets | Line 75 | Admin get team open tickets page arrived
2026-07-27 16:21:07,886 | INFO     | ticket.py | get_assigned_tickets | Line 41 | Admin get assigned tickets page arrived
2026-07-27 16:21:07,898 | INFO     | ticket.py | close_ticket | Line 239 | Support agent  close ticket page arrived
2026-07-27 16:21:08,004 | INFO     | ticket.py | get_team_open_tickets | Line 75 | Admin get team open tickets page arrived
2026-07-27 16:21:08,016 | INFO     | ticket.py | get_assigned_tickets | Line 41 | Admin get assigned tickets page arrived
2026-07-27 16:21:08,027 | INFO     | ticket.py | close_ticket | Line 239 | Support agent  close ticket page arrived
2026-07-27 16:21:08,125 | INFO     | ticket.py | get_team_open_tickets | Line 75 | Admin get team open tickets page arrived
2026-07-27 16:21:08,134 | INFO     | ticket.py | get_assigned_tickets | Line 41 | Admin get assigned tickets page arrived
2026-07-27 16:21:08,143 | INFO     | ticket.py | close_ticket | Line 239 | Support agent  close ticket page arrived
2026-07-27 16:21:08,242 | INFO     | ticket.py | get_team_open_tickets | Line 75 | Admin get team open tickets page arrived
2026-07-27 16:21:08,250 | INFO     | ticket.py | get_assigned_tickets | Line 41 | Admin get assigned tickets page arrived
2026-07-27 16:21:08,263 | INFO     | ticket.py | close_ticket | Line 239 | Support agent  close ticket page arrived
2026-07-27 16:21:08,383 | INFO     | ticket.py | get_team_open_tickets | Line 75 | Admin get team open tickets page arrived
2026-07-27 16:21:08,394 | INFO     | ticket.py | get_assigned_tickets | Line 41 | Admin get assigned tickets page arrived
2026-07-27 16:21:08,405 | INFO     | ticket.py | close_ticket | Line 239 | Support agent  close ticket page arrived
2026-07-27 16:21:08,508 | INFO     | ticket.py | get_team_open_tickets | Line 75 | Admin get team open tickets page arrived
2026-07-27 16:21:08,519 | INFO     | ticket.py | get_assigned_tickets | Line 41 | Admin get assigned tickets page arrived
2026-07-27 16:21:08,533 | INFO     | ticket.py | close_ticket | Line 239 | Support agent  close ticket page arrived
2026-07-27 16:21:08,645 | INFO     | ticket.py | get_team_open_tickets | Line 75 | Admin get team open tickets page arrived
2026-07-27 16:21:08,653 | INFO     | ticket.py | get_assigned_tickets | Line 41 | Admin get assigned tickets page arrived
2026-07-27 16:21:08,664 | INFO     | ticket.py | close_ticket | Line 239 | Support agent  close ticket page arrived
2026-07-27 16:21:08,762 | INFO     | ticket.py | get_team_open_tickets | Line 75 | Admin get team open tickets page arrived
2026-07-27 16:21:08,773 | INFO     | ticket.py | get_assigned_tickets | Line 41 | Admin get assigned tickets page arrived
2026-07-27 16:21:08,786 | INFO     | ticket.py | close_ticket | Line 239 | Support agent  close ticket page arrived
2026-07-27 16:21:08,925 | INFO     | ticket.py | get_team_open_tickets | Line 75 | Admin get team open tickets page arrived
2026-07-27 16:21:08,933 | INFO     | ticket.py | get_assigned_tickets | Line 41 | Admin get assigned tickets page arrived
2026-07-27 16:21:08,944 | INFO     | ticket.py | close_ticket | Line 239 | Support agent  close ticket page arrived
2026-07-27 16:21:09,028 | INFO     | ticket.py | get_team_open_tickets | Line 75 | Admin get team open tickets page arrived
2026-07-27 16:21:09,034 | INFO     | ticket.py | get_assigned_tickets | Line 41 | Admin get assigned tickets page arrived
2026-07-27 16:21:09,044 | INFO     | ticket.py | close_ticket | Line 239 | Support agent  close ticket page arrived
2026-07-27 16:21:09,138 | INFO     | ticket.py | get_team_open_tickets | Line 75 | Admin get team open tickets page arrived
2026-07-27 16:21:09,149 | INFO     | ticket.py | get_assigned_tickets | Line 41 | Admin get assigned tickets page arrived
2026-07-27 16:21:09,160 | INFO     | ticket.py | close_ticket | Line 239 | Support agent  close ticket page arrived
2026-07-27 16:21:09,259 | INFO     | ticket.py | get_team_open_tickets | Line 75 | Admin get team open tickets page arrived
2026-07-27 16:21:09,270 | INFO     | ticket.py | get_assigned_tickets | Line 41 | Admin get assigned tickets page arrived
2026-07-27 16:21:09,285 | INFO     | ticket.py | close_ticket | Line 239 | Support agent  close ticket page arrived
2026-07-27 16:21:09,411 | INFO     | ticket.py | get_team_open_tickets | Line 75 | Admin get team open tickets page arrived
2026-07-27 16:21:09,422 | INFO     | ticket.py | get_assigned_tickets | Line 41 | Admin get assigned tickets page arrived
2026-07-27 16:21:09,435 | INFO     | ticket.py | close_ticket | Line 239 | Support agent  close ticket page arrived
2026-07-27 16:21:09,565 | INFO     | ticket.py | get_team_open_tickets | Line 75 | Admin get team open tickets page arrived
2026-07-27 16:21:09,579 | INFO     | ticket.py | get_assigned_tickets | Line 41 | Admin get assigned tickets page arrived
2026-07-27 16:21:09,594 | INFO     | ticket.py | close_ticket | Line 239 | Support agent  close ticket page arrived
2026-07-27 16:21:09,695 | INFO     | ticket.py | get_team_open_tickets | Line 75 | Admin get team open tickets page arrived
2026-07-27 16:21:09,701 | INFO     | ticket.py | get_assigned_tickets | Line 41 | Admin get assigned tickets page arrived
2026-07-27 16:21:09,713 | INFO     | ticket.py | close_ticket | Line 239 | Support agent  close ticket page arrived
2026-07-27 16:21:09,820 | INFO     | ticket.py | get_team_open_tickets | Line 75 | Admin get team open tickets page arrived
2026-07-27 16:21:09,828 | INFO     | ticket.py | get_assigned_tickets | Line 41 | Admin get assigned tickets page arrived
2026-07-27 16:21:09,841 | INFO     | ticket.py | close_ticket | Line 239 | Support agent  close ticket page arrived
2026-07-27 16:21:09,951 | INFO     | ticket.py | get_team_open_tickets | Line 75 | Admin get team open tickets page arrived
2026-07-27 16:21:09,959 | INFO     | ticket.py | get_assigned_tickets | Line 41 | Admin get assigned tickets page arrived
2026-07-27 16:21:09,969 | INFO     | ticket.py | close_ticket | Line 239 | Support agent  close ticket page arrived
2026-07-27 16:21:10,091 | INFO     | ticket.py | get_team_open_tickets | Line 75 | Admin get team open tickets page arrived
2026-07-27 16:21:10,099 | INFO     | ticket.py | get_assigned_tickets | Line 41 | Admin get assigned tickets page arrived
2026-07-27 16:21:10,110 | INFO     | ticket.py | close_ticket | Line 239 | Support agent  close ticket page arrived
2026-07-27 16:21:10,223 | INFO     | ticket.py | get_team_open_tickets | Line 75 | Admin get team open tickets page arrived
2026-07-27 16:21:10,231 | INFO     | ticket.py | get_assigned_tickets | Line 41 | Admin get assigned tickets page arrived
2026-07-27 16:21:10,242 | INFO     | ticket.py | close_ticket | Line 239 | Support agent  close ticket page arrived
2026-07-27 16:21:10,334 | INFO     | ticket.py | get_team_open_tickets | Line 75 | Admin get team open tickets page arrived
2026-07-27 16:21:10,341 | INFO     | ticket.py | get_assigned_tickets | Line 41 | Admin get assigned tickets page arrived
2026-07-27 16:21:10,352 | INFO     | ticket.py | close_ticket | Line 239 | Support agent  close ticket page arrived
2026-07-27 16:21:10,461 | INFO     | ticket.py | get_team_open_tickets | Line 75 | Admin get team open tickets page arrived
2026-07-27 16:21:10,472 | INFO     | ticket.py | get_assigned_tickets | Line 41 | Admin get assigned tickets page arrived
2026-07-27 16:21:10,486 | INFO     | ticket.py | close_ticket | Line 239 | Support agent  close ticket page arrived
2026-07-27 16:21:10,598 | INFO     | ticket.py | get_team_open_tickets | Line 75 | Admin get team open tickets page arrived
2026-07-27 16:21:10,605 | INFO     | ticket.py | get_assigned_tickets | Line 41 | Admin get assigned tickets page arrived
2026-07-27 16:21:10,619 | INFO     | ticket.py | close_ticket | Line 239 | Support agent  close ticket page arrived
2026-07-27 16:21:10,721 | INFO     | ticket.py | get_team_open_tickets | Line 75 | Admin get team open tickets page arrived
2026-07-27 16:21:10,727 | INFO     | ticket.py | get_assigned_tickets | Line 41 | Admin get assigned tickets page arrived
2026-07-27 16:21:10,738 | INFO     | ticket.py | close_ticket | Line 239 | Support agent  close ticket page arrived
2026-07-27 16:21:10,839 | INFO     | ticket.py | get_team_open_tickets | Line 75 | Admin get team open tickets page arrived
2026-07-27 16:21:10,846 | INFO     | ticket.py | get_assigned_tickets | Line 41 | Admin get assigned tickets page arrived
2026-07-27 16:21:10,860 | INFO     | ticket.py | close_ticket | Line 239 | Support agent  close ticket page arrived
2026-07-27 16:21:11,051 | INFO     | ticket.py | get_team_open_tickets | Line 75 | Admin get team open tickets page arrived
2026-07-27 16:21:11,061 | INFO     | ticket.py | get_assigned_tickets | Line 41 | Admin get assigned tickets page arrived
2026-07-27 16:21:11,071 | INFO     | ticket.py | close_ticket | Line 239 | Support agent  close ticket page arrived
2026-07-27 16:21:11,180 | INFO     | ticket.py | get_team_open_tickets | Line 75 | Admin get team open tickets page arrived
2026-07-27 16:21:11,192 | INFO     | ticket.py | get_assigned_tickets | Line 41 | Admin get assigned tickets page arrived
2026-07-27 16:21:11,206 | INFO     | ticket.py | close_ticket | Line 239 | Support agent  close ticket page arrived
2026-07-27 16:21:11,313 | INFO     | ticket.py | get_team_open_tickets | Line 75 | Admin get team open tickets page arrived
2026-07-27 16:21:11,320 | INFO     | ticket.py | get_assigned_tickets | Line 41 | Admin get assigned tickets page arrived
2026-07-27 16:21:11,329 | INFO     | ticket.py | close_ticket | Line 239 | Support agent  close ticket page arrived
2026-07-27 16:21:11,438 | INFO     | ticket.py | get_team_open_tickets | Line 75 | Admin get team open tickets page arrived
2026-07-27 16:21:11,448 | INFO     | ticket.py | get_assigned_tickets | Line 41 | Admin get assigned tickets page arrived
2026-07-27 16:21:11,464 | INFO     | ticket.py | close_ticket | Line 239 | Support agent  close ticket page arrived
2026-07-27 16:21:11,567 | INFO     | ticket.py | get_team_open_tickets | Line 75 | Admin get team open tickets page arrived
2026-07-27 16:21:11,577 | INFO     | ticket.py | get_assigned_tickets | Line 41 | Admin get assigned tickets page arrived
2026-07-27 16:21:11,592 | INFO     | ticket.py | close_ticket | Line 239 | Support agent  close ticket page arrived
2026-07-27 16:21:11,707 | INFO     | ticket.py | get_team_open_tickets | Line 75 | Admin get team open tickets page arrived
2026-07-27 16:21:11,716 | INFO     | ticket.py | get_assigned_tickets | Line 41 | Admin get assigned tickets page arrived
2026-07-27 16:21:11,728 | INFO     | ticket.py | close_ticket | Line 239 | Support agent  close ticket page arrived
2026-07-27 16:21:11,827 | INFO     | ticket.py | get_team_open_tickets | Line 75 | Admin get team open tickets page arrived
2026-07-27 16:21:11,835 | INFO     | ticket.py | get_assigned_tickets | Line 41 | Admin get assigned tickets page arrived
2026-07-27 16:21:11,847 | INFO     | ticket.py | close_ticket | Line 239 | Support agent  close ticket page arrived
2026-07-27 16:21:11,936 | INFO     | ticket.py | get_team_open_tickets | Line 75 | Admin get team open tickets page arrived
2026-07-27 16:21:11,944 | INFO     | ticket.py | get_assigned_tickets | Line 41 | Admin get assigned tickets page arrived
2026-07-27 16:21:11,954 | INFO     | ticket.py | close_ticket | Line 239 | Support agent  close ticket page arrived
2026-07-27 16:21:12,061 | INFO     | ticket.py | get_team_open_tickets | Line 75 | Admin get team open tickets page arrived
2026-07-27 16:21:12,068 | INFO     | ticket.py | get_assigned_tickets | Line 41 | Admin get assigned tickets page arrived
2026-07-27 16:21:12,082 | INFO     | ticket.py | close_ticket | Line 239 | Support agent  close ticket page arrived
2026-07-27 16:21:12,182 | INFO     | ticket.py | get_team_open_tickets | Line 75 | Admin get team open tickets page arrived
2026-07-27 16:21:12,193 | INFO     | ticket.py | get_assigned_tickets | Line 41 | Admin get assigned tickets page arrived
2026-07-27 16:21:12,206 | INFO     | ticket.py | close_ticket | Line 239 | Support agent  close ticket page arrived
2026-07-27 16:21:12,296 | INFO     | ticket.py | get_team_open_tickets | Line 75 | Admin get team open tickets page arrived
2026-07-27 16:21:12,303 | INFO     | ticket.py | get_assigned_tickets | Line 41 | Admin get assigned tickets page arrived
2026-07-27 16:21:12,317 | INFO     | ticket.py | close_ticket | Line 239 | Support agent  close ticket page arrived
2026-07-27 16:21:12,409 | INFO     | ticket.py | get_team_open_tickets | Line 75 | Admin get team open tickets page arrived
2026-07-27 16:21:12,421 | INFO     | ticket.py | get_assigned_tickets | Line 41 | Admin get assigned tickets page arrived
2026-07-27 16:21:12,438 | INFO     | ticket.py | close_ticket | Line 239 | Support agent  close ticket page arrived
2026-07-27 16:21:12,557 | INFO     | ticket.py | get_team_open_tickets | Line 75 | Admin get team open tickets page arrived
2026-07-27 16:21:12,568 | INFO     | ticket.py | get_assigned_tickets | Line 41 | Admin get assigned tickets page arrived
2026-07-27 16:21:12,581 | INFO     | ticket.py | close_ticket | Line 239 | Support agent  close ticket page arrived
2026-07-27 16:21:12,692 | INFO     | ticket.py | get_team_open_tickets | Line 75 | Admin get team open tickets page arrived
2026-07-27 16:21:12,700 | INFO     | ticket.py | get_assigned_tickets | Line 41 | Admin get assigned tickets page arrived
2026-07-27 16:21:12,712 | INFO     | ticket.py | close_ticket | Line 239 | Support agent  close ticket page arrived
2026-07-27 16:21:12,826 | INFO     | ticket.py | get_team_open_tickets | Line 75 | Admin get team open tickets page arrived
2026-07-27 16:21:12,834 | INFO     | ticket.py | get_assigned_tickets | Line 41 | Admin get assigned tickets page arrived
2026-07-27 16:21:12,847 | INFO     | ticket.py | close_ticket | Line 239 | Support agent  close ticket page arrived
2026-07-27 16:21:12,953 | INFO     | ticket.py | get_team_open_tickets | Line 75 | Admin get team open tickets page arrived
2026-07-27 16:21:12,961 | INFO     | ticket.py | get_assigned_tickets | Line 41 | Admin get assigned tickets page arrived
2026-07-27 16:21:12,976 | INFO     | ticket.py | close_ticket | Line 239 | Support agent  close ticket page arrived
2026-07-27 16:21:13,074 | INFO     | ticket.py | get_team_open_tickets | Line 75 | Admin get team open tickets page arrived
2026-07-27 16:21:13,085 | INFO     | ticket.py | get_assigned_tickets | Line 41 | Admin get assigned tickets page arrived
2026-07-27 16:21:13,100 | INFO     | ticket.py | close_ticket | Line 239 | Support agent  close ticket page arrived
2026-07-27 16:21:13,218 | INFO     | ticket.py | get_team_open_tickets | Line 75 | Admin get team open tickets page arrived
2026-07-27 16:21:13,227 | INFO     | ticket.py | get_assigned_tickets | Line 41 | Admin get assigned tickets page arrived
2026-07-27 16:21:13,239 | INFO     | ticket.py | close_ticket | Line 239 | Support agent  close ticket page arrived
2026-07-27 16:21:13,336 | INFO     | ticket.py | get_team_open_tickets | Line 75 | Admin get team open tickets page arrived
2026-07-27 16:21:13,344 | INFO     | ticket.py | get_assigned_tickets | Line 41 | Admin get assigned tickets page arrived
2026-07-27 16:21:13,360 | INFO     | ticket.py | close_ticket | Line 239 | Support agent  close ticket page arrived
2026-07-27 16:21:13,473 | INFO     | ticket.py | get_team_open_tickets | Line 75 | Admin get team open tickets page arrived
2026-07-27 16:21:13,484 | INFO     | ticket.py | get_assigned_tickets | Line 41 | Admin get assigned tickets page arrived
2026-07-27 16:21:13,497 | INFO     | ticket.py | close_ticket | Line 239 | Support agent  close ticket page arrived
2026-07-27 16:21:13,600 | INFO     | ticket.py | get_team_open_tickets | Line 75 | Admin get team open tickets page arrived
2026-07-27 16:21:13,609 | INFO     | ticket.py | get_assigned_tickets | Line 41 | Admin get assigned tickets page arrived
2026-07-27 16:21:13,622 | INFO     | ticket.py | close_ticket | Line 239 | Support agent  close ticket page arrived
2026-07-27 16:21:13,728 | INFO     | ticket.py | get_team_open_tickets | Line 75 | Admin get team open tickets page arrived
2026-07-27 16:21:13,738 | INFO     | ticket.py | get_assigned_tickets | Line 41 | Admin get assigned tickets page arrived
2026-07-27 16:21:13,749 | INFO     | ticket.py | close_ticket | Line 239 | Support agent  close ticket page arrived
2026-07-27 16:21:13,839 | INFO     | ticket.py | get_team_open_tickets | Line 75 | Admin get team open tickets page arrived
2026-07-27 16:21:13,847 | INFO     | ticket.py | get_assigned_tickets | Line 41 | Admin get assigned tickets page arrived
2026-07-27 16:21:13,858 | INFO     | ticket.py | close_ticket | Line 239 | Support agent  close ticket page arrived
2026-07-27 16:21:13,950 | INFO     | ticket.py | get_team_open_tickets | Line 75 | Admin get team open tickets page arrived
2026-07-27 16:21:13,957 | INFO     | ticket.py | get_assigned_tickets | Line 41 | Admin get assigned tickets page arrived
2026-07-27 16:21:13,968 | INFO     | ticket.py | close_ticket | Line 239 | Support agent  close ticket page arrived
2026-07-27 16:21:14,083 | INFO     | ticket.py | get_team_open_tickets | Line 75 | Admin get team open tickets page arrived
2026-07-27 16:21:14,092 | INFO     | ticket.py | get_assigned_tickets | Line 41 | Admin get assigned tickets page arrived
2026-07-27 16:21:14,102 | INFO     | ticket.py | close_ticket | Line 239 | Support agent  close ticket page arrived
2026-07-27 16:21:14,196 | INFO     | ticket.py | get_team_open_tickets | Line 75 | Admin get team open tickets page arrived
2026-07-27 16:21:14,203 | INFO     | ticket.py | get_assigned_tickets | Line 41 | Admin get assigned tickets page arrived
2026-07-27 16:21:14,214 | INFO     | ticket.py | close_ticket | Line 239 | Support agent  close ticket page arrived
2026-07-27 16:21:14,313 | INFO     | ticket.py | get_team_open_tickets | Line 75 | Admin get team open tickets page arrived
2026-07-27 16:21:14,321 | INFO     | ticket.py | get_assigned_tickets | Line 41 | Admin get assigned tickets page arrived
2026-07-27 16:21:14,332 | INFO     | ticket.py | close_ticket | Line 239 | Support agent  close ticket page arrived
2026-07-27 16:21:14,443 | INFO     | ticket.py | get_team_open_tickets | Line 75 | Admin get team open tickets page arrived
2026-07-27 16:21:14,455 | INFO     | ticket.py | get_assigned_tickets | Line 41 | Admin get assigned tickets page arrived
2026-07-27 16:21:14,469 | INFO     | ticket.py | close_ticket | Line 239 | Support agent  close ticket page arrived
2026-07-27 16:21:14,579 | INFO     | ticket.py | get_team_open_tickets | Line 75 | Admin get team open tickets page arrived
2026-07-27 16:21:14,586 | INFO     | ticket.py | get_assigned_tickets | Line 41 | Admin get assigned tickets page arrived
2026-07-27 16:21:14,596 | INFO     | ticket.py | close_ticket | Line 239 | Support agent  close ticket page arrived
2026-07-27 16:21:14,692 | INFO     | ticket.py | get_team_open_tickets | Line 75 | Admin get team open tickets page arrived
2026-07-27 16:21:14,703 | INFO     | ticket.py | get_assigned_tickets | Line 41 | Admin get assigned tickets page arrived
2026-07-27 16:21:14,718 | INFO     | ticket.py | close_ticket | Line 239 | Support agent  close ticket page arrived
2026-07-27 16:21:50,781 | INFO     | auth.py | login | Line 48 | Login post page arrived
2026-07-27 16:21:52,365 | INFO     | ticket.py | get_team_open_tickets | Line 75 | Admin get team open tickets page arrived
2026-07-27 16:21:52,385 | INFO     | ticket.py | get_assigned_tickets | Line 41 | Admin get assigned tickets page arrived
2026-07-27 16:21:52,401 | INFO     | ticket.py | close_ticket | Line 239 | Support agent  close ticket page arrived
2026-07-27 16:21:52,499 | INFO     | ticket.py | get_team_open_tickets | Line 75 | Admin get team open tickets page arrived
2026-07-27 16:21:52,515 | INFO     | ticket.py | get_assigned_tickets | Line 41 | Admin get assigned tickets page arrived
2026-07-27 16:21:52,536 | INFO     | ticket.py | close_ticket | Line 239 | Support agent  close ticket page arrived
2026-07-27 16:21:52,635 | INFO     | ticket.py | get_team_open_tickets | Line 75 | Admin get team open tickets page arrived
2026-07-27 16:21:52,643 | INFO     | ticket.py | get_assigned_tickets | Line 41 | Admin get assigned tickets page arrived
2026-07-27 16:21:52,651 | INFO     | ticket.py | close_ticket | Line 239 | Support agent  close ticket page arrived
2026-07-27 16:21:52,727 | INFO     | ticket.py | get_team_open_tickets | Line 75 | Admin get team open tickets page arrived
2026-07-27 16:21:52,736 | INFO     | ticket.py | get_assigned_tickets | Line 41 | Admin get assigned tickets page arrived
2026-07-27 16:21:52,748 | INFO     | ticket.py | close_ticket | Line 239 | Support agent  close ticket page arrived
2026-07-27 16:21:52,827 | INFO     | ticket.py | get_team_open_tickets | Line 75 | Admin get team open tickets page arrived
2026-07-27 16:21:52,833 | INFO     | ticket.py | get_assigned_tickets | Line 41 | Admin get assigned tickets page arrived
2026-07-27 16:21:52,842 | INFO     | ticket.py | close_ticket | Line 239 | Support agent  close ticket page arrived
2026-07-27 16:21:52,922 | INFO     | ticket.py | get_team_open_tickets | Line 75 | Admin get team open tickets page arrived
2026-07-27 16:21:52,930 | INFO     | ticket.py | get_assigned_tickets | Line 41 | Admin get assigned tickets page arrived
2026-07-27 16:21:52,942 | INFO     | ticket.py | close_ticket | Line 239 | Support agent  close ticket page arrived
2026-07-27 16:21:53,011 | INFO     | ticket.py | get_team_open_tickets | Line 75 | Admin get team open tickets page arrived
2026-07-27 16:21:53,019 | INFO     | ticket.py | get_assigned_tickets | Line 41 | Admin get assigned tickets page arrived
2026-07-27 16:21:53,027 | INFO     | ticket.py | close_ticket | Line 239 | Support agent  close ticket page arrived
2026-07-27 16:21:53,105 | INFO     | ticket.py | get_team_open_tickets | Line 75 | Admin get team open tickets page arrived
2026-07-27 16:21:53,116 | INFO     | ticket.py | get_assigned_tickets | Line 41 | Admin get assigned tickets page arrived
2026-07-27 16:21:53,125 | INFO     | ticket.py | close_ticket | Line 239 | Support agent  close ticket page arrived
2026-07-27 16:21:53,202 | INFO     | ticket.py | get_team_open_tickets | Line 75 | Admin get team open tickets page arrived
2026-07-27 16:21:53,210 | INFO     | ticket.py | get_assigned_tickets | Line 41 | Admin get assigned tickets page arrived
2026-07-27 16:21:53,219 | INFO     | ticket.py | close_ticket | Line 239 | Support agent  close ticket page arrived
2026-07-27 16:21:53,289 | INFO     | ticket.py | get_team_open_tickets | Line 75 | Admin get team open tickets page arrived
2026-07-27 16:21:53,297 | INFO     | ticket.py | get_assigned_tickets | Line 41 | Admin get assigned tickets page arrived
2026-07-27 16:21:53,306 | INFO     | ticket.py | close_ticket | Line 239 | Support agent  close ticket page arrived
2026-07-27 16:21:53,409 | INFO     | ticket.py | get_team_open_tickets | Line 75 | Admin get team open tickets page arrived
2026-07-27 16:21:53,419 | INFO     | ticket.py | get_assigned_tickets | Line 41 | Admin get assigned tickets page arrived
2026-07-27 16:21:53,433 | INFO     | ticket.py | close_ticket | Line 239 | Support agent  close ticket page arrived
2026-07-27 16:21:53,552 | INFO     | ticket.py | get_team_open_tickets | Line 75 | Admin get team open tickets page arrived
2026-07-27 16:21:53,562 | INFO     | ticket.py | get_assigned_tickets | Line 41 | Admin get assigned tickets page arrived
2026-07-27 16:21:53,570 | INFO     | ticket.py | close_ticket | Line 239 | Support agent  close ticket page arrived
2026-07-27 16:21:53,660 | INFO     | ticket.py | get_team_open_tickets | Line 75 | Admin get team open tickets page arrived
2026-07-27 16:21:53,671 | INFO     | ticket.py | get_assigned_tickets | Line 41 | Admin get assigned tickets page arrived
2026-07-27 16:21:53,684 | INFO     | ticket.py | close_ticket | Line 239 | Support agent  close ticket page arrived
2026-07-27 16:21:53,763 | INFO     | ticket.py | get_team_open_tickets | Line 75 | Admin get team open tickets page arrived
2026-07-27 16:21:53,771 | INFO     | ticket.py | get_assigned_tickets | Line 41 | Admin get assigned tickets page arrived
2026-07-27 16:21:53,781 | INFO     | ticket.py | close_ticket | Line 239 | Support agent  close ticket page arrived
2026-07-27 16:21:53,857 | INFO     | ticket.py | get_team_open_tickets | Line 75 | Admin get team open tickets page arrived
2026-07-27 16:21:53,865 | INFO     | ticket.py | get_assigned_tickets | Line 41 | Admin get assigned tickets page arrived
2026-07-27 16:21:53,876 | INFO     | ticket.py | close_ticket | Line 239 | Support agent  close ticket page arrived
2026-07-27 16:21:53,953 | INFO     | ticket.py | get_team_open_tickets | Line 75 | Admin get team open tickets page arrived
2026-07-27 16:21:53,962 | INFO     | ticket.py | get_assigned_tickets | Line 41 | Admin get assigned tickets page arrived
2026-07-27 16:21:53,973 | INFO     | ticket.py | close_ticket | Line 239 | Support agent  close ticket page arrived
2026-07-27 16:21:54,057 | INFO     | ticket.py | get_team_open_tickets | Line 75 | Admin get team open tickets page arrived
2026-07-27 16:21:54,064 | INFO     | ticket.py | get_assigned_tickets | Line 41 | Admin get assigned tickets page arrived
2026-07-27 16:21:54,073 | INFO     | ticket.py | close_ticket | Line 239 | Support agent  close ticket page arrived
2026-07-27 16:21:54,143 | INFO     | ticket.py | get_team_open_tickets | Line 75 | Admin get team open tickets page arrived
2026-07-27 16:21:54,150 | INFO     | ticket.py | get_assigned_tickets | Line 41 | Admin get assigned tickets page arrived
2026-07-27 16:21:54,159 | INFO     | ticket.py | close_ticket | Line 239 | Support agent  close ticket page arrived
2026-07-27 16:21:54,225 | INFO     | ticket.py | get_team_open_tickets | Line 75 | Admin get team open tickets page arrived
2026-07-27 16:21:54,232 | INFO     | ticket.py | get_assigned_tickets | Line 41 | Admin get assigned tickets page arrived
2026-07-27 16:21:54,242 | INFO     | ticket.py | close_ticket | Line 239 | Support agent  close ticket page arrived
2026-07-27 16:21:54,322 | INFO     | ticket.py | get_team_open_tickets | Line 75 | Admin get team open tickets page arrived
2026-07-27 16:21:54,329 | INFO     | ticket.py | get_assigned_tickets | Line 41 | Admin get assigned tickets page arrived
2026-07-27 16:21:54,340 | INFO     | ticket.py | close_ticket | Line 239 | Support agent  close ticket page arrived
2026-07-27 16:21:54,417 | INFO     | ticket.py | get_team_open_tickets | Line 75 | Admin get team open tickets page arrived
2026-07-27 16:21:54,426 | INFO     | ticket.py | get_assigned_tickets | Line 41 | Admin get assigned tickets page arrived
2026-07-27 16:21:54,440 | INFO     | ticket.py | close_ticket | Line 239 | Support agent  close ticket page arrived
2026-07-27 16:21:54,529 | INFO     | ticket.py | get_team_open_tickets | Line 75 | Admin get team open tickets page arrived
2026-07-27 16:21:54,541 | INFO     | ticket.py | get_assigned_tickets | Line 41 | Admin get assigned tickets page arrived
2026-07-27 16:21:54,556 | INFO     | ticket.py | close_ticket | Line 239 | Support agent  close ticket page arrived
2026-07-27 16:21:54,634 | INFO     | ticket.py | get_team_open_tickets | Line 75 | Admin get team open tickets page arrived
2026-07-27 16:21:54,641 | INFO     | ticket.py | get_assigned_tickets | Line 41 | Admin get assigned tickets page arrived
2026-07-27 16:21:54,651 | INFO     | ticket.py | close_ticket | Line 239 | Support agent  close ticket page arrived
2026-07-27 16:21:54,723 | INFO     | ticket.py | get_team_open_tickets | Line 75 | Admin get team open tickets page arrived
2026-07-27 16:21:54,729 | INFO     | ticket.py | get_assigned_tickets | Line 41 | Admin get assigned tickets page arrived
2026-07-27 16:21:54,739 | INFO     | ticket.py | close_ticket | Line 239 | Support agent  close ticket page arrived
2026-07-27 16:21:54,822 | INFO     | ticket.py | get_team_open_tickets | Line 75 | Admin get team open tickets page arrived
2026-07-27 16:21:54,834 | INFO     | ticket.py | get_assigned_tickets | Line 41 | Admin get assigned tickets page arrived
2026-07-27 16:21:54,851 | INFO     | ticket.py | close_ticket | Line 239 | Support agent  close ticket page arrived
2026-07-27 16:21:54,933 | INFO     | ticket.py | get_team_open_tickets | Line 75 | Admin get team open tickets page arrived
2026-07-27 16:21:54,940 | INFO     | ticket.py | get_assigned_tickets | Line 41 | Admin get assigned tickets page arrived
2026-07-27 16:21:54,950 | INFO     | ticket.py | close_ticket | Line 239 | Support agent  close ticket page arrived
2026-07-27 16:21:55,033 | INFO     | ticket.py | get_team_open_tickets | Line 75 | Admin get team open tickets page arrived
2026-07-27 16:21:55,046 | INFO     | ticket.py | get_assigned_tickets | Line 41 | Admin get assigned tickets page arrived
2026-07-27 16:21:55,064 | INFO     | ticket.py | close_ticket | Line 239 | Support agent  close ticket page arrived
2026-07-27 16:21:55,160 | INFO     | ticket.py | get_team_open_tickets | Line 75 | Admin get team open tickets page arrived
2026-07-27 16:21:55,171 | INFO     | ticket.py | get_assigned_tickets | Line 41 | Admin get assigned tickets page arrived
2026-07-27 16:21:55,184 | INFO     | ticket.py | close_ticket | Line 239 | Support agent  close ticket page arrived
2026-07-27 16:21:55,261 | INFO     | ticket.py | get_team_open_tickets | Line 75 | Admin get team open tickets page arrived
2026-07-27 16:21:55,268 | INFO     | ticket.py | get_assigned_tickets | Line 41 | Admin get assigned tickets page arrived
2026-07-27 16:21:55,286 | INFO     | ticket.py | close_ticket | Line 239 | Support agent  close ticket page arrived
2026-07-27 16:21:55,364 | INFO     | ticket.py | get_team_open_tickets | Line 75 | Admin get team open tickets page arrived
2026-07-27 16:21:55,371 | INFO     | ticket.py | get_assigned_tickets | Line 41 | Admin get assigned tickets page arrived
2026-07-27 16:21:55,380 | INFO     | ticket.py | close_ticket | Line 239 | Support agent  close ticket page arrived
2026-07-27 16:21:55,457 | INFO     | ticket.py | get_team_open_tickets | Line 75 | Admin get team open tickets page arrived
2026-07-27 16:21:55,465 | INFO     | ticket.py | get_assigned_tickets | Line 41 | Admin get assigned tickets page arrived
2026-07-27 16:21:55,475 | INFO     | ticket.py | close_ticket | Line 239 | Support agent  close ticket page arrived
2026-07-27 16:21:55,558 | INFO     | ticket.py | get_team_open_tickets | Line 75 | Admin get team open tickets page arrived
2026-07-27 16:21:55,571 | INFO     | ticket.py | get_assigned_tickets | Line 41 | Admin get assigned tickets page arrived
2026-07-27 16:21:55,589 | INFO     | ticket.py | close_ticket | Line 239 | Support agent  close ticket page arrived
2026-07-27 16:21:55,700 | INFO     | ticket.py | get_team_open_tickets | Line 75 | Admin get team open tickets page arrived
2026-07-27 16:21:55,714 | INFO     | ticket.py | get_assigned_tickets | Line 41 | Admin get assigned tickets page arrived
2026-07-27 16:21:55,730 | INFO     | ticket.py | close_ticket | Line 239 | Support agent  close ticket page arrived
2026-07-27 16:21:55,809 | INFO     | ticket.py | get_team_open_tickets | Line 75 | Admin get team open tickets page arrived
2026-07-27 16:21:55,816 | INFO     | ticket.py | get_assigned_tickets | Line 41 | Admin get assigned tickets page arrived
2026-07-27 16:21:55,825 | INFO     | ticket.py | close_ticket | Line 239 | Support agent  close ticket page arrived
2026-07-27 16:21:55,898 | INFO     | ticket.py | get_team_open_tickets | Line 75 | Admin get team open tickets page arrived
2026-07-27 16:21:55,905 | INFO     | ticket.py | get_assigned_tickets | Line 41 | Admin get assigned tickets page arrived
2026-07-27 16:21:55,914 | INFO     | ticket.py | close_ticket | Line 239 | Support agent  close ticket page arrived
2026-07-27 16:21:55,996 | INFO     | ticket.py | get_team_open_tickets | Line 75 | Admin get team open tickets page arrived
2026-07-27 16:21:56,006 | INFO     | ticket.py | get_assigned_tickets | Line 41 | Admin get assigned tickets page arrived
2026-07-27 16:21:56,018 | INFO     | ticket.py | close_ticket | Line 239 | Support agent  close ticket page arrived
2026-07-27 16:21:56,102 | INFO     | ticket.py | get_team_open_tickets | Line 75 | Admin get team open tickets page arrived
2026-07-27 16:21:56,113 | INFO     | ticket.py | get_assigned_tickets | Line 41 | Admin get assigned tickets page arrived
2026-07-27 16:21:56,128 | INFO     | ticket.py | close_ticket | Line 239 | Support agent  close ticket page arrived
2026-07-27 16:21:56,225 | INFO     | ticket.py | get_team_open_tickets | Line 75 | Admin get team open tickets page arrived
2026-07-27 16:21:56,237 | INFO     | ticket.py | get_assigned_tickets | Line 41 | Admin get assigned tickets page arrived
2026-07-27 16:21:56,253 | INFO     | ticket.py | close_ticket | Line 239 | Support agent  close ticket page arrived
2026-07-27 16:21:56,348 | INFO     | ticket.py | get_team_open_tickets | Line 75 | Admin get team open tickets page arrived
2026-07-27 16:21:56,356 | INFO     | ticket.py | get_assigned_tickets | Line 41 | Admin get assigned tickets page arrived
2026-07-27 16:21:56,366 | INFO     | ticket.py | close_ticket | Line 239 | Support agent  close ticket page arrived
2026-07-27 16:21:56,449 | INFO     | ticket.py | get_team_open_tickets | Line 75 | Admin get team open tickets page arrived
2026-07-27 16:21:56,460 | INFO     | ticket.py | get_assigned_tickets | Line 41 | Admin get assigned tickets page arrived
2026-07-27 16:21:56,471 | INFO     | ticket.py | close_ticket | Line 239 | Support agent  close ticket page arrived
2026-07-27 16:21:56,555 | INFO     | ticket.py | get_team_open_tickets | Line 75 | Admin get team open tickets page arrived
2026-07-27 16:21:56,563 | INFO     | ticket.py | get_assigned_tickets | Line 41 | Admin get assigned tickets page arrived
2026-07-27 16:21:56,577 | INFO     | ticket.py | close_ticket | Line 239 | Support agent  close ticket page arrived
2026-07-27 16:21:56,650 | INFO     | ticket.py | get_team_open_tickets | Line 75 | Admin get team open tickets page arrived
2026-07-27 16:21:56,659 | INFO     | ticket.py | get_assigned_tickets | Line 41 | Admin get assigned tickets page arrived
2026-07-27 16:21:56,668 | INFO     | ticket.py | close_ticket | Line 239 | Support agent  close ticket page arrived
2026-07-27 16:21:56,748 | INFO     | ticket.py | get_team_open_tickets | Line 75 | Admin get team open tickets page arrived
2026-07-27 16:21:56,756 | INFO     | ticket.py | get_assigned_tickets | Line 41 | Admin get assigned tickets page arrived
2026-07-27 16:21:56,767 | INFO     | ticket.py | close_ticket | Line 239 | Support agent  close ticket page arrived
2026-07-27 16:21:56,859 | INFO     | ticket.py | get_team_open_tickets | Line 75 | Admin get team open tickets page arrived
2026-07-27 16:21:56,870 | INFO     | ticket.py | get_assigned_tickets | Line 41 | Admin get assigned tickets page arrived
2026-07-27 16:21:56,888 | INFO     | ticket.py | close_ticket | Line 239 | Support agent  close ticket page arrived
2026-07-27 16:21:56,968 | INFO     | ticket.py | get_team_open_tickets | Line 75 | Admin get team open tickets page arrived
2026-07-27 16:21:56,976 | INFO     | ticket.py | get_assigned_tickets | Line 41 | Admin get assigned tickets page arrived
2026-07-27 16:21:56,986 | INFO     | ticket.py | close_ticket | Line 239 | Support agent  close ticket page arrived
2026-07-27 16:21:57,070 | INFO     | ticket.py | get_team_open_tickets | Line 75 | Admin get team open tickets page arrived
2026-07-27 16:21:57,077 | INFO     | ticket.py | get_assigned_tickets | Line 41 | Admin get assigned tickets page arrived
2026-07-27 16:21:57,087 | INFO     | ticket.py | close_ticket | Line 239 | Support agent  close ticket page arrived
2026-07-27 16:21:57,164 | INFO     | ticket.py | get_team_open_tickets | Line 75 | Admin get team open tickets page arrived
2026-07-27 16:21:57,172 | INFO     | ticket.py | get_assigned_tickets | Line 41 | Admin get assigned tickets page arrived
2026-07-27 16:21:57,183 | INFO     | ticket.py | close_ticket | Line 239 | Support agent  close ticket page arrived
2026-07-27 16:21:57,265 | INFO     | ticket.py | get_team_open_tickets | Line 75 | Admin get team open tickets page arrived
2026-07-27 16:21:57,274 | INFO     | ticket.py | get_assigned_tickets | Line 41 | Admin get assigned tickets page arrived
2026-07-27 16:21:57,287 | INFO     | ticket.py | close_ticket | Line 239 | Support agent  close ticket page arrived
2026-07-27 16:21:57,366 | INFO     | ticket.py | get_team_open_tickets | Line 75 | Admin get team open tickets page arrived
2026-07-27 16:21:57,374 | INFO     | ticket.py | get_assigned_tickets | Line 41 | Admin get assigned tickets page arrived
2026-07-27 16:21:57,385 | INFO     | ticket.py | close_ticket | Line 239 | Support agent  close ticket page arrived
2026-07-27 16:21:57,465 | INFO     | ticket.py | get_team_open_tickets | Line 75 | Admin get team open tickets page arrived
2026-07-27 16:21:57,474 | INFO     | ticket.py | get_assigned_tickets | Line 41 | Admin get assigned tickets page arrived
2026-07-27 16:21:57,485 | INFO     | ticket.py | close_ticket | Line 239 | Support agent  close ticket page arrived
2026-07-27 16:21:57,567 | INFO     | ticket.py | get_team_open_tickets | Line 75 | Admin get team open tickets page arrived
2026-07-27 16:21:57,575 | INFO     | ticket.py | get_assigned_tickets | Line 41 | Admin get assigned tickets page arrived
2026-07-27 16:21:57,586 | INFO     | ticket.py | close_ticket | Line 239 | Support agent  close ticket page arrived
2026-07-27 16:21:57,659 | INFO     | ticket.py | get_team_open_tickets | Line 75 | Admin get team open tickets page arrived
2026-07-27 16:21:57,667 | INFO     | ticket.py | get_assigned_tickets | Line 41 | Admin get assigned tickets page arrived
2026-07-27 16:21:57,677 | INFO     | ticket.py | close_ticket | Line 239 | Support agent  close ticket page arrived
2026-07-27 16:21:57,749 | INFO     | ticket.py | get_team_open_tickets | Line 75 | Admin get team open tickets page arrived
2026-07-27 16:21:57,758 | INFO     | ticket.py | get_assigned_tickets | Line 41 | Admin get assigned tickets page arrived
2026-07-27 16:21:57,769 | INFO     | ticket.py | close_ticket | Line 239 | Support agent  close ticket page arrived
2026-07-27 16:21:57,854 | INFO     | ticket.py | get_team_open_tickets | Line 75 | Admin get team open tickets page arrived
2026-07-27 16:21:57,865 | INFO     | ticket.py | get_assigned_tickets | Line 41 | Admin get assigned tickets page arrived
2026-07-27 16:21:57,878 | INFO     | ticket.py | close_ticket | Line 239 | Support agent  close ticket page arrived
2026-07-27 16:21:57,953 | INFO     | ticket.py | get_team_open_tickets | Line 75 | Admin get team open tickets page arrived
2026-07-27 16:21:57,959 | INFO     | ticket.py | get_assigned_tickets | Line 41 | Admin get assigned tickets page arrived
2026-07-27 16:21:57,969 | INFO     | ticket.py | close_ticket | Line 239 | Support agent  close ticket page arrived
2026-07-27 16:21:58,056 | INFO     | ticket.py | get_team_open_tickets | Line 75 | Admin get team open tickets page arrived
2026-07-27 16:21:58,066 | INFO     | ticket.py | get_assigned_tickets | Line 41 | Admin get assigned tickets page arrived
2026-07-27 16:21:58,076 | INFO     | ticket.py | close_ticket | Line 239 | Support agent  close ticket page arrived
2026-07-27 16:21:58,155 | INFO     | ticket.py | get_team_open_tickets | Line 75 | Admin get team open tickets page arrived
2026-07-27 16:21:58,161 | INFO     | ticket.py | get_assigned_tickets | Line 41 | Admin get assigned tickets page arrived
2026-07-27 16:21:58,171 | INFO     | ticket.py | close_ticket | Line 239 | Support agent  close ticket page arrived
2026-07-27 16:21:58,250 | INFO     | ticket.py | get_team_open_tickets | Line 75 | Admin get team open tickets page arrived
2026-07-27 16:21:58,257 | INFO     | ticket.py | get_assigned_tickets | Line 41 | Admin get assigned tickets page arrived
2026-07-27 16:21:58,268 | INFO     | ticket.py | close_ticket | Line 239 | Support agent  close ticket page arrived
2026-07-27 16:21:58,345 | INFO     | ticket.py | get_team_open_tickets | Line 75 | Admin get team open tickets page arrived
2026-07-27 16:21:58,353 | INFO     | ticket.py | get_assigned_tickets | Line 41 | Admin get assigned tickets page arrived
2026-07-27 16:21:58,363 | INFO     | ticket.py | close_ticket | Line 239 | Support agent  close ticket page arrived
2026-07-27 16:21:58,446 | INFO     | ticket.py | get_team_open_tickets | Line 75 | Admin get team open tickets page arrived
2026-07-27 16:21:58,457 | INFO     | ticket.py | get_assigned_tickets | Line 41 | Admin get assigned tickets page arrived
2026-07-27 16:21:58,470 | INFO     | ticket.py | close_ticket | Line 239 | Support agent  close ticket page arrived
2026-07-27 16:21:58,557 | INFO     | ticket.py | get_team_open_tickets | Line 75 | Admin get team open tickets page arrived
2026-07-27 16:21:58,567 | INFO     | ticket.py | get_assigned_tickets | Line 41 | Admin get assigned tickets page arrived
2026-07-27 16:21:58,579 | INFO     | ticket.py | close_ticket | Line 239 | Support agent  close ticket page arrived
2026-07-27 16:21:58,660 | INFO     | ticket.py | get_team_open_tickets | Line 75 | Admin get team open tickets page arrived
2026-07-27 16:21:58,669 | INFO     | ticket.py | get_assigned_tickets | Line 41 | Admin get assigned tickets page arrived
2026-07-27 16:21:58,679 | INFO     | ticket.py | close_ticket | Line 239 | Support agent  close ticket page arrived
2026-07-27 16:21:58,763 | INFO     | ticket.py | get_team_open_tickets | Line 75 | Admin get team open tickets page arrived
2026-07-27 16:21:58,770 | INFO     | ticket.py | get_assigned_tickets | Line 41 | Admin get assigned tickets page arrived
2026-07-27 16:21:58,781 | INFO     | ticket.py | close_ticket | Line 239 | Support agent  close ticket page arrived
2026-07-27 16:21:58,861 | INFO     | ticket.py | get_team_open_tickets | Line 75 | Admin get team open tickets page arrived
2026-07-27 16:21:58,869 | INFO     | ticket.py | get_assigned_tickets | Line 41 | Admin get assigned tickets page arrived
2026-07-27 16:21:58,881 | INFO     | ticket.py | close_ticket | Line 239 | Support agent  close ticket page arrived
2026-07-27 16:21:58,972 | INFO     | ticket.py | get_team_open_tickets | Line 75 | Admin get team open tickets page arrived
2026-07-27 16:21:58,980 | INFO     | ticket.py | get_assigned_tickets | Line 41 | Admin get assigned tickets page arrived
2026-07-27 16:21:58,993 | INFO     | ticket.py | close_ticket | Line 239 | Support agent  close ticket page arrived
2026-07-27 16:21:59,082 | INFO     | ticket.py | get_team_open_tickets | Line 75 | Admin get team open tickets page arrived
2026-07-27 16:21:59,091 | INFO     | ticket.py | get_assigned_tickets | Line 41 | Admin get assigned tickets page arrived
2026-07-27 16:21:59,102 | INFO     | ticket.py | close_ticket | Line 239 | Support agent  close ticket page arrived
2026-07-27 16:21:59,185 | INFO     | ticket.py | get_team_open_tickets | Line 75 | Admin get team open tickets page arrived
2026-07-27 16:21:59,193 | INFO     | ticket.py | get_assigned_tickets | Line 41 | Admin get assigned tickets page arrived
2026-07-27 16:21:59,205 | INFO     | ticket.py | close_ticket | Line 239 | Support agent  close ticket page arrived
2026-07-27 16:21:59,278 | INFO     | ticket.py | get_team_open_tickets | Line 75 | Admin get team open tickets page arrived
2026-07-27 16:21:59,288 | INFO     | ticket.py | get_assigned_tickets | Line 41 | Admin get assigned tickets page arrived
2026-07-27 16:21:59,296 | INFO     | ticket.py | close_ticket | Line 239 | Support agent  close ticket page arrived
2026-07-27 16:21:59,376 | INFO     | ticket.py | get_team_open_tickets | Line 75 | Admin get team open tickets page arrived
2026-07-27 16:21:59,386 | INFO     | ticket.py | get_assigned_tickets | Line 41 | Admin get assigned tickets page arrived
2026-07-27 16:21:59,396 | INFO     | ticket.py | close_ticket | Line 239 | Support agent  close ticket page arrived
2026-07-27 16:21:59,476 | INFO     | ticket.py | get_team_open_tickets | Line 75 | Admin get team open tickets page arrived
2026-07-27 16:21:59,482 | INFO     | ticket.py | get_assigned_tickets | Line 41 | Admin get assigned tickets page arrived
2026-07-27 16:21:59,492 | INFO     | ticket.py | close_ticket | Line 239 | Support agent  close ticket page arrived
2026-07-27 16:21:59,574 | INFO     | ticket.py | get_team_open_tickets | Line 75 | Admin get team open tickets page arrived
2026-07-27 16:21:59,581 | INFO     | ticket.py | get_assigned_tickets | Line 41 | Admin get assigned tickets page arrived
2026-07-27 16:21:59,591 | INFO     | ticket.py | close_ticket | Line 239 | Support agent  close ticket page arrived
2026-07-27 16:21:59,667 | INFO     | ticket.py | get_team_open_tickets | Line 75 | Admin get team open tickets page arrived
2026-07-27 16:21:59,674 | INFO     | ticket.py | get_assigned_tickets | Line 41 | Admin get assigned tickets page arrived
2026-07-27 16:21:59,684 | INFO     | ticket.py | close_ticket | Line 239 | Support agent  close ticket page arrived
2026-07-27 16:21:59,809 | INFO     | ticket.py | get_team_open_tickets | Line 75 | Admin get team open tickets page arrived
2026-07-27 16:21:59,820 | INFO     | ticket.py | get_assigned_tickets | Line 41 | Admin get assigned tickets page arrived
2026-07-27 16:21:59,832 | INFO     | ticket.py | close_ticket | Line 239 | Support agent  close ticket page arrived
2026-07-27 16:21:59,942 | INFO     | ticket.py | get_team_open_tickets | Line 75 | Admin get team open tickets page arrived
2026-07-27 16:21:59,949 | INFO     | ticket.py | get_assigned_tickets | Line 41 | Admin get assigned tickets page arrived
2026-07-27 16:21:59,958 | INFO     | ticket.py | close_ticket | Line 239 | Support agent  close ticket page arrived
2026-07-27 16:22:00,045 | INFO     | ticket.py | get_team_open_tickets | Line 75 | Admin get team open tickets page arrived
2026-07-27 16:22:00,054 | INFO     | ticket.py | get_assigned_tickets | Line 41 | Admin get assigned tickets page arrived
2026-07-27 16:22:00,069 | INFO     | ticket.py | close_ticket | Line 239 | Support agent  close ticket page arrived
2026-07-27 16:22:00,144 | INFO     | ticket.py | get_team_open_tickets | Line 75 | Admin get team open tickets page arrived
2026-07-27 16:22:00,151 | INFO     | ticket.py | get_assigned_tickets | Line 41 | Admin get assigned tickets page arrived
2026-07-27 16:22:00,163 | INFO     | ticket.py | close_ticket | Line 239 | Support agent  close ticket page arrived
2026-07-27 16:22:00,238 | INFO     | ticket.py | get_team_open_tickets | Line 75 | Admin get team open tickets page arrived
2026-07-27 16:22:00,246 | INFO     | ticket.py | get_assigned_tickets | Line 41 | Admin get assigned tickets page arrived
2026-07-27 16:22:00,259 | INFO     | ticket.py | close_ticket | Line 239 | Support agent  close ticket page arrived
2026-07-27 16:22:00,341 | INFO     | ticket.py | get_team_open_tickets | Line 75 | Admin get team open tickets page arrived
2026-07-27 16:22:00,351 | INFO     | ticket.py | get_assigned_tickets | Line 41 | Admin get assigned tickets page arrived
2026-07-27 16:22:00,361 | INFO     | ticket.py | close_ticket | Line 239 | Support agent  close ticket page arrived
2026-07-27 16:22:00,439 | INFO     | ticket.py | get_team_open_tickets | Line 75 | Admin get team open tickets page arrived
2026-07-27 16:22:00,446 | INFO     | ticket.py | get_assigned_tickets | Line 41 | Admin get assigned tickets page arrived
2026-07-27 16:22:00,455 | INFO     | ticket.py | close_ticket | Line 239 | Support agent  close ticket page arrived
2026-07-27 16:22:00,533 | INFO     | ticket.py | get_team_open_tickets | Line 75 | Admin get team open tickets page arrived
2026-07-27 16:22:00,542 | INFO     | ticket.py | get_assigned_tickets | Line 41 | Admin get assigned tickets page arrived
2026-07-27 16:22:00,554 | INFO     | ticket.py | close_ticket | Line 239 | Support agent  close ticket page arrived
2026-07-27 16:22:00,636 | INFO     | ticket.py | get_team_open_tickets | Line 75 | Admin get team open tickets page arrived
2026-07-27 16:22:00,645 | INFO     | ticket.py | get_assigned_tickets | Line 41 | Admin get assigned tickets page arrived
2026-07-27 16:22:00,658 | INFO     | ticket.py | close_ticket | Line 239 | Support agent  close ticket page arrived
2026-07-27 16:22:00,741 | INFO     | ticket.py | get_team_open_tickets | Line 75 | Admin get team open tickets page arrived
2026-07-27 16:22:00,751 | INFO     | ticket.py | get_assigned_tickets | Line 41 | Admin get assigned tickets page arrived
2026-07-27 16:22:00,761 | INFO     | ticket.py | close_ticket | Line 239 | Support agent  close ticket page arrived
2026-07-27 16:22:00,839 | INFO     | ticket.py | get_team_open_tickets | Line 75 | Admin get team open tickets page arrived
2026-07-27 16:22:00,846 | INFO     | ticket.py | get_assigned_tickets | Line 41 | Admin get assigned tickets page arrived
2026-07-27 16:22:00,856 | INFO     | ticket.py | close_ticket | Line 239 | Support agent  close ticket page arrived
2026-07-27 16:22:00,954 | INFO     | ticket.py | get_team_open_tickets | Line 75 | Admin get team open tickets page arrived
2026-07-27 16:22:00,965 | INFO     | ticket.py | get_assigned_tickets | Line 41 | Admin get assigned tickets page arrived
2026-07-27 16:22:00,979 | INFO     | ticket.py | close_ticket | Line 239 | Support agent  close ticket page arrived
2026-07-27 16:22:01,071 | INFO     | ticket.py | get_team_open_tickets | Line 75 | Admin get team open tickets page arrived
2026-07-27 16:22:01,082 | INFO     | ticket.py | get_assigned_tickets | Line 41 | Admin get assigned tickets page arrived
2026-07-27 16:22:01,096 | INFO     | ticket.py | close_ticket | Line 239 | Support agent  close ticket page arrived
2026-07-27 16:22:01,179 | INFO     | ticket.py | get_team_open_tickets | Line 75 | Admin get team open tickets page arrived
2026-07-27 16:22:01,190 | INFO     | ticket.py | get_assigned_tickets | Line 41 | Admin get assigned tickets page arrived
2026-07-27 16:22:01,200 | INFO     | ticket.py | close_ticket | Line 239 | Support agent  close ticket page arrived
2026-07-27 16:22:01,282 | INFO     | ticket.py | get_team_open_tickets | Line 75 | Admin get team open tickets page arrived
2026-07-27 16:22:01,292 | INFO     | ticket.py | get_assigned_tickets | Line 41 | Admin get assigned tickets page arrived
2026-07-27 16:22:01,304 | INFO     | ticket.py | close_ticket | Line 239 | Support agent  close ticket page arrived
2026-07-27 16:22:01,381 | INFO     | ticket.py | get_team_open_tickets | Line 75 | Admin get team open tickets page arrived
2026-07-27 16:22:01,389 | INFO     | ticket.py | get_assigned_tickets | Line 41 | Admin get assigned tickets page arrived
2026-07-27 16:22:01,399 | INFO     | ticket.py | close_ticket | Line 239 | Support agent  close ticket page arrived
2026-07-27 16:22:01,471 | INFO     | ticket.py | get_team_open_tickets | Line 75 | Admin get team open tickets page arrived
2026-07-27 16:22:01,481 | INFO     | ticket.py | get_assigned_tickets | Line 41 | Admin get assigned tickets page arrived
2026-07-27 16:22:01,494 | INFO     | ticket.py | close_ticket | Line 239 | Support agent  close ticket page arrived
2026-07-27 16:22:01,572 | INFO     | ticket.py | get_team_open_tickets | Line 75 | Admin get team open tickets page arrived
2026-07-27 16:22:01,579 | INFO     | ticket.py | get_assigned_tickets | Line 41 | Admin get assigned tickets page arrived
2026-07-27 16:22:01,591 | INFO     | ticket.py | close_ticket | Line 239 | Support agent  close ticket page arrived
2026-07-27 16:22:01,673 | INFO     | ticket.py | get_team_open_tickets | Line 75 | Admin get team open tickets page arrived
2026-07-27 16:22:01,682 | INFO     | ticket.py | get_assigned_tickets | Line 41 | Admin get assigned tickets page arrived
2026-07-27 16:22:01,695 | INFO     | ticket.py | close_ticket | Line 239 | Support agent  close ticket page arrived
2026-07-27 16:22:01,771 | INFO     | ticket.py | get_team_open_tickets | Line 75 | Admin get team open tickets page arrived
2026-07-27 16:22:01,782 | INFO     | ticket.py | get_assigned_tickets | Line 41 | Admin get assigned tickets page arrived
2026-07-27 16:22:01,792 | INFO     | ticket.py | close_ticket | Line 239 | Support agent  close ticket page arrived
2026-07-27 16:22:01,878 | INFO     | ticket.py | get_team_open_tickets | Line 75 | Admin get team open tickets page arrived
2026-07-27 16:22:01,886 | INFO     | ticket.py | get_assigned_tickets | Line 41 | Admin get assigned tickets page arrived
2026-07-27 16:22:01,897 | INFO     | ticket.py | close_ticket | Line 239 | Support agent  close ticket page arrived
2026-07-27 16:22:01,981 | INFO     | ticket.py | get_team_open_tickets | Line 75 | Admin get team open tickets page arrived
2026-07-27 16:22:01,988 | INFO     | ticket.py | get_assigned_tickets | Line 41 | Admin get assigned tickets page arrived
2026-07-27 16:22:02,001 | INFO     | ticket.py | close_ticket | Line 239 | Support agent  close ticket page arrived
2026-07-27 16:22:02,079 | INFO     | ticket.py | get_team_open_tickets | Line 75 | Admin get team open tickets page arrived
2026-07-27 16:22:02,086 | INFO     | ticket.py | get_assigned_tickets | Line 41 | Admin get assigned tickets page arrived
2026-07-27 16:22:02,099 | INFO     | ticket.py | close_ticket | Line 239 | Support agent  close ticket page arrived
2026-07-27 16:22:02,198 | INFO     | ticket.py | get_team_open_tickets | Line 75 | Admin get team open tickets page arrived
2026-07-27 16:22:02,205 | INFO     | ticket.py | get_assigned_tickets | Line 41 | Admin get assigned tickets page arrived
2026-07-27 16:22:02,214 | INFO     | ticket.py | close_ticket | Line 239 | Support agent  close ticket page arrived
2026-07-27 16:22:02,298 | INFO     | ticket.py | get_team_open_tickets | Line 75 | Admin get team open tickets page arrived
2026-07-27 16:22:02,309 | INFO     | ticket.py | get_assigned_tickets | Line 41 | Admin get assigned tickets page arrived
2026-07-27 16:22:02,322 | INFO     | ticket.py | close_ticket | Line 239 | Support agent  close ticket page arrived
2026-07-27 16:22:02,403 | INFO     | ticket.py | get_team_open_tickets | Line 75 | Admin get team open tickets page arrived
2026-07-27 16:22:02,411 | INFO     | ticket.py | get_assigned_tickets | Line 41 | Admin get assigned tickets page arrived
2026-07-27 16:22:02,423 | INFO     | ticket.py | close_ticket | Line 239 | Support agent  close ticket page arrived
2026-07-27 16:22:02,512 | INFO     | ticket.py | get_team_open_tickets | Line 75 | Admin get team open tickets page arrived
2026-07-27 16:22:02,522 | INFO     | ticket.py | get_assigned_tickets | Line 41 | Admin get assigned tickets page arrived
2026-07-27 16:22:02,535 | INFO     | ticket.py | close_ticket | Line 239 | Support agent  close ticket page arrived
2026-07-27 16:22:02,616 | INFO     | ticket.py | get_team_open_tickets | Line 75 | Admin get team open tickets page arrived
2026-07-27 16:22:02,626 | INFO     | ticket.py | get_assigned_tickets | Line 41 | Admin get assigned tickets page arrived
2026-07-27 16:22:02,638 | INFO     | ticket.py | close_ticket | Line 239 | Support agent  close ticket page arrived
2026-07-27 16:22:02,750 | INFO     | ticket.py | get_team_open_tickets | Line 75 | Admin get team open tickets page arrived
2026-07-27 16:22:02,757 | INFO     | ticket.py | get_assigned_tickets | Line 41 | Admin get assigned tickets page arrived
2026-07-27 16:22:02,769 | INFO     | ticket.py | close_ticket | Line 239 | Support agent  close ticket page arrived
2026-07-27 16:22:02,853 | INFO     | ticket.py | get_team_open_tickets | Line 75 | Admin get team open tickets page arrived
2026-07-27 16:22:02,860 | INFO     | ticket.py | get_assigned_tickets | Line 41 | Admin get assigned tickets page arrived
2026-07-27 16:22:02,870 | INFO     | ticket.py | close_ticket | Line 239 | Support agent  close ticket page arrived
2026-07-27 16:22:02,941 | INFO     | ticket.py | get_team_open_tickets | Line 75 | Admin get team open tickets page arrived
2026-07-27 16:22:02,949 | INFO     | ticket.py | get_assigned_tickets | Line 41 | Admin get assigned tickets page arrived
2026-07-27 16:22:02,959 | INFO     | ticket.py | close_ticket | Line 239 | Support agent  close ticket page arrived
2026-07-27 16:22:03,034 | INFO     | ticket.py | get_team_open_tickets | Line 75 | Admin get team open tickets page arrived
2026-07-27 16:22:03,042 | INFO     | ticket.py | get_assigned_tickets | Line 41 | Admin get assigned tickets page arrived
2026-07-27 16:22:03,053 | INFO     | ticket.py | close_ticket | Line 239 | Support agent  close ticket page arrived
2026-07-27 16:22:03,127 | INFO     | ticket.py | get_team_open_tickets | Line 75 | Admin get team open tickets page arrived
2026-07-27 16:22:03,134 | INFO     | ticket.py | get_assigned_tickets | Line 41 | Admin get assigned tickets page arrived
2026-07-27 16:22:03,144 | INFO     | ticket.py | close_ticket | Line 239 | Support agent  close ticket page arrived
2026-07-27 16:22:03,210 | INFO     | ticket.py | get_team_open_tickets | Line 75 | Admin get team open tickets page arrived
2026-07-27 16:22:03,215 | INFO     | ticket.py | get_assigned_tickets | Line 41 | Admin get assigned tickets page arrived
2026-07-27 16:22:03,222 | INFO     | ticket.py | close_ticket | Line 239 | Support agent  close ticket page arrived
2026-07-27 16:22:03,283 | INFO     | ticket.py | get_team_open_tickets | Line 75 | Admin get team open tickets page arrived
2026-07-27 16:22:03,291 | INFO     | ticket.py | get_assigned_tickets | Line 41 | Admin get assigned tickets page arrived
2026-07-27 16:22:03,301 | INFO     | ticket.py | close_ticket | Line 239 | Support agent  close ticket page arrived
2026-07-27 16:22:03,367 | INFO     | ticket.py | get_team_open_tickets | Line 75 | Admin get team open tickets page arrived
2026-07-27 16:22:03,374 | INFO     | ticket.py | get_assigned_tickets | Line 41 | Admin get assigned tickets page arrived
2026-07-27 16:22:03,384 | INFO     | ticket.py | close_ticket | Line 239 | Support agent  close ticket page arrived
2026-07-27 16:22:03,444 | INFO     | ticket.py | get_team_open_tickets | Line 75 | Admin get team open tickets page arrived
2026-07-27 16:22:03,449 | INFO     | ticket.py | get_assigned_tickets | Line 41 | Admin get assigned tickets page arrived
2026-07-27 16:22:03,456 | INFO     | ticket.py | close_ticket | Line 239 | Support agent  close ticket page arrived
2026-07-27 16:22:03,516 | INFO     | ticket.py | get_team_open_tickets | Line 75 | Admin get team open tickets page arrived
2026-07-27 16:22:03,522 | INFO     | ticket.py | get_assigned_tickets | Line 41 | Admin get assigned tickets page arrived
2026-07-27 16:22:03,532 | INFO     | ticket.py | close_ticket | Line 239 | Support agent  close ticket page arrived
2026-07-27 16:22:03,600 | INFO     | ticket.py | get_team_open_tickets | Line 75 | Admin get team open tickets page arrived
2026-07-27 16:22:03,608 | INFO     | ticket.py | get_assigned_tickets | Line 41 | Admin get assigned tickets page arrived
2026-07-27 16:22:03,618 | INFO     | ticket.py | close_ticket | Line 239 | Support agent  close ticket page arrived
2026-07-27 16:22:03,679 | INFO     | ticket.py | get_team_open_tickets | Line 75 | Admin get team open tickets page arrived
2026-07-27 16:22:03,685 | INFO     | ticket.py | get_assigned_tickets | Line 41 | Admin get assigned tickets page arrived
2026-07-27 16:22:03,694 | INFO     | ticket.py | close_ticket | Line 239 | Support agent  close ticket page arrived
2026-07-27 16:22:03,747 | INFO     | ticket.py | get_team_open_tickets | Line 75 | Admin get team open tickets page arrived
2026-07-27 16:22:03,754 | INFO     | ticket.py | get_assigned_tickets | Line 41 | Admin get assigned tickets page arrived
2026-07-27 16:22:03,765 | INFO     | ticket.py | close_ticket | Line 239 | Support agent  close ticket page arrived
2026-07-27 16:22:03,837 | INFO     | ticket.py | get_team_open_tickets | Line 75 | Admin get team open tickets page arrived
2026-07-27 16:22:03,847 | INFO     | ticket.py | get_assigned_tickets | Line 41 | Admin get assigned tickets page arrived
2026-07-27 16:22:03,856 | INFO     | ticket.py | close_ticket | Line 239 | Support agent  close ticket page arrived
2026-07-27 16:22:03,920 | INFO     | ticket.py | get_team_open_tickets | Line 75 | Admin get team open tickets page arrived
2026-07-27 16:22:03,928 | INFO     | ticket.py | get_assigned_tickets | Line 41 | Admin get assigned tickets page arrived
2026-07-27 16:22:03,936 | INFO     | ticket.py | close_ticket | Line 239 | Support agent  close ticket page arrived
2026-07-27 16:22:03,988 | INFO     | ticket.py | get_team_open_tickets | Line 75 | Admin get team open tickets page arrived
2026-07-27 16:22:03,994 | INFO     | ticket.py | get_assigned_tickets | Line 41 | Admin get assigned tickets page arrived
2026-07-27 16:22:04,001 | INFO     | ticket.py | close_ticket | Line 239 | Support agent  close ticket page arrived
2026-07-27 16:22:04,057 | INFO     | ticket.py | get_team_open_tickets | Line 75 | Admin get team open tickets page arrived
2026-07-27 16:22:04,063 | INFO     | ticket.py | get_assigned_tickets | Line 41 | Admin get assigned tickets page arrived
2026-07-27 16:22:04,071 | INFO     | ticket.py | close_ticket | Line 239 | Support agent  close ticket page arrived
2026-07-27 16:22:04,129 | INFO     | ticket.py | get_team_open_tickets | Line 75 | Admin get team open tickets page arrived
2026-07-27 16:22:04,137 | INFO     | ticket.py | get_assigned_tickets | Line 41 | Admin get assigned tickets page arrived
2026-07-27 16:22:04,145 | INFO     | ticket.py | close_ticket | Line 239 | Support agent  close ticket page arrived
2026-07-27 16:22:04,200 | INFO     | ticket.py | get_team_open_tickets | Line 75 | Admin get team open tickets page arrived
2026-07-27 16:22:04,206 | INFO     | ticket.py | get_assigned_tickets | Line 41 | Admin get assigned tickets page arrived
2026-07-27 16:22:04,216 | INFO     | ticket.py | close_ticket | Line 239 | Support agent  close ticket page arrived
2026-07-27 16:22:04,289 | INFO     | ticket.py | get_team_open_tickets | Line 75 | Admin get team open tickets page arrived
2026-07-27 16:22:04,297 | INFO     | ticket.py | get_assigned_tickets | Line 41 | Admin get assigned tickets page arrived
2026-07-27 16:22:04,307 | INFO     | ticket.py | close_ticket | Line 239 | Support agent  close ticket page arrived
2026-07-27 16:22:04,380 | INFO     | ticket.py | get_team_open_tickets | Line 75 | Admin get team open tickets page arrived
2026-07-27 16:22:04,390 | INFO     | ticket.py | get_assigned_tickets | Line 41 | Admin get assigned tickets page arrived
2026-07-27 16:22:04,403 | INFO     | ticket.py | close_ticket | Line 239 | Support agent  close ticket page arrived
2026-07-27 16:22:04,485 | INFO     | ticket.py | get_team_open_tickets | Line 75 | Admin get team open tickets page arrived
2026-07-27 16:22:04,495 | INFO     | ticket.py | get_assigned_tickets | Line 41 | Admin get assigned tickets page arrived
2026-07-27 16:22:04,507 | INFO     | ticket.py | close_ticket | Line 239 | Support agent  close ticket page arrived
2026-07-27 16:22:04,583 | INFO     | ticket.py | get_team_open_tickets | Line 75 | Admin get team open tickets page arrived
2026-07-27 16:22:04,591 | INFO     | ticket.py | get_assigned_tickets | Line 41 | Admin get assigned tickets page arrived
2026-07-27 16:22:04,602 | INFO     | ticket.py | close_ticket | Line 239 | Support agent  close ticket page arrived
2026-07-27 16:22:04,669 | INFO     | ticket.py | get_team_open_tickets | Line 75 | Admin get team open tickets page arrived
2026-07-27 16:22:04,675 | INFO     | ticket.py | get_assigned_tickets | Line 41 | Admin get assigned tickets page arrived
2026-07-27 16:22:04,684 | INFO     | ticket.py | close_ticket | Line 239 | Support agent  close ticket page arrived
2026-07-27 16:22:04,751 | INFO     | ticket.py | get_team_open_tickets | Line 75 | Admin get team open tickets page arrived
2026-07-27 16:22:04,758 | INFO     | ticket.py | get_assigned_tickets | Line 41 | Admin get assigned tickets page arrived
2026-07-27 16:22:04,770 | INFO     | ticket.py | close_ticket | Line 239 | Support agent  close ticket page arrived
2026-07-27 16:22:04,839 | INFO     | ticket.py | get_team_open_tickets | Line 75 | Admin get team open tickets page arrived
2026-07-27 16:22:04,857 | INFO     | ticket.py | get_assigned_tickets | Line 41 | Admin get assigned tickets page arrived
2026-07-27 16:22:04,866 | INFO     | ticket.py | close_ticket | Line 239 | Support agent  close ticket page arrived
2026-07-27 16:22:04,925 | INFO     | ticket.py | get_team_open_tickets | Line 75 | Admin get team open tickets page arrived
2026-07-27 16:22:04,932 | INFO     | ticket.py | get_assigned_tickets | Line 41 | Admin get assigned tickets page arrived
2026-07-27 16:22:04,941 | INFO     | ticket.py | close_ticket | Line 239 | Support agent  close ticket page arrived
2026-07-27 16:22:05,001 | INFO     | ticket.py | get_team_open_tickets | Line 75 | Admin get team open tickets page arrived
2026-07-27 16:22:05,008 | INFO     | ticket.py | get_assigned_tickets | Line 41 | Admin get assigned tickets page arrived
2026-07-27 16:22:05,018 | INFO     | ticket.py | close_ticket | Line 239 | Support agent  close ticket page arrived
2026-07-27 16:22:05,086 | INFO     | ticket.py | get_team_open_tickets | Line 75 | Admin get team open tickets page arrived
2026-07-27 16:22:05,093 | INFO     | ticket.py | get_assigned_tickets | Line 41 | Admin get assigned tickets page arrived
2026-07-27 16:22:05,104 | INFO     | ticket.py | close_ticket | Line 239 | Support agent  close ticket page arrived
2026-07-27 16:22:05,176 | INFO     | ticket.py | get_team_open_tickets | Line 75 | Admin get team open tickets page arrived
2026-07-27 16:22:05,185 | INFO     | ticket.py | get_assigned_tickets | Line 41 | Admin get assigned tickets page arrived
2026-07-27 16:22:05,197 | INFO     | ticket.py | close_ticket | Line 239 | Support agent  close ticket page arrived
2026-07-27 16:22:05,258 | INFO     | ticket.py | get_team_open_tickets | Line 75 | Admin get team open tickets page arrived
2026-07-27 16:22:05,264 | INFO     | ticket.py | get_assigned_tickets | Line 41 | Admin get assigned tickets page arrived
2026-07-27 16:22:05,272 | INFO     | ticket.py | close_ticket | Line 239 | Support agent  close ticket page arrived
2026-07-27 16:22:05,341 | INFO     | ticket.py | get_team_open_tickets | Line 75 | Admin get team open tickets page arrived
2026-07-27 16:22:05,350 | INFO     | ticket.py | get_assigned_tickets | Line 41 | Admin get assigned tickets page arrived
2026-07-27 16:22:05,361 | INFO     | ticket.py | close_ticket | Line 239 | Support agent  close ticket page arrived
2026-07-27 16:22:05,425 | INFO     | ticket.py | get_team_open_tickets | Line 75 | Admin get team open tickets page arrived
2026-07-27 16:22:05,432 | INFO     | ticket.py | get_assigned_tickets | Line 41 | Admin get assigned tickets page arrived
2026-07-27 16:22:05,442 | INFO     | ticket.py | close_ticket | Line 239 | Support agent  close ticket page arrived
2026-07-27 16:22:05,497 | INFO     | ticket.py | get_team_open_tickets | Line 75 | Admin get team open tickets page arrived
2026-07-27 16:22:05,502 | INFO     | ticket.py | get_assigned_tickets | Line 41 | Admin get assigned tickets page arrived
2026-07-27 16:22:05,510 | INFO     | ticket.py | close_ticket | Line 239 | Support agent  close ticket page arrived
2026-07-27 16:22:05,565 | INFO     | ticket.py | get_team_open_tickets | Line 75 | Admin get team open tickets page arrived
2026-07-27 16:22:05,570 | INFO     | ticket.py | get_assigned_tickets | Line 41 | Admin get assigned tickets page arrived
2026-07-27 16:22:05,578 | INFO     | ticket.py | close_ticket | Line 239 | Support agent  close ticket page arrived
2026-07-27 16:22:05,647 | INFO     | ticket.py | get_team_open_tickets | Line 75 | Admin get team open tickets page arrived
2026-07-27 16:22:05,656 | INFO     | ticket.py | get_assigned_tickets | Line 41 | Admin get assigned tickets page arrived
2026-07-27 16:22:05,669 | INFO     | ticket.py | close_ticket | Line 239 | Support agent  close ticket page arrived
2026-07-27 16:22:05,730 | INFO     | ticket.py | get_team_open_tickets | Line 75 | Admin get team open tickets page arrived
2026-07-27 16:22:05,735 | INFO     | ticket.py | get_assigned_tickets | Line 41 | Admin get assigned tickets page arrived
2026-07-27 16:22:05,743 | INFO     | ticket.py | close_ticket | Line 239 | Support agent  close ticket page arrived
2026-07-27 16:22:05,798 | INFO     | ticket.py | get_team_open_tickets | Line 75 | Admin get team open tickets page arrived
2026-07-27 16:22:05,804 | INFO     | ticket.py | get_assigned_tickets | Line 41 | Admin get assigned tickets page arrived
2026-07-27 16:22:05,811 | INFO     | ticket.py | close_ticket | Line 239 | Support agent  close ticket page arrived
2026-07-27 16:22:05,877 | INFO     | ticket.py | get_team_open_tickets | Line 75 | Admin get team open tickets page arrived
2026-07-27 16:22:05,884 | INFO     | ticket.py | get_assigned_tickets | Line 41 | Admin get assigned tickets page arrived
2026-07-27 16:22:05,893 | INFO     | ticket.py | close_ticket | Line 239 | Support agent  close ticket page arrived
2026-07-27 16:22:05,952 | INFO     | ticket.py | get_team_open_tickets | Line 75 | Admin get team open tickets page arrived
2026-07-27 16:22:05,958 | INFO     | ticket.py | get_assigned_tickets | Line 41 | Admin get assigned tickets page arrived
2026-07-27 16:22:05,967 | INFO     | ticket.py | close_ticket | Line 239 | Support agent  close ticket page arrived
2026-07-27 16:22:06,032 | INFO     | ticket.py | get_team_open_tickets | Line 75 | Admin get team open tickets page arrived
2026-07-27 16:22:06,038 | INFO     | ticket.py | get_assigned_tickets | Line 41 | Admin get assigned tickets page arrived
2026-07-27 16:22:06,048 | INFO     | ticket.py | close_ticket | Line 239 | Support agent  close ticket page arrived
2026-07-27 16:22:06,110 | INFO     | ticket.py | get_team_open_tickets | Line 75 | Admin get team open tickets page arrived
2026-07-27 16:22:06,118 | INFO     | ticket.py | get_assigned_tickets | Line 41 | Admin get assigned tickets page arrived
2026-07-27 16:22:06,126 | INFO     | ticket.py | close_ticket | Line 239 | Support agent  close ticket page arrived
2026-07-27 16:22:06,196 | INFO     | ticket.py | get_team_open_tickets | Line 75 | Admin get team open tickets page arrived
2026-07-27 16:22:06,202 | INFO     | ticket.py | get_assigned_tickets | Line 41 | Admin get assigned tickets page arrived
2026-07-27 16:22:06,211 | INFO     | ticket.py | close_ticket | Line 239 | Support agent  close ticket page arrived
2026-07-27 16:22:06,272 | INFO     | ticket.py | get_team_open_tickets | Line 75 | Admin get team open tickets page arrived
2026-07-27 16:22:06,280 | INFO     | ticket.py | get_assigned_tickets | Line 41 | Admin get assigned tickets page arrived
2026-07-27 16:22:06,293 | INFO     | ticket.py | close_ticket | Line 239 | Support agent  close ticket page arrived
2026-07-27 16:22:06,354 | INFO     | ticket.py | get_team_open_tickets | Line 75 | Admin get team open tickets page arrived
2026-07-27 16:22:06,359 | INFO     | ticket.py | get_assigned_tickets | Line 41 | Admin get assigned tickets page arrived
2026-07-27 16:22:06,367 | INFO     | ticket.py | close_ticket | Line 239 | Support agent  close ticket page arrived
2026-07-27 16:22:06,421 | INFO     | ticket.py | get_team_open_tickets | Line 75 | Admin get team open tickets page arrived
2026-07-27 16:22:06,427 | INFO     | ticket.py | get_assigned_tickets | Line 41 | Admin get assigned tickets page arrived
2026-07-27 16:22:06,434 | INFO     | ticket.py | close_ticket | Line 239 | Support agent  close ticket page arrived
2026-07-27 16:22:06,487 | INFO     | ticket.py | get_team_open_tickets | Line 75 | Admin get team open tickets page arrived
2026-07-27 16:22:06,492 | INFO     | ticket.py | get_assigned_tickets | Line 41 | Admin get assigned tickets page arrived
2026-07-27 16:22:06,500 | INFO     | ticket.py | close_ticket | Line 239 | Support agent  close ticket page arrived
2026-07-27 16:22:06,556 | INFO     | ticket.py | get_team_open_tickets | Line 75 | Admin get team open tickets page arrived
2026-07-27 16:22:06,563 | INFO     | ticket.py | get_assigned_tickets | Line 41 | Admin get assigned tickets page arrived
2026-07-27 16:22:06,572 | INFO     | ticket.py | close_ticket | Line 239 | Support agent  close ticket page arrived
2026-07-27 16:22:06,628 | INFO     | ticket.py | get_team_open_tickets | Line 75 | Admin get team open tickets page arrived
2026-07-27 16:22:06,637 | INFO     | ticket.py | get_assigned_tickets | Line 41 | Admin get assigned tickets page arrived
2026-07-27 16:22:06,648 | INFO     | ticket.py | close_ticket | Line 239 | Support agent  close ticket page arrived
2026-07-27 16:22:06,721 | INFO     | ticket.py | get_team_open_tickets | Line 75 | Admin get team open tickets page arrived
2026-07-27 16:22:06,727 | INFO     | ticket.py | get_assigned_tickets | Line 41 | Admin get assigned tickets page arrived
2026-07-27 16:22:06,736 | INFO     | ticket.py | close_ticket | Line 239 | Support agent  close ticket page arrived
2026-07-27 16:22:06,797 | INFO     | ticket.py | get_team_open_tickets | Line 75 | Admin get team open tickets page arrived
2026-07-27 16:22:06,804 | INFO     | ticket.py | get_assigned_tickets | Line 41 | Admin get assigned tickets page arrived
2026-07-27 16:22:06,813 | INFO     | ticket.py | close_ticket | Line 239 | Support agent  close ticket page arrived
2026-07-27 16:22:06,871 | INFO     | ticket.py | get_team_open_tickets | Line 75 | Admin get team open tickets page arrived
2026-07-27 16:22:06,880 | INFO     | ticket.py | get_assigned_tickets | Line 41 | Admin get assigned tickets page arrived
2026-07-27 16:22:06,892 | INFO     | ticket.py | close_ticket | Line 239 | Support agent  close ticket page arrived
2026-07-27 16:22:06,968 | INFO     | ticket.py | get_team_open_tickets | Line 75 | Admin get team open tickets page arrived
2026-07-27 16:22:06,975 | INFO     | ticket.py | get_assigned_tickets | Line 41 | Admin get assigned tickets page arrived
2026-07-27 16:22:06,984 | INFO     | ticket.py | close_ticket | Line 239 | Support agent  close ticket page arrived
2026-07-27 16:22:07,040 | INFO     | ticket.py | get_team_open_tickets | Line 75 | Admin get team open tickets page arrived
2026-07-27 16:22:07,046 | INFO     | ticket.py | get_assigned_tickets | Line 41 | Admin get assigned tickets page arrived
2026-07-27 16:22:07,053 | INFO     | ticket.py | close_ticket | Line 239 | Support agent  close ticket page arrived
2026-07-27 16:22:07,133 | INFO     | ticket.py | get_team_open_tickets | Line 75 | Admin get team open tickets page arrived
2026-07-27 16:22:07,139 | INFO     | ticket.py | get_assigned_tickets | Line 41 | Admin get assigned tickets page arrived
2026-07-27 16:22:07,151 | INFO     | ticket.py | close_ticket | Line 239 | Support agent  close ticket page arrived
2026-07-27 16:22:07,215 | INFO     | ticket.py | get_team_open_tickets | Line 75 | Admin get team open tickets page arrived
2026-07-27 16:22:07,220 | INFO     | ticket.py | get_assigned_tickets | Line 41 | Admin get assigned tickets page arrived
2026-07-27 16:22:07,230 | INFO     | ticket.py | close_ticket | Line 239 | Support agent  close ticket page arrived
2026-07-27 16:22:07,290 | INFO     | ticket.py | get_team_open_tickets | Line 75 | Admin get team open tickets page arrived
2026-07-27 16:22:07,297 | INFO     | ticket.py | get_assigned_tickets | Line 41 | Admin get assigned tickets page arrived
2026-07-27 16:22:07,305 | INFO     | ticket.py | close_ticket | Line 239 | Support agent  close ticket page arrived
2026-07-27 16:22:07,374 | INFO     | ticket.py | get_team_open_tickets | Line 75 | Admin get team open tickets page arrived
2026-07-27 16:22:07,379 | INFO     | ticket.py | get_assigned_tickets | Line 41 | Admin get assigned tickets page arrived
2026-07-27 16:22:07,387 | INFO     | ticket.py | close_ticket | Line 239 | Support agent  close ticket page arrived
2026-07-27 16:22:07,443 | INFO     | ticket.py | get_team_open_tickets | Line 75 | Admin get team open tickets page arrived
2026-07-27 16:22:07,449 | INFO     | ticket.py | get_assigned_tickets | Line 41 | Admin get assigned tickets page arrived
2026-07-27 16:22:07,456 | INFO     | ticket.py | close_ticket | Line 239 | Support agent  close ticket page arrived
2026-07-27 16:22:07,516 | INFO     | ticket.py | get_team_open_tickets | Line 75 | Admin get team open tickets page arrived
2026-07-27 16:22:07,523 | INFO     | ticket.py | get_assigned_tickets | Line 41 | Admin get assigned tickets page arrived
2026-07-27 16:22:07,534 | INFO     | ticket.py | close_ticket | Line 239 | Support agent  close ticket page arrived
2026-07-27 16:22:07,597 | INFO     | ticket.py | get_team_open_tickets | Line 75 | Admin get team open tickets page arrived
2026-07-27 16:22:07,603 | INFO     | ticket.py | get_assigned_tickets | Line 41 | Admin get assigned tickets page arrived
2026-07-27 16:22:07,611 | INFO     | ticket.py | close_ticket | Line 239 | Support agent  close ticket page arrived
2026-07-27 16:22:07,674 | INFO     | ticket.py | get_team_open_tickets | Line 75 | Admin get team open tickets page arrived
2026-07-27 16:22:07,681 | INFO     | ticket.py | get_assigned_tickets | Line 41 | Admin get assigned tickets page arrived
2026-07-27 16:22:07,692 | INFO     | ticket.py | close_ticket | Line 239 | Support agent  close ticket page arrived
2026-07-27 16:22:07,756 | INFO     | ticket.py | get_team_open_tickets | Line 75 | Admin get team open tickets page arrived
2026-07-27 16:22:07,763 | INFO     | ticket.py | get_assigned_tickets | Line 41 | Admin get assigned tickets page arrived
2026-07-27 16:22:07,773 | INFO     | ticket.py | close_ticket | Line 239 | Support agent  close ticket page arrived
2026-07-27 16:22:07,834 | INFO     | ticket.py | get_team_open_tickets | Line 75 | Admin get team open tickets page arrived
2026-07-27 16:22:07,840 | INFO     | ticket.py | get_assigned_tickets | Line 41 | Admin get assigned tickets page arrived
2026-07-27 16:22:07,849 | INFO     | ticket.py | close_ticket | Line 239 | Support agent  close ticket page arrived
2026-07-27 16:22:07,915 | INFO     | ticket.py | get_team_open_tickets | Line 75 | Admin get team open tickets page arrived
2026-07-27 16:22:07,923 | INFO     | ticket.py | get_assigned_tickets | Line 41 | Admin get assigned tickets page arrived
2026-07-27 16:22:07,931 | INFO     | ticket.py | close_ticket | Line 239 | Support agent  close ticket page arrived
2026-07-27 16:22:08,003 | INFO     | ticket.py | get_team_open_tickets | Line 75 | Admin get team open tickets page arrived
2026-07-27 16:22:08,010 | INFO     | ticket.py | get_assigned_tickets | Line 41 | Admin get assigned tickets page arrived
2026-07-27 16:22:08,017 | INFO     | ticket.py | close_ticket | Line 239 | Support agent  close ticket page arrived
2026-07-27 16:22:08,083 | INFO     | ticket.py | get_team_open_tickets | Line 75 | Admin get team open tickets page arrived
2026-07-27 16:22:08,090 | INFO     | ticket.py | get_assigned_tickets | Line 41 | Admin get assigned tickets page arrived
2026-07-27 16:22:08,101 | INFO     | ticket.py | close_ticket | Line 239 | Support agent  close ticket page arrived
2026-07-27 16:22:08,169 | INFO     | ticket.py | get_team_open_tickets | Line 75 | Admin get team open tickets page arrived
2026-07-27 16:22:08,176 | INFO     | ticket.py | get_assigned_tickets | Line 41 | Admin get assigned tickets page arrived
2026-07-27 16:22:08,185 | INFO     | ticket.py | close_ticket | Line 239 | Support agent  close ticket page arrived
2026-07-27 16:22:08,251 | INFO     | ticket.py | get_team_open_tickets | Line 75 | Admin get team open tickets page arrived
2026-07-27 16:22:08,256 | INFO     | ticket.py | get_assigned_tickets | Line 41 | Admin get assigned tickets page arrived
2026-07-27 16:22:08,263 | INFO     | ticket.py | close_ticket | Line 239 | Support agent  close ticket page arrived
2026-07-27 16:22:08,324 | INFO     | ticket.py | get_team_open_tickets | Line 75 | Admin get team open tickets page arrived
2026-07-27 16:22:08,330 | INFO     | ticket.py | get_assigned_tickets | Line 41 | Admin get assigned tickets page arrived
2026-07-27 16:22:08,339 | INFO     | ticket.py | close_ticket | Line 239 | Support agent  close ticket page arrived
2026-07-27 16:22:08,398 | INFO     | ticket.py | get_team_open_tickets | Line 75 | Admin get team open tickets page arrived
2026-07-27 16:22:08,404 | INFO     | ticket.py | get_assigned_tickets | Line 41 | Admin get assigned tickets page arrived
2026-07-27 16:22:08,411 | INFO     | ticket.py | close_ticket | Line 239 | Support agent  close ticket page arrived
2026-07-27 16:22:08,468 | INFO     | ticket.py | get_team_open_tickets | Line 75 | Admin get team open tickets page arrived
2026-07-27 16:22:08,474 | INFO     | ticket.py | get_assigned_tickets | Line 41 | Admin get assigned tickets page arrived
2026-07-27 16:22:08,482 | INFO     | ticket.py | close_ticket | Line 239 | Support agent  close ticket page arrived
2026-07-27 16:22:08,544 | INFO     | ticket.py | get_team_open_tickets | Line 75 | Admin get team open tickets page arrived
2026-07-27 16:22:08,553 | INFO     | ticket.py | get_assigned_tickets | Line 41 | Admin get assigned tickets page arrived
2026-07-27 16:22:08,563 | INFO     | ticket.py | close_ticket | Line 239 | Support agent  close ticket page arrived
2026-07-27 16:22:08,616 | INFO     | ticket.py | get_team_open_tickets | Line 75 | Admin get team open tickets page arrived
2026-07-27 16:22:08,621 | INFO     | ticket.py | get_assigned_tickets | Line 41 | Admin get assigned tickets page arrived
2026-07-27 16:22:08,628 | INFO     | ticket.py | close_ticket | Line 239 | Support agent  close ticket page arrived
2026-07-27 16:22:08,683 | INFO     | ticket.py | get_team_open_tickets | Line 75 | Admin get team open tickets page arrived
2026-07-27 16:22:08,689 | INFO     | ticket.py | get_assigned_tickets | Line 41 | Admin get assigned tickets page arrived
2026-07-27 16:22:08,699 | INFO     | ticket.py | close_ticket | Line 239 | Support agent  close ticket page arrived
2026-07-27 16:22:08,758 | INFO     | ticket.py | get_team_open_tickets | Line 75 | Admin get team open tickets page arrived
2026-07-27 16:22:08,764 | INFO     | ticket.py | get_assigned_tickets | Line 41 | Admin get assigned tickets page arrived
2026-07-27 16:22:08,776 | INFO     | ticket.py | close_ticket | Line 239 | Support agent  close ticket page arrived
2026-07-27 16:22:08,858 | INFO     | ticket.py | get_team_open_tickets | Line 75 | Admin get team open tickets page arrived
2026-07-27 16:22:08,867 | INFO     | ticket.py | get_assigned_tickets | Line 41 | Admin get assigned tickets page arrived
2026-07-27 16:22:08,879 | INFO     | ticket.py | close_ticket | Line 239 | Support agent  close ticket page arrived
2026-07-27 16:22:08,949 | INFO     | ticket.py | get_team_open_tickets | Line 75 | Admin get team open tickets page arrived
2026-07-27 16:22:08,959 | INFO     | ticket.py | get_assigned_tickets | Line 41 | Admin get assigned tickets page arrived
2026-07-27 16:22:08,968 | INFO     | ticket.py | close_ticket | Line 239 | Support agent  close ticket page arrived
2026-07-27 16:22:09,046 | INFO     | ticket.py | get_team_open_tickets | Line 75 | Admin get team open tickets page arrived
2026-07-27 16:22:09,055 | INFO     | ticket.py | get_assigned_tickets | Line 41 | Admin get assigned tickets page arrived
2026-07-27 16:22:09,067 | INFO     | ticket.py | close_ticket | Line 239 | Support agent  close ticket page arrived
2026-07-27 16:22:09,173 | INFO     | ticket.py | get_team_open_tickets | Line 75 | Admin get team open tickets page arrived
2026-07-27 16:22:09,183 | INFO     | ticket.py | get_assigned_tickets | Line 41 | Admin get assigned tickets page arrived
2026-07-27 16:22:09,196 | INFO     | ticket.py | close_ticket | Line 239 | Support agent  close ticket page arrived
2026-07-27 16:22:09,281 | INFO     | ticket.py | get_team_open_tickets | Line 75 | Admin get team open tickets page arrived
2026-07-27 16:22:09,289 | INFO     | ticket.py | get_assigned_tickets | Line 41 | Admin get assigned tickets page arrived
2026-07-27 16:22:09,298 | INFO     | ticket.py | close_ticket | Line 239 | Support agent  close ticket page arrived
2026-07-27 16:22:55,131 | INFO     | auth.py | login | Line 48 | Login post page arrived
2026-07-27 16:22:56,203 | INFO     | ticket.py | get_team_open_tickets | Line 75 | Admin get team open tickets page arrived
2026-07-27 16:22:56,216 | INFO     | ticket.py | get_assigned_tickets | Line 41 | Admin get assigned tickets page arrived
2026-07-27 16:22:56,226 | INFO     | ticket.py | close_ticket | Line 239 | Support agent  close ticket page arrived
2026-07-27 16:22:56,288 | INFO     | ticket.py | get_team_open_tickets | Line 75 | Admin get team open tickets page arrived
2026-07-27 16:22:56,296 | INFO     | ticket.py | get_assigned_tickets | Line 41 | Admin get assigned tickets page arrived
2026-07-27 16:22:56,305 | INFO     | ticket.py | close_ticket | Line 239 | Support agent  close ticket page arrived
2026-07-27 16:22:56,366 | INFO     | ticket.py | get_team_open_tickets | Line 75 | Admin get team open tickets page arrived
2026-07-27 16:22:56,373 | INFO     | ticket.py | get_assigned_tickets | Line 41 | Admin get assigned tickets page arrived
2026-07-27 16:22:56,383 | INFO     | ticket.py | close_ticket | Line 239 | Support agent  close ticket page arrived
2026-07-27 16:22:56,456 | INFO     | ticket.py | get_team_open_tickets | Line 75 | Admin get team open tickets page arrived
2026-07-27 16:22:56,464 | INFO     | ticket.py | get_assigned_tickets | Line 41 | Admin get assigned tickets page arrived
2026-07-27 16:22:56,474 | INFO     | ticket.py | close_ticket | Line 239 | Support agent  close ticket page arrived
2026-07-27 16:22:56,558 | INFO     | ticket.py | get_team_open_tickets | Line 75 | Admin get team open tickets page arrived
2026-07-27 16:22:56,569 | INFO     | ticket.py | get_assigned_tickets | Line 41 | Admin get assigned tickets page arrived
2026-07-27 16:22:56,581 | INFO     | ticket.py | close_ticket | Line 239 | Support agent  close ticket page arrived
2026-07-27 16:22:56,697 | INFO     | ticket.py | get_team_open_tickets | Line 75 | Admin get team open tickets page arrived
2026-07-27 16:22:56,710 | INFO     | ticket.py | get_assigned_tickets | Line 41 | Admin get assigned tickets page arrived
2026-07-27 16:22:56,729 | INFO     | ticket.py | close_ticket | Line 239 | Support agent  close ticket page arrived
2026-07-27 16:22:56,811 | INFO     | ticket.py | get_team_open_tickets | Line 75 | Admin get team open tickets page arrived
2026-07-27 16:22:56,821 | INFO     | ticket.py | get_assigned_tickets | Line 41 | Admin get assigned tickets page arrived
2026-07-27 16:22:56,830 | INFO     | ticket.py | close_ticket | Line 239 | Support agent  close ticket page arrived
2026-07-27 16:22:56,914 | INFO     | ticket.py | get_team_open_tickets | Line 75 | Admin get team open tickets page arrived
2026-07-27 16:22:56,921 | INFO     | ticket.py | get_assigned_tickets | Line 41 | Admin get assigned tickets page arrived
2026-07-27 16:22:56,931 | INFO     | ticket.py | close_ticket | Line 239 | Support agent  close ticket page arrived
2026-07-27 16:22:57,025 | INFO     | ticket.py | get_team_open_tickets | Line 75 | Admin get team open tickets page arrived
2026-07-27 16:22:57,035 | INFO     | ticket.py | get_assigned_tickets | Line 41 | Admin get assigned tickets page arrived
2026-07-27 16:22:57,051 | INFO     | ticket.py | close_ticket | Line 239 | Support agent  close ticket page arrived
2026-07-27 16:22:57,139 | INFO     | ticket.py | get_team_open_tickets | Line 75 | Admin get team open tickets page arrived
2026-07-27 16:22:57,146 | INFO     | ticket.py | get_assigned_tickets | Line 41 | Admin get assigned tickets page arrived
2026-07-27 16:22:57,155 | INFO     | ticket.py | close_ticket | Line 239 | Support agent  close ticket page arrived
2026-07-27 16:22:57,241 | INFO     | ticket.py | get_team_open_tickets | Line 75 | Admin get team open tickets page arrived
2026-07-27 16:22:57,257 | INFO     | ticket.py | get_assigned_tickets | Line 41 | Admin get assigned tickets page arrived
2026-07-27 16:22:57,271 | INFO     | ticket.py | close_ticket | Line 239 | Support agent  close ticket page arrived
2026-07-27 16:22:57,362 | INFO     | ticket.py | get_team_open_tickets | Line 75 | Admin get team open tickets page arrived
2026-07-27 16:22:57,370 | INFO     | ticket.py | get_assigned_tickets | Line 41 | Admin get assigned tickets page arrived
2026-07-27 16:22:57,380 | INFO     | ticket.py | close_ticket | Line 239 | Support agent  close ticket page arrived
2026-07-27 16:22:57,453 | INFO     | ticket.py | get_team_open_tickets | Line 75 | Admin get team open tickets page arrived
2026-07-27 16:22:57,460 | INFO     | ticket.py | get_assigned_tickets | Line 41 | Admin get assigned tickets page arrived
2026-07-27 16:22:57,470 | INFO     | ticket.py | close_ticket | Line 239 | Support agent  close ticket page arrived
2026-07-27 16:22:57,555 | INFO     | ticket.py | get_team_open_tickets | Line 75 | Admin get team open tickets page arrived
2026-07-27 16:22:57,562 | INFO     | ticket.py | get_assigned_tickets | Line 41 | Admin get assigned tickets page arrived
2026-07-27 16:22:57,573 | INFO     | ticket.py | close_ticket | Line 239 | Support agent  close ticket page arrived
2026-07-27 16:22:57,644 | INFO     | ticket.py | get_team_open_tickets | Line 75 | Admin get team open tickets page arrived
2026-07-27 16:22:57,656 | INFO     | ticket.py | get_assigned_tickets | Line 41 | Admin get assigned tickets page arrived
2026-07-27 16:22:57,673 | INFO     | ticket.py | close_ticket | Line 239 | Support agent  close ticket page arrived
2026-07-27 16:22:57,757 | INFO     | ticket.py | get_team_open_tickets | Line 75 | Admin get team open tickets page arrived
2026-07-27 16:22:57,766 | INFO     | ticket.py | get_assigned_tickets | Line 41 | Admin get assigned tickets page arrived
2026-07-27 16:22:57,778 | INFO     | ticket.py | close_ticket | Line 239 | Support agent  close ticket page arrived
2026-07-27 16:22:57,864 | INFO     | ticket.py | get_team_open_tickets | Line 75 | Admin get team open tickets page arrived
2026-07-27 16:22:57,874 | INFO     | ticket.py | get_assigned_tickets | Line 41 | Admin get assigned tickets page arrived
2026-07-27 16:22:57,885 | INFO     | ticket.py | close_ticket | Line 239 | Support agent  close ticket page arrived
2026-07-27 16:22:57,967 | INFO     | ticket.py | get_team_open_tickets | Line 75 | Admin get team open tickets page arrived
2026-07-27 16:22:57,977 | INFO     | ticket.py | get_assigned_tickets | Line 41 | Admin get assigned tickets page arrived
2026-07-27 16:22:57,988 | INFO     | ticket.py | close_ticket | Line 239 | Support agent  close ticket page arrived
2026-07-27 16:22:58,075 | INFO     | ticket.py | get_team_open_tickets | Line 75 | Admin get team open tickets page arrived
2026-07-27 16:22:58,084 | INFO     | ticket.py | get_assigned_tickets | Line 41 | Admin get assigned tickets page arrived
2026-07-27 16:22:58,096 | INFO     | ticket.py | close_ticket | Line 239 | Support agent  close ticket page arrived
2026-07-27 16:22:58,192 | INFO     | ticket.py | get_team_open_tickets | Line 75 | Admin get team open tickets page arrived
2026-07-27 16:22:58,202 | INFO     | ticket.py | get_assigned_tickets | Line 41 | Admin get assigned tickets page arrived
2026-07-27 16:22:58,214 | INFO     | ticket.py | close_ticket | Line 239 | Support agent  close ticket page arrived
2026-07-27 16:22:58,304 | INFO     | ticket.py | get_team_open_tickets | Line 75 | Admin get team open tickets page arrived
2026-07-27 16:22:58,312 | INFO     | ticket.py | get_assigned_tickets | Line 41 | Admin get assigned tickets page arrived
2026-07-27 16:22:58,324 | INFO     | ticket.py | close_ticket | Line 239 | Support agent  close ticket page arrived
2026-07-27 16:22:58,409 | INFO     | ticket.py | get_team_open_tickets | Line 75 | Admin get team open tickets page arrived
2026-07-27 16:22:58,417 | INFO     | ticket.py | get_assigned_tickets | Line 41 | Admin get assigned tickets page arrived
2026-07-27 16:22:58,434 | INFO     | ticket.py | close_ticket | Line 239 | Support agent  close ticket page arrived
2026-07-27 16:22:58,522 | INFO     | ticket.py | get_team_open_tickets | Line 75 | Admin get team open tickets page arrived
2026-07-27 16:22:58,530 | INFO     | ticket.py | get_assigned_tickets | Line 41 | Admin get assigned tickets page arrived
2026-07-27 16:22:58,541 | INFO     | ticket.py | close_ticket | Line 239 | Support agent  close ticket page arrived
2026-07-27 16:22:58,620 | INFO     | ticket.py | get_team_open_tickets | Line 75 | Admin get team open tickets page arrived
2026-07-27 16:22:58,631 | INFO     | ticket.py | get_assigned_tickets | Line 41 | Admin get assigned tickets page arrived
2026-07-27 16:22:58,643 | INFO     | ticket.py | close_ticket | Line 239 | Support agent  close ticket page arrived
2026-07-27 16:22:58,717 | INFO     | ticket.py | get_team_open_tickets | Line 75 | Admin get team open tickets page arrived
2026-07-27 16:22:58,726 | INFO     | ticket.py | get_assigned_tickets | Line 41 | Admin get assigned tickets page arrived
2026-07-27 16:22:58,741 | INFO     | ticket.py | close_ticket | Line 239 | Support agent  close ticket page arrived
2026-07-27 16:22:58,841 | INFO     | ticket.py | get_team_open_tickets | Line 75 | Admin get team open tickets page arrived
2026-07-27 16:22:58,853 | INFO     | ticket.py | get_assigned_tickets | Line 41 | Admin get assigned tickets page arrived
2026-07-27 16:22:58,863 | INFO     | ticket.py | close_ticket | Line 239 | Support agent  close ticket page arrived
2026-07-27 16:22:58,942 | INFO     | ticket.py | get_team_open_tickets | Line 75 | Admin get team open tickets page arrived
2026-07-27 16:22:58,950 | INFO     | ticket.py | get_assigned_tickets | Line 41 | Admin get assigned tickets page arrived
2026-07-27 16:22:58,963 | INFO     | ticket.py | close_ticket | Line 239 | Support agent  close ticket page arrived
2026-07-27 16:22:59,042 | INFO     | ticket.py | get_team_open_tickets | Line 75 | Admin get team open tickets page arrived
2026-07-27 16:22:59,051 | INFO     | ticket.py | get_assigned_tickets | Line 41 | Admin get assigned tickets page arrived
2026-07-27 16:22:59,061 | INFO     | ticket.py | close_ticket | Line 239 | Support agent  close ticket page arrived
2026-07-27 16:22:59,146 | INFO     | ticket.py | get_team_open_tickets | Line 75 | Admin get team open tickets page arrived
2026-07-27 16:22:59,154 | INFO     | ticket.py | get_assigned_tickets | Line 41 | Admin get assigned tickets page arrived
2026-07-27 16:22:59,167 | INFO     | ticket.py | close_ticket | Line 239 | Support agent  close ticket page arrived
2026-07-27 16:22:59,252 | INFO     | ticket.py | get_team_open_tickets | Line 75 | Admin get team open tickets page arrived
2026-07-27 16:22:59,259 | INFO     | ticket.py | get_assigned_tickets | Line 41 | Admin get assigned tickets page arrived
2026-07-27 16:22:59,269 | INFO     | ticket.py | close_ticket | Line 239 | Support agent  close ticket page arrived
2026-07-27 16:22:59,349 | INFO     | ticket.py | get_team_open_tickets | Line 75 | Admin get team open tickets page arrived
2026-07-27 16:22:59,355 | INFO     | ticket.py | get_assigned_tickets | Line 41 | Admin get assigned tickets page arrived
2026-07-27 16:22:59,364 | INFO     | ticket.py | close_ticket | Line 239 | Support agent  close ticket page arrived
2026-07-27 16:22:59,434 | INFO     | ticket.py | get_team_open_tickets | Line 75 | Admin get team open tickets page arrived
2026-07-27 16:22:59,442 | INFO     | ticket.py | get_assigned_tickets | Line 41 | Admin get assigned tickets page arrived
2026-07-27 16:22:59,450 | INFO     | ticket.py | close_ticket | Line 239 | Support agent  close ticket page arrived
2026-07-27 16:22:59,527 | INFO     | ticket.py | get_team_open_tickets | Line 75 | Admin get team open tickets page arrived
2026-07-27 16:22:59,536 | INFO     | ticket.py | get_assigned_tickets | Line 41 | Admin get assigned tickets page arrived
2026-07-27 16:22:59,547 | INFO     | ticket.py | close_ticket | Line 239 | Support agent  close ticket page arrived
2026-07-27 16:22:59,639 | INFO     | ticket.py | get_team_open_tickets | Line 75 | Admin get team open tickets page arrived
2026-07-27 16:22:59,648 | INFO     | ticket.py | get_assigned_tickets | Line 41 | Admin get assigned tickets page arrived
2026-07-27 16:22:59,660 | INFO     | ticket.py | close_ticket | Line 239 | Support agent  close ticket page arrived
2026-07-27 16:22:59,742 | INFO     | ticket.py | get_team_open_tickets | Line 75 | Admin get team open tickets page arrived
2026-07-27 16:22:59,750 | INFO     | ticket.py | get_assigned_tickets | Line 41 | Admin get assigned tickets page arrived
2026-07-27 16:22:59,761 | INFO     | ticket.py | close_ticket | Line 239 | Support agent  close ticket page arrived
2026-07-27 16:22:59,855 | INFO     | ticket.py | get_team_open_tickets | Line 75 | Admin get team open tickets page arrived
2026-07-27 16:22:59,864 | INFO     | ticket.py | get_assigned_tickets | Line 41 | Admin get assigned tickets page arrived
2026-07-27 16:22:59,876 | INFO     | ticket.py | close_ticket | Line 239 | Support agent  close ticket page arrived
2026-07-27 16:22:59,957 | INFO     | ticket.py | get_team_open_tickets | Line 75 | Admin get team open tickets page arrived
2026-07-27 16:22:59,967 | INFO     | ticket.py | get_assigned_tickets | Line 41 | Admin get assigned tickets page arrived
2026-07-27 16:22:59,977 | INFO     | ticket.py | close_ticket | Line 239 | Support agent  close ticket page arrived
2026-07-27 16:23:00,074 | INFO     | ticket.py | get_team_open_tickets | Line 75 | Admin get team open tickets page arrived
2026-07-27 16:23:00,084 | INFO     | ticket.py | get_assigned_tickets | Line 41 | Admin get assigned tickets page arrived
2026-07-27 16:23:00,096 | INFO     | ticket.py | close_ticket | Line 239 | Support agent  close ticket page arrived
2026-07-27 16:23:00,180 | INFO     | ticket.py | get_team_open_tickets | Line 75 | Admin get team open tickets page arrived
2026-07-27 16:23:00,191 | INFO     | ticket.py | get_assigned_tickets | Line 41 | Admin get assigned tickets page arrived
2026-07-27 16:23:00,201 | INFO     | ticket.py | close_ticket | Line 239 | Support agent  close ticket page arrived
2026-07-27 16:23:00,282 | INFO     | ticket.py | get_team_open_tickets | Line 75 | Admin get team open tickets page arrived
2026-07-27 16:23:00,290 | INFO     | ticket.py | get_assigned_tickets | Line 41 | Admin get assigned tickets page arrived
2026-07-27 16:23:00,301 | INFO     | ticket.py | close_ticket | Line 239 | Support agent  close ticket page arrived
2026-07-27 16:23:00,381 | INFO     | ticket.py | get_team_open_tickets | Line 75 | Admin get team open tickets page arrived
2026-07-27 16:23:00,388 | INFO     | ticket.py | get_assigned_tickets | Line 41 | Admin get assigned tickets page arrived
2026-07-27 16:23:00,397 | INFO     | ticket.py | close_ticket | Line 239 | Support agent  close ticket page arrived
2026-07-27 16:23:00,479 | INFO     | ticket.py | get_team_open_tickets | Line 75 | Admin get team open tickets page arrived
2026-07-27 16:23:00,489 | INFO     | ticket.py | get_assigned_tickets | Line 41 | Admin get assigned tickets page arrived
2026-07-27 16:23:00,501 | INFO     | ticket.py | close_ticket | Line 239 | Support agent  close ticket page arrived
2026-07-27 16:23:00,587 | INFO     | ticket.py | get_team_open_tickets | Line 75 | Admin get team open tickets page arrived
2026-07-27 16:23:00,598 | INFO     | ticket.py | get_assigned_tickets | Line 41 | Admin get assigned tickets page arrived
2026-07-27 16:23:00,612 | INFO     | ticket.py | close_ticket | Line 239 | Support agent  close ticket page arrived
2026-07-27 16:23:00,691 | INFO     | ticket.py | get_team_open_tickets | Line 75 | Admin get team open tickets page arrived
2026-07-27 16:23:00,698 | INFO     | ticket.py | get_assigned_tickets | Line 41 | Admin get assigned tickets page arrived
2026-07-27 16:23:00,708 | INFO     | ticket.py | close_ticket | Line 239 | Support agent  close ticket page arrived
2026-07-27 16:23:00,787 | INFO     | ticket.py | get_team_open_tickets | Line 75 | Admin get team open tickets page arrived
2026-07-27 16:23:00,795 | INFO     | ticket.py | get_assigned_tickets | Line 41 | Admin get assigned tickets page arrived
2026-07-27 16:23:00,805 | INFO     | ticket.py | close_ticket | Line 239 | Support agent  close ticket page arrived
2026-07-27 16:23:00,884 | INFO     | ticket.py | get_team_open_tickets | Line 75 | Admin get team open tickets page arrived
2026-07-27 16:23:00,890 | INFO     | ticket.py | get_assigned_tickets | Line 41 | Admin get assigned tickets page arrived
2026-07-27 16:23:00,899 | INFO     | ticket.py | close_ticket | Line 239 | Support agent  close ticket page arrived
2026-07-27 16:23:00,985 | INFO     | ticket.py | get_team_open_tickets | Line 75 | Admin get team open tickets page arrived
2026-07-27 16:23:00,997 | INFO     | ticket.py | get_assigned_tickets | Line 41 | Admin get assigned tickets page arrived
2026-07-27 16:23:01,011 | INFO     | ticket.py | close_ticket | Line 239 | Support agent  close ticket page arrived
2026-07-27 16:23:01,101 | INFO     | ticket.py | get_team_open_tickets | Line 75 | Admin get team open tickets page arrived
2026-07-27 16:23:01,112 | INFO     | ticket.py | get_assigned_tickets | Line 41 | Admin get assigned tickets page arrived
2026-07-27 16:23:01,131 | INFO     | ticket.py | close_ticket | Line 239 | Support agent  close ticket page arrived
2026-07-27 16:23:01,219 | INFO     | ticket.py | get_team_open_tickets | Line 75 | Admin get team open tickets page arrived
2026-07-27 16:23:01,230 | INFO     | ticket.py | get_assigned_tickets | Line 41 | Admin get assigned tickets page arrived
2026-07-27 16:23:01,243 | INFO     | ticket.py | close_ticket | Line 239 | Support agent  close ticket page arrived
2026-07-27 16:23:01,322 | INFO     | ticket.py | get_team_open_tickets | Line 75 | Admin get team open tickets page arrived
2026-07-27 16:23:01,328 | INFO     | ticket.py | get_assigned_tickets | Line 41 | Admin get assigned tickets page arrived
2026-07-27 16:23:01,336 | INFO     | ticket.py | close_ticket | Line 239 | Support agent  close ticket page arrived
2026-07-27 16:23:01,430 | INFO     | ticket.py | get_team_open_tickets | Line 75 | Admin get team open tickets page arrived
2026-07-27 16:23:01,441 | INFO     | ticket.py | get_assigned_tickets | Line 41 | Admin get assigned tickets page arrived
2026-07-27 16:23:01,454 | INFO     | ticket.py | close_ticket | Line 239 | Support agent  close ticket page arrived
2026-07-27 16:23:01,554 | INFO     | ticket.py | get_team_open_tickets | Line 75 | Admin get team open tickets page arrived
2026-07-27 16:23:01,566 | INFO     | ticket.py | get_assigned_tickets | Line 41 | Admin get assigned tickets page arrived
2026-07-27 16:23:01,576 | INFO     | ticket.py | close_ticket | Line 239 | Support agent  close ticket page arrived
2026-07-27 16:23:01,659 | INFO     | ticket.py | get_team_open_tickets | Line 75 | Admin get team open tickets page arrived
2026-07-27 16:23:01,668 | INFO     | ticket.py | get_assigned_tickets | Line 41 | Admin get assigned tickets page arrived
2026-07-27 16:23:01,681 | INFO     | ticket.py | close_ticket | Line 239 | Support agent  close ticket page arrived
2026-07-27 16:23:01,765 | INFO     | ticket.py | get_team_open_tickets | Line 75 | Admin get team open tickets page arrived
2026-07-27 16:23:01,774 | INFO     | ticket.py | get_assigned_tickets | Line 41 | Admin get assigned tickets page arrived
2026-07-27 16:23:01,786 | INFO     | ticket.py | close_ticket | Line 239 | Support agent  close ticket page arrived
2026-07-27 16:23:01,886 | INFO     | ticket.py | get_team_open_tickets | Line 75 | Admin get team open tickets page arrived
2026-07-27 16:23:01,897 | INFO     | ticket.py | get_assigned_tickets | Line 41 | Admin get assigned tickets page arrived
2026-07-27 16:23:01,914 | INFO     | ticket.py | close_ticket | Line 239 | Support agent  close ticket page arrived
2026-07-27 16:23:02,003 | INFO     | ticket.py | get_team_open_tickets | Line 75 | Admin get team open tickets page arrived
2026-07-27 16:23:02,012 | INFO     | ticket.py | get_assigned_tickets | Line 41 | Admin get assigned tickets page arrived
2026-07-27 16:23:02,022 | INFO     | ticket.py | close_ticket | Line 239 | Support agent  close ticket page arrived
2026-07-27 16:23:02,158 | INFO     | ticket.py | get_team_open_tickets | Line 75 | Admin get team open tickets page arrived
2026-07-27 16:23:02,174 | INFO     | ticket.py | get_assigned_tickets | Line 41 | Admin get assigned tickets page arrived
2026-07-27 16:23:02,215 | INFO     | ticket.py | close_ticket | Line 239 | Support agent  close ticket page arrived
2026-07-27 16:23:02,339 | INFO     | ticket.py | get_team_open_tickets | Line 75 | Admin get team open tickets page arrived
2026-07-27 16:23:02,349 | INFO     | ticket.py | get_assigned_tickets | Line 41 | Admin get assigned tickets page arrived
2026-07-27 16:23:02,361 | INFO     | ticket.py | close_ticket | Line 239 | Support agent  close ticket page arrived
2026-07-27 16:23:02,440 | INFO     | ticket.py | get_team_open_tickets | Line 75 | Admin get team open tickets page arrived
2026-07-27 16:23:02,450 | INFO     | ticket.py | get_assigned_tickets | Line 41 | Admin get assigned tickets page arrived
2026-07-27 16:23:02,461 | INFO     | ticket.py | close_ticket | Line 239 | Support agent  close ticket page arrived
2026-07-27 16:23:02,543 | INFO     | ticket.py | get_team_open_tickets | Line 75 | Admin get team open tickets page arrived
2026-07-27 16:23:02,550 | INFO     | ticket.py | get_assigned_tickets | Line 41 | Admin get assigned tickets page arrived
2026-07-27 16:23:02,560 | INFO     | ticket.py | close_ticket | Line 239 | Support agent  close ticket page arrived
2026-07-27 16:23:02,637 | INFO     | ticket.py | get_team_open_tickets | Line 75 | Admin get team open tickets page arrived
2026-07-27 16:23:02,648 | INFO     | ticket.py | get_assigned_tickets | Line 41 | Admin get assigned tickets page arrived
2026-07-27 16:23:02,656 | INFO     | ticket.py | close_ticket | Line 239 | Support agent  close ticket page arrived
2026-07-27 16:23:02,740 | INFO     | ticket.py | get_team_open_tickets | Line 75 | Admin get team open tickets page arrived
2026-07-27 16:23:02,747 | INFO     | ticket.py | get_assigned_tickets | Line 41 | Admin get assigned tickets page arrived
2026-07-27 16:23:02,758 | INFO     | ticket.py | close_ticket | Line 239 | Support agent  close ticket page arrived
2026-07-27 16:23:02,883 | INFO     | ticket.py | get_team_open_tickets | Line 75 | Admin get team open tickets page arrived
2026-07-27 16:23:02,896 | INFO     | ticket.py | get_assigned_tickets | Line 41 | Admin get assigned tickets page arrived
2026-07-27 16:23:02,914 | INFO     | ticket.py | close_ticket | Line 239 | Support agent  close ticket page arrived
2026-07-27 16:23:03,020 | INFO     | ticket.py | get_team_open_tickets | Line 75 | Admin get team open tickets page arrived
2026-07-27 16:23:03,031 | INFO     | ticket.py | get_assigned_tickets | Line 41 | Admin get assigned tickets page arrived
2026-07-27 16:23:03,044 | INFO     | ticket.py | close_ticket | Line 239 | Support agent  close ticket page arrived
2026-07-27 16:23:03,119 | INFO     | ticket.py | get_team_open_tickets | Line 75 | Admin get team open tickets page arrived
2026-07-27 16:23:03,126 | INFO     | ticket.py | get_assigned_tickets | Line 41 | Admin get assigned tickets page arrived
2026-07-27 16:23:03,135 | INFO     | ticket.py | close_ticket | Line 239 | Support agent  close ticket page arrived
2026-07-27 16:23:03,199 | INFO     | ticket.py | get_team_open_tickets | Line 75 | Admin get team open tickets page arrived
2026-07-27 16:23:03,207 | INFO     | ticket.py | get_assigned_tickets | Line 41 | Admin get assigned tickets page arrived
2026-07-27 16:23:03,218 | INFO     | ticket.py | close_ticket | Line 239 | Support agent  close ticket page arrived
2026-07-27 16:23:03,305 | INFO     | ticket.py | get_team_open_tickets | Line 75 | Admin get team open tickets page arrived
2026-07-27 16:23:03,313 | INFO     | ticket.py | get_assigned_tickets | Line 41 | Admin get assigned tickets page arrived
2026-07-27 16:23:03,324 | INFO     | ticket.py | close_ticket | Line 239 | Support agent  close ticket page arrived
2026-07-27 16:23:03,390 | INFO     | ticket.py | get_team_open_tickets | Line 75 | Admin get team open tickets page arrived
2026-07-27 16:23:03,397 | INFO     | ticket.py | get_assigned_tickets | Line 41 | Admin get assigned tickets page arrived
2026-07-27 16:23:03,409 | INFO     | ticket.py | close_ticket | Line 239 | Support agent  close ticket page arrived
2026-07-27 16:23:03,476 | INFO     | ticket.py | get_team_open_tickets | Line 75 | Admin get team open tickets page arrived
2026-07-27 16:23:03,483 | INFO     | ticket.py | get_assigned_tickets | Line 41 | Admin get assigned tickets page arrived
2026-07-27 16:23:03,491 | INFO     | ticket.py | close_ticket | Line 239 | Support agent  close ticket page arrived
2026-07-27 16:23:03,555 | INFO     | ticket.py | get_team_open_tickets | Line 75 | Admin get team open tickets page arrived
2026-07-27 16:23:03,562 | INFO     | ticket.py | get_assigned_tickets | Line 41 | Admin get assigned tickets page arrived
2026-07-27 16:23:03,571 | INFO     | ticket.py | close_ticket | Line 239 | Support agent  close ticket page arrived
2026-07-27 16:23:03,654 | INFO     | ticket.py | get_team_open_tickets | Line 75 | Admin get team open tickets page arrived
2026-07-27 16:23:03,662 | INFO     | ticket.py | get_assigned_tickets | Line 41 | Admin get assigned tickets page arrived
2026-07-27 16:23:03,671 | INFO     | ticket.py | close_ticket | Line 239 | Support agent  close ticket page arrived
2026-07-27 16:23:03,738 | INFO     | ticket.py | get_team_open_tickets | Line 75 | Admin get team open tickets page arrived
2026-07-27 16:23:03,746 | INFO     | ticket.py | get_assigned_tickets | Line 41 | Admin get assigned tickets page arrived
2026-07-27 16:23:03,756 | INFO     | ticket.py | close_ticket | Line 239 | Support agent  close ticket page arrived
2026-07-27 16:23:03,836 | INFO     | ticket.py | get_team_open_tickets | Line 75 | Admin get team open tickets page arrived
2026-07-27 16:23:03,846 | INFO     | ticket.py | get_assigned_tickets | Line 41 | Admin get assigned tickets page arrived
2026-07-27 16:23:03,856 | INFO     | ticket.py | close_ticket | Line 239 | Support agent  close ticket page arrived
2026-07-27 16:23:03,930 | INFO     | ticket.py | get_team_open_tickets | Line 75 | Admin get team open tickets page arrived
2026-07-27 16:23:03,938 | INFO     | ticket.py | get_assigned_tickets | Line 41 | Admin get assigned tickets page arrived
2026-07-27 16:23:03,947 | INFO     | ticket.py | close_ticket | Line 239 | Support agent  close ticket page arrived
2026-07-27 16:23:04,011 | INFO     | ticket.py | get_team_open_tickets | Line 75 | Admin get team open tickets page arrived
2026-07-27 16:23:04,019 | INFO     | ticket.py | get_assigned_tickets | Line 41 | Admin get assigned tickets page arrived
2026-07-27 16:23:04,028 | INFO     | ticket.py | close_ticket | Line 239 | Support agent  close ticket page arrived
2026-07-27 16:23:04,092 | INFO     | ticket.py | get_team_open_tickets | Line 75 | Admin get team open tickets page arrived
2026-07-27 16:23:04,101 | INFO     | ticket.py | get_assigned_tickets | Line 41 | Admin get assigned tickets page arrived
2026-07-27 16:23:04,111 | INFO     | ticket.py | close_ticket | Line 239 | Support agent  close ticket page arrived
2026-07-27 16:23:04,186 | INFO     | ticket.py | get_team_open_tickets | Line 75 | Admin get team open tickets page arrived
2026-07-27 16:23:04,194 | INFO     | ticket.py | get_assigned_tickets | Line 41 | Admin get assigned tickets page arrived
2026-07-27 16:23:04,205 | INFO     | ticket.py | close_ticket | Line 239 | Support agent  close ticket page arrived
2026-07-27 16:23:04,284 | INFO     | ticket.py | get_team_open_tickets | Line 75 | Admin get team open tickets page arrived
2026-07-27 16:23:04,292 | INFO     | ticket.py | get_assigned_tickets | Line 41 | Admin get assigned tickets page arrived
2026-07-27 16:23:04,302 | INFO     | ticket.py | close_ticket | Line 239 | Support agent  close ticket page arrived
2026-07-27 16:23:04,369 | INFO     | ticket.py | get_team_open_tickets | Line 75 | Admin get team open tickets page arrived
2026-07-27 16:23:04,379 | INFO     | ticket.py | get_assigned_tickets | Line 41 | Admin get assigned tickets page arrived
2026-07-27 16:23:04,389 | INFO     | ticket.py | close_ticket | Line 239 | Support agent  close ticket page arrived
2026-07-27 16:23:04,463 | INFO     | ticket.py | get_team_open_tickets | Line 75 | Admin get team open tickets page arrived
2026-07-27 16:23:04,472 | INFO     | ticket.py | get_assigned_tickets | Line 41 | Admin get assigned tickets page arrived
2026-07-27 16:23:04,482 | INFO     | ticket.py | close_ticket | Line 239 | Support agent  close ticket page arrived
2026-07-27 16:23:04,552 | INFO     | ticket.py | get_team_open_tickets | Line 75 | Admin get team open tickets page arrived
2026-07-27 16:23:04,559 | INFO     | ticket.py | get_assigned_tickets | Line 41 | Admin get assigned tickets page arrived
2026-07-27 16:23:04,568 | INFO     | ticket.py | close_ticket | Line 239 | Support agent  close ticket page arrived
2026-07-27 16:23:04,640 | INFO     | ticket.py | get_team_open_tickets | Line 75 | Admin get team open tickets page arrived
2026-07-27 16:23:04,648 | INFO     | ticket.py | get_assigned_tickets | Line 41 | Admin get assigned tickets page arrived
2026-07-27 16:23:04,658 | INFO     | ticket.py | close_ticket | Line 239 | Support agent  close ticket page arrived
2026-07-27 16:23:04,725 | INFO     | ticket.py | get_team_open_tickets | Line 75 | Admin get team open tickets page arrived
2026-07-27 16:23:04,733 | INFO     | ticket.py | get_assigned_tickets | Line 41 | Admin get assigned tickets page arrived
2026-07-27 16:23:04,743 | INFO     | ticket.py | close_ticket | Line 239 | Support agent  close ticket page arrived
2026-07-27 16:23:04,813 | INFO     | ticket.py | get_team_open_tickets | Line 75 | Admin get team open tickets page arrived
2026-07-27 16:23:04,821 | INFO     | ticket.py | get_assigned_tickets | Line 41 | Admin get assigned tickets page arrived
2026-07-27 16:23:04,830 | INFO     | ticket.py | close_ticket | Line 239 | Support agent  close ticket page arrived
2026-07-27 16:23:04,897 | INFO     | ticket.py | get_team_open_tickets | Line 75 | Admin get team open tickets page arrived
2026-07-27 16:23:04,905 | INFO     | ticket.py | get_assigned_tickets | Line 41 | Admin get assigned tickets page arrived
2026-07-27 16:23:04,916 | INFO     | ticket.py | close_ticket | Line 239 | Support agent  close ticket page arrived
2026-07-27 16:23:04,987 | INFO     | ticket.py | get_team_open_tickets | Line 75 | Admin get team open tickets page arrived
2026-07-27 16:23:04,995 | INFO     | ticket.py | get_assigned_tickets | Line 41 | Admin get assigned tickets page arrived
2026-07-27 16:23:05,005 | INFO     | ticket.py | close_ticket | Line 239 | Support agent  close ticket page arrived
2026-07-27 16:23:05,088 | INFO     | ticket.py | get_team_open_tickets | Line 75 | Admin get team open tickets page arrived
2026-07-27 16:23:05,095 | INFO     | ticket.py | get_assigned_tickets | Line 41 | Admin get assigned tickets page arrived
2026-07-27 16:23:05,105 | INFO     | ticket.py | close_ticket | Line 239 | Support agent  close ticket page arrived
2026-07-27 16:23:05,172 | INFO     | ticket.py | get_team_open_tickets | Line 75 | Admin get team open tickets page arrived
2026-07-27 16:23:05,179 | INFO     | ticket.py | get_assigned_tickets | Line 41 | Admin get assigned tickets page arrived
2026-07-27 16:23:05,188 | INFO     | ticket.py | close_ticket | Line 239 | Support agent  close ticket page arrived
2026-07-27 16:23:05,271 | INFO     | ticket.py | get_team_open_tickets | Line 75 | Admin get team open tickets page arrived
2026-07-27 16:23:05,279 | INFO     | ticket.py | get_assigned_tickets | Line 41 | Admin get assigned tickets page arrived
2026-07-27 16:23:05,290 | INFO     | ticket.py | close_ticket | Line 239 | Support agent  close ticket page arrived
2026-07-27 16:23:05,363 | INFO     | ticket.py | get_team_open_tickets | Line 75 | Admin get team open tickets page arrived
2026-07-27 16:23:05,370 | INFO     | ticket.py | get_assigned_tickets | Line 41 | Admin get assigned tickets page arrived
2026-07-27 16:23:05,378 | INFO     | ticket.py | close_ticket | Line 239 | Support agent  close ticket page arrived
2026-07-27 16:23:05,439 | INFO     | ticket.py | get_team_open_tickets | Line 75 | Admin get team open tickets page arrived
2026-07-27 16:23:05,445 | INFO     | ticket.py | get_assigned_tickets | Line 41 | Admin get assigned tickets page arrived
2026-07-27 16:23:05,454 | INFO     | ticket.py | close_ticket | Line 239 | Support agent  close ticket page arrived
2026-07-27 16:23:05,526 | INFO     | ticket.py | get_team_open_tickets | Line 75 | Admin get team open tickets page arrived
2026-07-27 16:23:05,536 | INFO     | ticket.py | get_assigned_tickets | Line 41 | Admin get assigned tickets page arrived
2026-07-27 16:23:05,548 | INFO     | ticket.py | close_ticket | Line 239 | Support agent  close ticket page arrived
2026-07-27 16:23:05,625 | INFO     | ticket.py | get_team_open_tickets | Line 75 | Admin get team open tickets page arrived
2026-07-27 16:23:05,634 | INFO     | ticket.py | get_assigned_tickets | Line 41 | Admin get assigned tickets page arrived
2026-07-27 16:23:05,644 | INFO     | ticket.py | close_ticket | Line 239 | Support agent  close ticket page arrived
2026-07-27 16:23:05,710 | INFO     | ticket.py | get_team_open_tickets | Line 75 | Admin get team open tickets page arrived
2026-07-27 16:23:05,716 | INFO     | ticket.py | get_assigned_tickets | Line 41 | Admin get assigned tickets page arrived
2026-07-27 16:23:05,724 | INFO     | ticket.py | close_ticket | Line 239 | Support agent  close ticket page arrived
2026-07-27 16:23:05,795 | INFO     | ticket.py | get_team_open_tickets | Line 75 | Admin get team open tickets page arrived
2026-07-27 16:23:05,803 | INFO     | ticket.py | get_assigned_tickets | Line 41 | Admin get assigned tickets page arrived
2026-07-27 16:23:05,814 | INFO     | ticket.py | close_ticket | Line 239 | Support agent  close ticket page arrived
2026-07-27 16:23:05,895 | INFO     | ticket.py | get_team_open_tickets | Line 75 | Admin get team open tickets page arrived
2026-07-27 16:23:05,904 | INFO     | ticket.py | get_assigned_tickets | Line 41 | Admin get assigned tickets page arrived
2026-07-27 16:23:05,914 | INFO     | ticket.py | close_ticket | Line 239 | Support agent  close ticket page arrived
2026-07-27 16:23:05,988 | INFO     | ticket.py | get_team_open_tickets | Line 75 | Admin get team open tickets page arrived
2026-07-27 16:23:05,996 | INFO     | ticket.py | get_assigned_tickets | Line 41 | Admin get assigned tickets page arrived
2026-07-27 16:23:06,006 | INFO     | ticket.py | close_ticket | Line 239 | Support agent  close ticket page arrived
2026-07-27 16:23:06,086 | INFO     | ticket.py | get_team_open_tickets | Line 75 | Admin get team open tickets page arrived
2026-07-27 16:23:06,094 | INFO     | ticket.py | get_assigned_tickets | Line 41 | Admin get assigned tickets page arrived
2026-07-27 16:23:06,105 | INFO     | ticket.py | close_ticket | Line 239 | Support agent  close ticket page arrived
2026-07-27 16:23:06,179 | INFO     | ticket.py | get_team_open_tickets | Line 75 | Admin get team open tickets page arrived
2026-07-27 16:23:06,187 | INFO     | ticket.py | get_assigned_tickets | Line 41 | Admin get assigned tickets page arrived
2026-07-27 16:23:06,197 | INFO     | ticket.py | close_ticket | Line 239 | Support agent  close ticket page arrived
2026-07-27 16:23:06,266 | INFO     | ticket.py | get_team_open_tickets | Line 75 | Admin get team open tickets page arrived
2026-07-27 16:23:06,277 | INFO     | ticket.py | get_assigned_tickets | Line 41 | Admin get assigned tickets page arrived
2026-07-27 16:23:06,288 | INFO     | ticket.py | close_ticket | Line 239 | Support agent  close ticket page arrived
2026-07-27 16:23:06,377 | INFO     | ticket.py | get_team_open_tickets | Line 75 | Admin get team open tickets page arrived
2026-07-27 16:23:06,385 | INFO     | ticket.py | get_assigned_tickets | Line 41 | Admin get assigned tickets page arrived
2026-07-27 16:23:06,394 | INFO     | ticket.py | close_ticket | Line 239 | Support agent  close ticket page arrived
2026-07-27 16:23:06,458 | INFO     | ticket.py | get_team_open_tickets | Line 75 | Admin get team open tickets page arrived
2026-07-27 16:23:06,465 | INFO     | ticket.py | get_assigned_tickets | Line 41 | Admin get assigned tickets page arrived
2026-07-27 16:23:06,476 | INFO     | ticket.py | close_ticket | Line 239 | Support agent  close ticket page arrived
2026-07-27 16:23:06,556 | INFO     | ticket.py | get_team_open_tickets | Line 75 | Admin get team open tickets page arrived
2026-07-27 16:23:06,564 | INFO     | ticket.py | get_assigned_tickets | Line 41 | Admin get assigned tickets page arrived
2026-07-27 16:23:06,575 | INFO     | ticket.py | close_ticket | Line 239 | Support agent  close ticket page arrived
2026-07-27 16:23:06,646 | INFO     | ticket.py | get_team_open_tickets | Line 75 | Admin get team open tickets page arrived
2026-07-27 16:23:06,653 | INFO     | ticket.py | get_assigned_tickets | Line 41 | Admin get assigned tickets page arrived
2026-07-27 16:23:06,662 | INFO     | ticket.py | close_ticket | Line 239 | Support agent  close ticket page arrived
2026-07-27 16:23:06,721 | INFO     | ticket.py | get_team_open_tickets | Line 75 | Admin get team open tickets page arrived
2026-07-27 16:23:06,728 | INFO     | ticket.py | get_assigned_tickets | Line 41 | Admin get assigned tickets page arrived
2026-07-27 16:23:06,736 | INFO     | ticket.py | close_ticket | Line 239 | Support agent  close ticket page arrived
2026-07-27 16:23:06,791 | INFO     | ticket.py | get_team_open_tickets | Line 75 | Admin get team open tickets page arrived
2026-07-27 16:23:06,797 | INFO     | ticket.py | get_assigned_tickets | Line 41 | Admin get assigned tickets page arrived
2026-07-27 16:23:06,806 | INFO     | ticket.py | close_ticket | Line 239 | Support agent  close ticket page arrived
2026-07-27 16:23:06,882 | INFO     | ticket.py | get_team_open_tickets | Line 75 | Admin get team open tickets page arrived
2026-07-27 16:23:06,889 | INFO     | ticket.py | get_assigned_tickets | Line 41 | Admin get assigned tickets page arrived
2026-07-27 16:23:06,899 | INFO     | ticket.py | close_ticket | Line 239 | Support agent  close ticket page arrived
2026-07-27 16:23:06,971 | INFO     | ticket.py | get_team_open_tickets | Line 75 | Admin get team open tickets page arrived
2026-07-27 16:23:06,980 | INFO     | ticket.py | get_assigned_tickets | Line 41 | Admin get assigned tickets page arrived
2026-07-27 16:23:06,992 | INFO     | ticket.py | close_ticket | Line 239 | Support agent  close ticket page arrived
2026-07-27 16:23:07,070 | INFO     | ticket.py | get_team_open_tickets | Line 75 | Admin get team open tickets page arrived
2026-07-27 16:23:07,079 | INFO     | ticket.py | get_assigned_tickets | Line 41 | Admin get assigned tickets page arrived
2026-07-27 16:23:07,091 | INFO     | ticket.py | close_ticket | Line 239 | Support agent  close ticket page arrived
2026-07-27 16:23:07,167 | INFO     | ticket.py | get_team_open_tickets | Line 75 | Admin get team open tickets page arrived
2026-07-27 16:23:07,175 | INFO     | ticket.py | get_assigned_tickets | Line 41 | Admin get assigned tickets page arrived
2026-07-27 16:23:07,186 | INFO     | ticket.py | close_ticket | Line 239 | Support agent  close ticket page arrived
2026-07-27 16:23:07,250 | INFO     | ticket.py | get_team_open_tickets | Line 75 | Admin get team open tickets page arrived
2026-07-27 16:23:07,256 | INFO     | ticket.py | get_assigned_tickets | Line 41 | Admin get assigned tickets page arrived
2026-07-27 16:23:07,264 | INFO     | ticket.py | close_ticket | Line 239 | Support agent  close ticket page arrived
2026-07-27 16:23:07,342 | INFO     | ticket.py | get_team_open_tickets | Line 75 | Admin get team open tickets page arrived
2026-07-27 16:23:07,352 | INFO     | ticket.py | get_assigned_tickets | Line 41 | Admin get assigned tickets page arrived
2026-07-27 16:23:07,366 | INFO     | ticket.py | close_ticket | Line 239 | Support agent  close ticket page arrived
2026-07-27 16:23:07,440 | INFO     | ticket.py | get_team_open_tickets | Line 75 | Admin get team open tickets page arrived
2026-07-27 16:23:07,448 | INFO     | ticket.py | get_assigned_tickets | Line 41 | Admin get assigned tickets page arrived
2026-07-27 16:23:07,459 | INFO     | ticket.py | close_ticket | Line 239 | Support agent  close ticket page arrived
2026-07-27 16:23:07,520 | INFO     | ticket.py | get_team_open_tickets | Line 75 | Admin get team open tickets page arrived
2026-07-27 16:23:07,527 | INFO     | ticket.py | get_assigned_tickets | Line 41 | Admin get assigned tickets page arrived
2026-07-27 16:23:07,537 | INFO     | ticket.py | close_ticket | Line 239 | Support agent  close ticket page arrived
2026-07-27 16:23:07,614 | INFO     | ticket.py | get_team_open_tickets | Line 75 | Admin get team open tickets page arrived
2026-07-27 16:23:07,621 | INFO     | ticket.py | get_assigned_tickets | Line 41 | Admin get assigned tickets page arrived
2026-07-27 16:23:07,630 | INFO     | ticket.py | close_ticket | Line 239 | Support agent  close ticket page arrived
2026-07-27 16:23:07,703 | INFO     | ticket.py | get_team_open_tickets | Line 75 | Admin get team open tickets page arrived
2026-07-27 16:23:07,710 | INFO     | ticket.py | get_assigned_tickets | Line 41 | Admin get assigned tickets page arrived
2026-07-27 16:23:07,719 | INFO     | ticket.py | close_ticket | Line 239 | Support agent  close ticket page arrived
2026-07-27 16:23:07,782 | INFO     | ticket.py | get_team_open_tickets | Line 75 | Admin get team open tickets page arrived
2026-07-27 16:23:07,790 | INFO     | ticket.py | get_assigned_tickets | Line 41 | Admin get assigned tickets page arrived
2026-07-27 16:23:07,800 | INFO     | ticket.py | close_ticket | Line 239 | Support agent  close ticket page arrived
2026-07-27 16:23:07,871 | INFO     | ticket.py | get_team_open_tickets | Line 75 | Admin get team open tickets page arrived
2026-07-27 16:23:07,877 | INFO     | ticket.py | get_assigned_tickets | Line 41 | Admin get assigned tickets page arrived
2026-07-27 16:23:07,885 | INFO     | ticket.py | close_ticket | Line 239 | Support agent  close ticket page arrived
2026-07-27 16:23:07,953 | INFO     | ticket.py | get_team_open_tickets | Line 75 | Admin get team open tickets page arrived
2026-07-27 16:23:07,959 | INFO     | ticket.py | get_assigned_tickets | Line 41 | Admin get assigned tickets page arrived
2026-07-27 16:23:07,967 | INFO     | ticket.py | close_ticket | Line 239 | Support agent  close ticket page arrived
2026-07-27 16:23:08,031 | INFO     | ticket.py | get_team_open_tickets | Line 75 | Admin get team open tickets page arrived
2026-07-27 16:23:08,038 | INFO     | ticket.py | get_assigned_tickets | Line 41 | Admin get assigned tickets page arrived
2026-07-27 16:23:08,049 | INFO     | ticket.py | close_ticket | Line 239 | Support agent  close ticket page arrived
2026-07-27 16:23:08,106 | INFO     | ticket.py | get_team_open_tickets | Line 75 | Admin get team open tickets page arrived
2026-07-27 16:23:08,114 | INFO     | ticket.py | get_assigned_tickets | Line 41 | Admin get assigned tickets page arrived
2026-07-27 16:23:08,122 | INFO     | ticket.py | close_ticket | Line 239 | Support agent  close ticket page arrived
2026-07-27 16:23:08,179 | INFO     | ticket.py | get_team_open_tickets | Line 75 | Admin get team open tickets page arrived
2026-07-27 16:23:08,186 | INFO     | ticket.py | get_assigned_tickets | Line 41 | Admin get assigned tickets page arrived
2026-07-27 16:23:08,198 | INFO     | ticket.py | close_ticket | Line 239 | Support agent  close ticket page arrived
2026-07-27 16:23:08,272 | INFO     | ticket.py | get_team_open_tickets | Line 75 | Admin get team open tickets page arrived
2026-07-27 16:23:08,280 | INFO     | ticket.py | get_assigned_tickets | Line 41 | Admin get assigned tickets page arrived
2026-07-27 16:23:08,291 | INFO     | ticket.py | close_ticket | Line 239 | Support agent  close ticket page arrived
2026-07-27 16:23:08,394 | INFO     | ticket.py | get_team_open_tickets | Line 75 | Admin get team open tickets page arrived
2026-07-27 16:23:08,403 | INFO     | ticket.py | get_assigned_tickets | Line 41 | Admin get assigned tickets page arrived
2026-07-27 16:23:08,414 | INFO     | ticket.py | close_ticket | Line 239 | Support agent  close ticket page arrived
2026-07-27 16:23:08,498 | INFO     | ticket.py | get_team_open_tickets | Line 75 | Admin get team open tickets page arrived
2026-07-27 16:23:08,505 | INFO     | ticket.py | get_assigned_tickets | Line 41 | Admin get assigned tickets page arrived
2026-07-27 16:23:08,517 | INFO     | ticket.py | close_ticket | Line 239 | Support agent  close ticket page arrived
2026-07-27 16:23:08,595 | INFO     | ticket.py | get_team_open_tickets | Line 75 | Admin get team open tickets page arrived
2026-07-27 16:23:08,601 | INFO     | ticket.py | get_assigned_tickets | Line 41 | Admin get assigned tickets page arrived
2026-07-27 16:23:08,610 | INFO     | ticket.py | close_ticket | Line 239 | Support agent  close ticket page arrived
2026-07-27 16:23:08,676 | INFO     | ticket.py | get_team_open_tickets | Line 75 | Admin get team open tickets page arrived
2026-07-27 16:23:08,682 | INFO     | ticket.py | get_assigned_tickets | Line 41 | Admin get assigned tickets page arrived
2026-07-27 16:23:08,690 | INFO     | ticket.py | close_ticket | Line 239 | Support agent  close ticket page arrived
2026-07-27 16:23:08,747 | INFO     | ticket.py | get_team_open_tickets | Line 75 | Admin get team open tickets page arrived
2026-07-27 16:23:08,754 | INFO     | ticket.py | get_assigned_tickets | Line 41 | Admin get assigned tickets page arrived
2026-07-27 16:23:08,763 | INFO     | ticket.py | close_ticket | Line 239 | Support agent  close ticket page arrived
2026-07-27 16:23:08,827 | INFO     | ticket.py | get_team_open_tickets | Line 75 | Admin get team open tickets page arrived
2026-07-27 16:23:08,834 | INFO     | ticket.py | get_assigned_tickets | Line 41 | Admin get assigned tickets page arrived
2026-07-27 16:23:08,845 | INFO     | ticket.py | close_ticket | Line 239 | Support agent  close ticket page arrived
2026-07-27 16:23:08,908 | INFO     | ticket.py | get_team_open_tickets | Line 75 | Admin get team open tickets page arrived
2026-07-27 16:23:08,915 | INFO     | ticket.py | get_assigned_tickets | Line 41 | Admin get assigned tickets page arrived
2026-07-27 16:23:08,925 | INFO     | ticket.py | close_ticket | Line 239 | Support agent  close ticket page arrived
2026-07-27 16:23:08,993 | INFO     | ticket.py | get_team_open_tickets | Line 75 | Admin get team open tickets page arrived
2026-07-27 16:23:09,002 | INFO     | ticket.py | get_assigned_tickets | Line 41 | Admin get assigned tickets page arrived
2026-07-27 16:23:09,013 | INFO     | ticket.py | close_ticket | Line 239 | Support agent  close ticket page arrived
2026-07-27 16:23:09,074 | INFO     | ticket.py | get_team_open_tickets | Line 75 | Admin get team open tickets page arrived
2026-07-27 16:23:09,080 | INFO     | ticket.py | get_assigned_tickets | Line 41 | Admin get assigned tickets page arrived
2026-07-27 16:23:09,088 | INFO     | ticket.py | close_ticket | Line 239 | Support agent  close ticket page arrived
2026-07-27 16:23:09,141 | INFO     | ticket.py | get_team_open_tickets | Line 75 | Admin get team open tickets page arrived
2026-07-27 16:23:09,147 | INFO     | ticket.py | get_assigned_tickets | Line 41 | Admin get assigned tickets page arrived
2026-07-27 16:23:09,154 | INFO     | ticket.py | close_ticket | Line 239 | Support agent  close ticket page arrived
2026-07-27 16:23:09,208 | INFO     | ticket.py | get_team_open_tickets | Line 75 | Admin get team open tickets page arrived
2026-07-27 16:23:09,214 | INFO     | ticket.py | get_assigned_tickets | Line 41 | Admin get assigned tickets page arrived
2026-07-27 16:23:09,221 | INFO     | ticket.py | close_ticket | Line 239 | Support agent  close ticket page arrived
2026-07-27 16:23:09,277 | INFO     | ticket.py | get_team_open_tickets | Line 75 | Admin get team open tickets page arrived
2026-07-27 16:23:09,282 | INFO     | ticket.py | get_assigned_tickets | Line 41 | Admin get assigned tickets page arrived
2026-07-27 16:23:09,290 | INFO     | ticket.py | close_ticket | Line 239 | Support agent  close ticket page arrived
2026-07-27 16:23:09,344 | INFO     | ticket.py | get_team_open_tickets | Line 75 | Admin get team open tickets page arrived
2026-07-27 16:23:09,350 | INFO     | ticket.py | get_assigned_tickets | Line 41 | Admin get assigned tickets page arrived
2026-07-27 16:23:09,360 | INFO     | ticket.py | close_ticket | Line 239 | Support agent  close ticket page arrived
2026-07-27 16:23:09,427 | INFO     | ticket.py | get_team_open_tickets | Line 75 | Admin get team open tickets page arrived
2026-07-27 16:23:09,437 | INFO     | ticket.py | get_assigned_tickets | Line 41 | Admin get assigned tickets page arrived
2026-07-27 16:23:09,448 | INFO     | ticket.py | close_ticket | Line 239 | Support agent  close ticket page arrived
2026-07-27 16:23:09,517 | INFO     | ticket.py | get_team_open_tickets | Line 75 | Admin get team open tickets page arrived
2026-07-27 16:23:09,525 | INFO     | ticket.py | get_assigned_tickets | Line 41 | Admin get assigned tickets page arrived
2026-07-27 16:23:09,534 | INFO     | ticket.py | close_ticket | Line 239 | Support agent  close ticket page arrived
2026-07-27 16:23:09,592 | INFO     | ticket.py | get_team_open_tickets | Line 75 | Admin get team open tickets page arrived
2026-07-27 16:23:09,599 | INFO     | ticket.py | get_assigned_tickets | Line 41 | Admin get assigned tickets page arrived
2026-07-27 16:23:09,607 | INFO     | ticket.py | close_ticket | Line 239 | Support agent  close ticket page arrived
2026-07-27 16:23:09,666 | INFO     | ticket.py | get_team_open_tickets | Line 75 | Admin get team open tickets page arrived
2026-07-27 16:23:09,675 | INFO     | ticket.py | get_assigned_tickets | Line 41 | Admin get assigned tickets page arrived
2026-07-27 16:23:09,686 | INFO     | ticket.py | close_ticket | Line 239 | Support agent  close ticket page arrived
2026-07-27 16:23:09,762 | INFO     | ticket.py | get_team_open_tickets | Line 75 | Admin get team open tickets page arrived
2026-07-27 16:23:09,770 | INFO     | ticket.py | get_assigned_tickets | Line 41 | Admin get assigned tickets page arrived
2026-07-27 16:23:09,781 | INFO     | ticket.py | close_ticket | Line 239 | Support agent  close ticket page arrived
2026-07-27 16:23:09,854 | INFO     | ticket.py | get_team_open_tickets | Line 75 | Admin get team open tickets page arrived
2026-07-27 16:23:09,862 | INFO     | ticket.py | get_assigned_tickets | Line 41 | Admin get assigned tickets page arrived
2026-07-27 16:23:09,872 | INFO     | ticket.py | close_ticket | Line 239 | Support agent  close ticket page arrived
2026-07-27 16:23:09,939 | INFO     | ticket.py | get_team_open_tickets | Line 75 | Admin get team open tickets page arrived
2026-07-27 16:23:09,946 | INFO     | ticket.py | get_assigned_tickets | Line 41 | Admin get assigned tickets page arrived
2026-07-27 16:23:09,955 | INFO     | ticket.py | close_ticket | Line 239 | Support agent  close ticket page arrived
2026-07-27 16:23:10,018 | INFO     | ticket.py | get_team_open_tickets | Line 75 | Admin get team open tickets page arrived
2026-07-27 16:23:10,026 | INFO     | ticket.py | get_assigned_tickets | Line 41 | Admin get assigned tickets page arrived
2026-07-27 16:23:10,034 | INFO     | ticket.py | close_ticket | Line 239 | Support agent  close ticket page arrived
2026-07-27 16:23:10,085 | INFO     | ticket.py | get_team_open_tickets | Line 75 | Admin get team open tickets page arrived
2026-07-27 16:23:10,091 | INFO     | ticket.py | get_assigned_tickets | Line 41 | Admin get assigned tickets page arrived
2026-07-27 16:26:53,280 | INFO     | auth.py | login | Line 48 | Login post page arrived
2026-07-27 16:26:54,502 | INFO     | ticket.py | get_team_open_tickets | Line 75 | Admin get team open tickets page arrived
2026-07-27 16:26:54,517 | INFO     | ticket.py | get_assigned_tickets | Line 41 | Admin get assigned tickets page arrived
2026-07-27 16:27:12,811 | INFO     | ticket.py | get_team_open_tickets | Line 75 | Admin get team open tickets page arrived
2026-07-27 16:27:12,821 | INFO     | ticket.py | get_assigned_tickets | Line 41 | Admin get assigned tickets page arrived
2026-07-27 16:27:12,834 | INFO     | ticket.py | close_ticket | Line 239 | Support agent  close ticket page arrived
2026-07-27 16:27:12,929 | INFO     | ticket.py | get_team_open_tickets | Line 75 | Admin get team open tickets page arrived
2026-07-27 16:27:12,936 | INFO     | ticket.py | get_assigned_tickets | Line 41 | Admin get assigned tickets page arrived
2026-07-27 16:27:17,817 | INFO     | ticket.py | get_team_open_tickets | Line 75 | Admin get team open tickets page arrived
2026-07-27 16:27:17,826 | INFO     | ticket.py | get_assigned_tickets | Line 41 | Admin get assigned tickets page arrived
2026-07-27 16:27:17,838 | INFO     | ticket.py | close_ticket | Line 239 | Support agent  close ticket page arrived
2026-07-27 16:27:17,940 | INFO     | ticket.py | get_team_open_tickets | Line 75 | Admin get team open tickets page arrived
2026-07-27 16:27:17,950 | INFO     | ticket.py | get_assigned_tickets | Line 41 | Admin get assigned tickets page arrived
2026-07-27 16:27:18,339 | INFO     | ticket.py | get_team_open_tickets | Line 75 | Admin get team open tickets page arrived
2026-07-27 16:27:18,347 | INFO     | ticket.py | get_assigned_tickets | Line 41 | Admin get assigned tickets page arrived
2026-07-27 16:27:18,360 | INFO     | ticket.py | close_ticket | Line 239 | Support agent  close ticket page arrived
2026-07-27 16:27:18,446 | INFO     | ticket.py | get_team_open_tickets | Line 75 | Admin get team open tickets page arrived
2026-07-27 16:27:18,455 | INFO     | ticket.py | get_assigned_tickets | Line 41 | Admin get assigned tickets page arrived
2026-07-27 16:27:18,544 | INFO     | ticket.py | get_team_open_tickets | Line 75 | Admin get team open tickets page arrived
2026-07-27 16:27:18,553 | INFO     | ticket.py | get_assigned_tickets | Line 41 | Admin get assigned tickets page arrived
2026-07-27 16:27:18,566 | INFO     | ticket.py | close_ticket | Line 239 | Support agent  close ticket page arrived
2026-07-27 16:27:18,659 | INFO     | ticket.py | get_team_open_tickets | Line 75 | Admin get team open tickets page arrived
2026-07-27 16:27:18,670 | INFO     | ticket.py | get_assigned_tickets | Line 41 | Admin get assigned tickets page arrived
2026-07-27 16:27:18,766 | INFO     | ticket.py | get_team_open_tickets | Line 75 | Admin get team open tickets page arrived
2026-07-27 16:27:18,774 | INFO     | ticket.py | get_assigned_tickets | Line 41 | Admin get assigned tickets page arrived
2026-07-27 16:27:18,787 | INFO     | ticket.py | close_ticket | Line 239 | Support agent  close ticket page arrived
2026-07-27 16:27:19,119 | INFO     | ticket.py | get_team_open_tickets | Line 75 | Admin get team open tickets page arrived
2026-07-27 16:27:19,130 | INFO     | ticket.py | get_assigned_tickets | Line 41 | Admin get assigned tickets page arrived
2026-07-27 16:27:19,144 | INFO     | ticket.py | close_ticket | Line 239 | Support agent  close ticket page arrived
2026-07-27 16:27:19,298 | INFO     | ticket.py | get_team_open_tickets | Line 75 | Admin get team open tickets page arrived
2026-07-27 16:27:19,307 | INFO     | ticket.py | get_assigned_tickets | Line 41 | Admin get assigned tickets page arrived
2026-07-27 16:27:19,320 | INFO     | ticket.py | close_ticket | Line 239 | Support agent  close ticket page arrived
2026-07-27 16:27:19,503 | INFO     | ticket.py | get_team_open_tickets | Line 75 | Admin get team open tickets page arrived
2026-07-27 16:27:19,511 | INFO     | ticket.py | get_assigned_tickets | Line 41 | Admin get assigned tickets page arrived
2026-07-27 16:27:19,524 | INFO     | ticket.py | close_ticket | Line 239 | Support agent  close ticket page arrived
2026-07-27 16:27:19,679 | INFO     | ticket.py | get_team_open_tickets | Line 75 | Admin get team open tickets page arrived
2026-07-27 16:27:19,686 | INFO     | ticket.py | get_assigned_tickets | Line 41 | Admin get assigned tickets page arrived
2026-07-27 16:27:19,698 | INFO     | ticket.py | close_ticket | Line 239 | Support agent  close ticket page arrived
2026-07-27 16:27:19,838 | INFO     | ticket.py | get_team_open_tickets | Line 75 | Admin get team open tickets page arrived
2026-07-27 16:27:19,846 | INFO     | ticket.py | get_assigned_tickets | Line 41 | Admin get assigned tickets page arrived
2026-07-27 16:27:19,857 | INFO     | ticket.py | close_ticket | Line 239 | Support agent  close ticket page arrived
2026-07-27 16:27:19,934 | INFO     | ticket.py | get_team_open_tickets | Line 75 | Admin get team open tickets page arrived
2026-07-27 16:27:19,942 | INFO     | ticket.py | get_assigned_tickets | Line 41 | Admin get assigned tickets page arrived
2026-07-27 16:27:29,689 | INFO     | ticket.py | get_team_open_tickets | Line 75 | Admin get team open tickets page arrived
2026-07-27 16:27:29,699 | INFO     | ticket.py | get_assigned_tickets | Line 41 | Admin get assigned tickets page arrived
2026-07-27 16:27:29,713 | INFO     | ticket.py | close_ticket | Line 239 | Support agent  close ticket page arrived
2026-07-27 16:27:29,797 | INFO     | ticket.py | get_team_open_tickets | Line 75 | Admin get team open tickets page arrived
2026-07-27 16:27:29,803 | INFO     | ticket.py | get_assigned_tickets | Line 41 | Admin get assigned tickets page arrived
2026-07-27 16:27:30,297 | INFO     | ticket.py | get_team_open_tickets | Line 75 | Admin get team open tickets page arrived
2026-07-27 16:27:30,304 | INFO     | ticket.py | get_assigned_tickets | Line 41 | Admin get assigned tickets page arrived
2026-07-27 16:27:30,313 | INFO     | ticket.py | close_ticket | Line 239 | Support agent  close ticket page arrived
2026-07-27 16:27:30,407 | INFO     | ticket.py | get_team_open_tickets | Line 75 | Admin get team open tickets page arrived
2026-07-27 16:27:30,418 | INFO     | ticket.py | get_assigned_tickets | Line 41 | Admin get assigned tickets page arrived
2026-07-27 16:27:30,818 | INFO     | ticket.py | get_team_open_tickets | Line 75 | Admin get team open tickets page arrived
2026-07-27 16:27:30,828 | INFO     | ticket.py | get_assigned_tickets | Line 41 | Admin get assigned tickets page arrived
2026-07-27 16:27:30,840 | INFO     | ticket.py | close_ticket | Line 239 | Support agent  close ticket page arrived
2026-07-27 16:27:30,922 | INFO     | ticket.py | get_team_open_tickets | Line 75 | Admin get team open tickets page arrived
2026-07-27 16:27:30,929 | INFO     | ticket.py | get_assigned_tickets | Line 41 | Admin get assigned tickets page arrived
2026-07-27 16:28:00,575 | INFO     | ticket.py | get_team_open_tickets | Line 75 | Admin get team open tickets page arrived
2026-07-27 16:28:00,584 | INFO     | ticket.py | get_assigned_tickets | Line 41 | Admin get assigned tickets page arrived
2026-07-27 16:28:00,595 | INFO     | ticket.py | close_ticket | Line 239 | Support agent  close ticket page arrived
2026-07-27 16:28:00,675 | INFO     | ticket.py | get_team_open_tickets | Line 75 | Admin get team open tickets page arrived
2026-07-27 16:28:00,685 | INFO     | ticket.py | get_assigned_tickets | Line 41 | Admin get assigned tickets page arrived
2026-07-27 16:28:00,780 | INFO     | ticket.py | get_team_open_tickets | Line 75 | Admin get team open tickets page arrived
2026-07-27 16:28:00,790 | INFO     | ticket.py | get_assigned_tickets | Line 41 | Admin get assigned tickets page arrived
2026-07-27 16:28:00,801 | INFO     | ticket.py | close_ticket | Line 239 | Support agent  close ticket page arrived
2026-07-27 16:28:00,882 | INFO     | ticket.py | get_team_open_tickets | Line 75 | Admin get team open tickets page arrived
2026-07-27 16:28:00,890 | INFO     | ticket.py | get_assigned_tickets | Line 41 | Admin get assigned tickets page arrived
2026-07-27 16:28:00,973 | INFO     | ticket.py | get_team_open_tickets | Line 75 | Admin get team open tickets page arrived
2026-07-27 16:28:00,980 | INFO     | ticket.py | get_assigned_tickets | Line 41 | Admin get assigned tickets page arrived
2026-07-27 16:28:00,991 | INFO     | ticket.py | close_ticket | Line 239 | Support agent  close ticket page arrived
2026-07-27 16:28:01,073 | INFO     | ticket.py | get_team_open_tickets | Line 75 | Admin get team open tickets page arrived
2026-07-27 16:28:01,080 | INFO     | ticket.py | get_assigned_tickets | Line 41 | Admin get assigned tickets page arrived
2026-07-27 16:28:01,170 | INFO     | ticket.py | get_team_open_tickets | Line 75 | Admin get team open tickets page arrived
2026-07-27 16:28:01,179 | INFO     | ticket.py | get_assigned_tickets | Line 41 | Admin get assigned tickets page arrived
2026-07-27 16:28:01,190 | INFO     | ticket.py | close_ticket | Line 239 | Support agent  close ticket page arrived
2026-07-27 16:28:01,276 | INFO     | ticket.py | get_team_open_tickets | Line 75 | Admin get team open tickets page arrived
2026-07-27 16:28:01,284 | INFO     | ticket.py | get_assigned_tickets | Line 41 | Admin get assigned tickets page arrived
2026-07-27 16:28:01,362 | INFO     | ticket.py | get_team_open_tickets | Line 75 | Admin get team open tickets page arrived
2026-07-27 16:28:01,369 | INFO     | ticket.py | get_assigned_tickets | Line 41 | Admin get assigned tickets page arrived
2026-07-27 16:28:01,379 | INFO     | ticket.py | close_ticket | Line 239 | Support agent  close ticket page arrived
2026-07-27 16:28:01,461 | INFO     | ticket.py | get_team_open_tickets | Line 75 | Admin get team open tickets page arrived
2026-07-27 16:28:01,468 | INFO     | ticket.py | get_assigned_tickets | Line 41 | Admin get assigned tickets page arrived
2026-07-27 16:28:01,693 | INFO     | ticket.py | get_team_open_tickets | Line 75 | Admin get team open tickets page arrived
2026-07-27 16:28:01,703 | INFO     | ticket.py | get_assigned_tickets | Line 41 | Admin get assigned tickets page arrived
2026-07-27 16:28:01,716 | INFO     | ticket.py | close_ticket | Line 239 | Support agent  close ticket page arrived
2026-07-27 16:28:01,804 | INFO     | ticket.py | get_team_open_tickets | Line 75 | Admin get team open tickets page arrived
2026-07-27 16:28:01,812 | INFO     | ticket.py | get_assigned_tickets | Line 41 | Admin get assigned tickets page arrived
2026-07-27 16:28:02,161 | INFO     | ticket.py | get_team_open_tickets | Line 75 | Admin get team open tickets page arrived
2026-07-27 16:28:02,170 | INFO     | ticket.py | get_assigned_tickets | Line 41 | Admin get assigned tickets page arrived
2026-07-27 16:28:02,182 | INFO     | ticket.py | close_ticket | Line 239 | Support agent  close ticket page arrived
2026-07-27 16:28:02,264 | INFO     | ticket.py | get_team_open_tickets | Line 75 | Admin get team open tickets page arrived
2026-07-27 16:28:02,272 | INFO     | ticket.py | get_assigned_tickets | Line 41 | Admin get assigned tickets page arrived
2026-07-27 16:28:58,795 | INFO     | ticket.py | get_team_open_tickets | Line 75 | Admin get team open tickets page arrived
2026-07-27 16:28:58,852 | INFO     | ticket.py | get_assigned_tickets | Line 41 | Admin get assigned tickets page arrived
2026-07-27 16:29:00,640 | INFO     | ticket.py | get_team_open_tickets | Line 75 | Admin get team open tickets page arrived
2026-07-27 16:29:00,648 | INFO     | ticket.py | get_assigned_tickets | Line 41 | Admin get assigned tickets page arrived
2026-07-27 16:29:00,659 | INFO     | ticket.py | close_ticket | Line 239 | Support agent  close ticket page arrived
2026-07-27 16:29:00,752 | INFO     | ticket.py | get_team_open_tickets | Line 75 | Admin get team open tickets page arrived
2026-07-27 16:29:00,760 | INFO     | ticket.py | get_assigned_tickets | Line 41 | Admin get assigned tickets page arrived
2026-07-27 16:30:13,942 | INFO     | ticket.py | get_team_open_tickets | Line 75 | Admin get team open tickets page arrived
2026-07-27 16:30:13,952 | INFO     | ticket.py | get_assigned_tickets | Line 41 | Admin get assigned tickets page arrived
2026-07-27 16:30:42,312 | INFO     | ticket.py | get_team_open_tickets | Line 75 | Admin get team open tickets page arrived
2026-07-27 16:30:42,319 | INFO     | ticket.py | get_assigned_tickets | Line 41 | Admin get assigned tickets page arrived
2026-07-27 16:30:43,498 | INFO     | ticket.py | get_team_open_tickets | Line 75 | Admin get team open tickets page arrived
2026-07-27 16:30:43,507 | INFO     | ticket.py | get_assigned_tickets | Line 41 | Admin get assigned tickets page arrived
2026-07-27 16:37:47,983 | INFO     | auth.py | register | Line 165 | Register post page arrived
2026-07-27 16:38:26,097 | INFO     | auth.py | login | Line 48 | Login post page arrived
2026-07-27 16:38:26,261 | INFO     | customer.py | get_all_teams | Line 107 | customer get all teams page arrived
2026-07-27 16:38:26,283 | INFO     | ticket.py | get_customer_tickets | Line 109 | Admin get customer tickets page arrived
2026-07-27 16:39:16,076 | INFO     | customer.py | get_all_teams | Line 107 | customer get all teams page arrived
2026-07-27 16:39:16,097 | INFO     | ticket.py | get_customer_tickets | Line 109 | Admin get customer tickets page arrived
2026-07-27 16:39:23,193 | INFO     | customer.py | get_all_teams | Line 107 | customer get all teams page arrived
2026-07-27 16:39:23,209 | INFO     | ticket.py | get_customer_tickets | Line 109 | Admin get customer tickets page arrived
2026-07-27 16:39:23,890 | INFO     | customer.py | get_all_teams | Line 107 | customer get all teams page arrived
2026-07-27 16:39:23,907 | INFO     | ticket.py | get_customer_tickets | Line 109 | Admin get customer tickets page arrived
2026-07-27 16:39:24,044 | INFO     | customer.py | get_all_teams | Line 107 | customer get all teams page arrived
2026-07-27 16:39:24,060 | INFO     | ticket.py | get_customer_tickets | Line 109 | Admin get customer tickets page arrived
2026-07-27 16:39:24,178 | INFO     | customer.py | get_all_teams | Line 107 | customer get all teams page arrived
2026-07-27 16:39:24,199 | INFO     | ticket.py | get_customer_tickets | Line 109 | Admin get customer tickets page arrived
2026-07-27 16:39:24,344 | INFO     | customer.py | get_all_teams | Line 107 | customer get all teams page arrived
2026-07-27 16:39:24,360 | INFO     | ticket.py | get_customer_tickets | Line 109 | Admin get customer tickets page arrived
2026-07-27 16:39:24,567 | INFO     | customer.py | get_all_teams | Line 107 | customer get all teams page arrived
2026-07-27 16:39:24,587 | INFO     | ticket.py | get_customer_tickets | Line 109 | Admin get customer tickets page arrived
2026-07-27 16:39:37,922 | INFO     | customer.py | get_all_teams | Line 107 | customer get all teams page arrived
2026-07-27 16:39:37,940 | INFO     | ticket.py | get_customer_tickets | Line 109 | Admin get customer tickets page arrived
2026-07-27 16:39:38,553 | INFO     | customer.py | get_all_teams | Line 107 | customer get all teams page arrived
2026-07-27 16:39:38,568 | INFO     | ticket.py | get_customer_tickets | Line 109 | Admin get customer tickets page arrived
2026-07-27 16:39:38,741 | INFO     | customer.py | get_all_teams | Line 107 | customer get all teams page arrived
2026-07-27 16:39:38,757 | INFO     | ticket.py | get_customer_tickets | Line 109 | Admin get customer tickets page arrived
2026-07-27 16:39:38,921 | INFO     | customer.py | get_all_teams | Line 107 | customer get all teams page arrived
2026-07-27 16:39:38,936 | INFO     | ticket.py | get_customer_tickets | Line 109 | Admin get customer tickets page arrived
2026-07-27 16:39:39,091 | INFO     | customer.py | get_all_teams | Line 107 | customer get all teams page arrived
2026-07-27 16:39:39,111 | INFO     | ticket.py | get_customer_tickets | Line 109 | Admin get customer tickets page arrived
2026-07-27 16:39:39,275 | INFO     | customer.py | get_all_teams | Line 107 | customer get all teams page arrived
2026-07-27 16:39:39,298 | INFO     | ticket.py | get_customer_tickets | Line 109 | Admin get customer tickets page arrived
2026-07-27 16:39:39,465 | INFO     | customer.py | get_all_teams | Line 107 | customer get all teams page arrived
2026-07-27 16:39:39,479 | INFO     | ticket.py | get_customer_tickets | Line 109 | Admin get customer tickets page arrived
2026-07-27 16:39:39,650 | INFO     | customer.py | get_all_teams | Line 107 | customer get all teams page arrived
2026-07-27 16:39:39,663 | INFO     | ticket.py | get_customer_tickets | Line 109 | Admin get customer tickets page arrived
2026-07-27 16:39:39,844 | INFO     | customer.py | get_all_teams | Line 107 | customer get all teams page arrived
2026-07-27 16:39:39,858 | INFO     | ticket.py | get_customer_tickets | Line 109 | Admin get customer tickets page arrived
2026-07-27 16:39:40,046 | INFO     | customer.py | get_all_teams | Line 107 | customer get all teams page arrived
2026-07-27 16:39:40,062 | INFO     | ticket.py | get_customer_tickets | Line 109 | Admin get customer tickets page arrived
2026-07-27 16:39:40,267 | INFO     | customer.py | get_all_teams | Line 107 | customer get all teams page arrived
2026-07-27 16:39:40,287 | INFO     | ticket.py | get_customer_tickets | Line 109 | Admin get customer tickets page arrived
2026-07-27 16:39:43,679 | INFO     | customer.py | get_all_teams | Line 107 | customer get all teams page arrived
2026-07-27 16:39:43,697 | INFO     | ticket.py | get_customer_tickets | Line 109 | Admin get customer tickets page arrived
2026-07-27 16:39:44,344 | INFO     | customer.py | get_all_teams | Line 107 | customer get all teams page arrived
2026-07-27 16:39:44,358 | INFO     | ticket.py | get_customer_tickets | Line 109 | Admin get customer tickets page arrived
2026-07-27 16:39:44,913 | INFO     | customer.py | get_all_teams | Line 107 | customer get all teams page arrived
2026-07-27 16:39:44,928 | INFO     | ticket.py | get_customer_tickets | Line 109 | Admin get customer tickets page arrived
2026-07-27 16:40:50,927 | INFO     | customer.py | get_all_teams | Line 107 | customer get all teams page arrived
2026-07-27 16:40:50,941 | INFO     | ticket.py | get_customer_tickets | Line 109 | Admin get customer tickets page arrived
2026-07-27 16:40:51,563 | INFO     | customer.py | get_all_teams | Line 107 | customer get all teams page arrived
2026-07-27 16:40:51,578 | INFO     | ticket.py | get_customer_tickets | Line 109 | Admin get customer tickets page arrived
2026-07-27 16:40:51,716 | INFO     | customer.py | get_all_teams | Line 107 | customer get all teams page arrived
2026-07-27 16:40:51,729 | INFO     | ticket.py | get_customer_tickets | Line 109 | Admin get customer tickets page arrived
2026-07-27 16:40:51,979 | INFO     | customer.py | get_all_teams | Line 107 | customer get all teams page arrived
2026-07-27 16:40:51,998 | INFO     | ticket.py | get_customer_tickets | Line 109 | Admin get customer tickets page arrived
2026-07-27 16:40:52,146 | INFO     | customer.py | get_all_teams | Line 107 | customer get all teams page arrived
2026-07-27 16:40:52,176 | INFO     | ticket.py | get_customer_tickets | Line 109 | Admin get customer tickets page arrived
2026-07-27 16:40:52,305 | INFO     | customer.py | get_all_teams | Line 107 | customer get all teams page arrived
2026-07-27 16:40:52,321 | INFO     | ticket.py | get_customer_tickets | Line 109 | Admin get customer tickets page arrived
2026-07-27 16:40:52,445 | INFO     | customer.py | get_all_teams | Line 107 | customer get all teams page arrived
2026-07-27 16:40:52,467 | INFO     | ticket.py | get_customer_tickets | Line 109 | Admin get customer tickets page arrived
2026-07-27 16:40:52,625 | INFO     | customer.py | get_all_teams | Line 107 | customer get all teams page arrived
2026-07-27 16:40:52,643 | INFO     | ticket.py | get_customer_tickets | Line 109 | Admin get customer tickets page arrived
2026-07-27 16:40:52,779 | INFO     | customer.py | get_all_teams | Line 107 | customer get all teams page arrived
2026-07-27 16:40:52,801 | INFO     | ticket.py | get_customer_tickets | Line 109 | Admin get customer tickets page arrived
2026-07-27 16:40:52,947 | INFO     | customer.py | get_all_teams | Line 107 | customer get all teams page arrived
2026-07-27 16:40:52,965 | INFO     | ticket.py | get_customer_tickets | Line 109 | Admin get customer tickets page arrived
2026-07-27 16:40:53,133 | INFO     | customer.py | get_all_teams | Line 107 | customer get all teams page arrived
2026-07-27 16:40:53,153 | INFO     | ticket.py | get_customer_tickets | Line 109 | Admin get customer tickets page arrived
2026-07-27 16:40:53,353 | INFO     | customer.py | get_all_teams | Line 107 | customer get all teams page arrived
2026-07-27 16:40:53,374 | INFO     | ticket.py | get_customer_tickets | Line 109 | Admin get customer tickets page arrived
2026-07-27 16:41:14,801 | INFO     | customer.py | get_all_teams | Line 107 | customer get all teams page arrived
2026-07-27 16:41:14,814 | INFO     | ticket.py | get_customer_tickets | Line 109 | Admin get customer tickets page arrived
2026-07-27 16:45:36,559 | INFO     | customer.py | get_all_teams | Line 107 | customer get all teams page arrived
2026-07-27 16:45:36,573 | INFO     | ticket.py | get_customer_tickets | Line 109 | Admin get customer tickets page arrived
2026-07-27 16:45:43,720 | INFO     | auth.py | login | Line 48 | Login post page arrived
2026-07-27 16:45:43,819 | INFO     | customer.py | get_all_teams | Line 107 | customer get all teams page arrived
2026-07-27 16:45:43,832 | INFO     | ticket.py | get_customer_tickets | Line 109 | Admin get customer tickets page arrived
2026-07-27 16:46:25,813 | INFO     | customer.py | get_all_teams | Line 107 | customer get all teams page arrived
2026-07-27 16:46:26,337 | INFO     | ticket.py | get_customer_tickets | Line 109 | Admin get customer tickets page arrived
2026-07-27 16:47:13,972 | INFO     | customer.py | get_all_teams | Line 107 | customer get all teams page arrived
2026-07-27 16:47:14,001 | INFO     | ticket.py | get_customer_tickets | Line 109 | Admin get customer tickets page arrived
2026-07-27 16:47:14,098 | INFO     | customer.py | get_all_teams | Line 107 | customer get all teams page arrived
2026-07-27 16:47:14,117 | INFO     | ticket.py | get_customer_tickets | Line 109 | Admin get customer tickets page arrived
2026-07-27 16:47:14,276 | INFO     | customer.py | get_all_teams | Line 107 | customer get all teams page arrived
2026-07-27 16:47:14,311 | INFO     | ticket.py | get_customer_tickets | Line 109 | Admin get customer tickets page arrived
2026-07-27 16:47:14,452 | INFO     | customer.py | get_all_teams | Line 107 | customer get all teams page arrived
2026-07-27 16:47:14,482 | INFO     | ticket.py | get_customer_tickets | Line 109 | Admin get customer tickets page arrived
2026-07-27 16:47:14,623 | INFO     | customer.py | get_all_teams | Line 107 | customer get all teams page arrived
2026-07-27 16:47:14,648 | INFO     | ticket.py | get_customer_tickets | Line 109 | Admin get customer tickets page arrived
2026-07-27 16:47:14,795 | INFO     | customer.py | get_all_teams | Line 107 | customer get all teams page arrived
2026-07-27 16:47:14,815 | INFO     | ticket.py | get_customer_tickets | Line 109 | Admin get customer tickets page arrived
2026-07-27 16:47:14,966 | INFO     | customer.py | get_all_teams | Line 107 | customer get all teams page arrived
2026-07-27 16:47:14,990 | INFO     | ticket.py | get_customer_tickets | Line 109 | Admin get customer tickets page arrived
2026-07-27 16:47:15,154 | INFO     | customer.py | get_all_teams | Line 107 | customer get all teams page arrived
2026-07-27 16:47:15,175 | INFO     | ticket.py | get_customer_tickets | Line 109 | Admin get customer tickets page arrived
2026-07-27 16:47:15,342 | INFO     | customer.py | get_all_teams | Line 107 | customer get all teams page arrived
2026-07-27 16:47:15,366 | INFO     | ticket.py | get_customer_tickets | Line 109 | Admin get customer tickets page arrived
2026-07-27 16:47:15,573 | INFO     | customer.py | get_all_teams | Line 107 | customer get all teams page arrived
2026-07-27 16:47:15,598 | INFO     | ticket.py | get_customer_tickets | Line 109 | Admin get customer tickets page arrived
2026-07-27 16:47:40,723 | INFO     | main.py | home | Line 29 | Home page arrived
2026-07-27 16:47:51,543 | INFO     | auth.py | login | Line 48 | Login post page arrived
2026-07-27 16:47:51,853 | INFO     | customer.py | get_all_teams | Line 107 | customer get all teams page arrived
2026-07-27 16:47:51,868 | INFO     | ticket.py | get_customer_tickets | Line 109 | Admin get customer tickets page arrived
2026-07-27 16:48:15,971 | INFO     | customer.py | get_all_teams | Line 107 | customer get all teams page arrived
2026-07-27 16:48:16,078 | INFO     | ticket.py | get_customer_tickets | Line 109 | Admin get customer tickets page arrived
2026-07-27 16:49:36,750 | INFO     | customer.py | get_all_teams | Line 107 | customer get all teams page arrived
2026-07-27 16:49:36,770 | INFO     | ticket.py | get_customer_tickets | Line 109 | Admin get customer tickets page arrived
2026-07-27 16:51:38,598 | INFO     | auth.py | login | Line 48 | Login post page arrived
2026-07-27 16:51:40,027 | INFO     | customer.py | get_all_teams | Line 107 | customer get all teams page arrived
2026-07-27 16:51:40,044 | INFO     | ticket.py | get_customer_tickets | Line 109 | Admin get customer tickets page arrived
2026-07-27 16:52:07,634 | INFO     | customer.py | get_all_teams | Line 107 | customer get all teams page arrived
2026-07-27 16:52:07,676 | INFO     | ticket.py | get_customer_tickets | Line 109 | Admin get customer tickets page arrived
2026-07-27 16:53:15,558 | INFO     | customer.py | get_all_teams | Line 107 | customer get all teams page arrived
2026-07-27 16:53:15,606 | INFO     | ticket.py | get_customer_tickets | Line 109 | Admin get customer tickets page arrived
2026-07-27 16:53:17,165 | INFO     | customer.py | get_all_teams | Line 107 | customer get all teams page arrived
2026-07-27 16:53:17,181 | INFO     | ticket.py | get_customer_tickets | Line 109 | Admin get customer tickets page arrived
2026-07-27 16:53:18,922 | INFO     | customer.py | get_all_teams | Line 107 | customer get all teams page arrived
2026-07-27 16:53:18,933 | INFO     | ticket.py | get_customer_tickets | Line 109 | Admin get customer tickets page arrived
2026-07-27 16:53:27,394 | INFO     | auth.py | login | Line 48 | Login post page arrived
2026-07-27 16:53:27,532 | INFO     | customer.py | get_all_teams | Line 107 | customer get all teams page arrived
2026-07-27 16:53:27,552 | INFO     | ticket.py | get_customer_tickets | Line 109 | Admin get customer tickets page arrived
2026-07-27 16:53:48,728 | INFO     | customer.py | get_all_teams | Line 107 | customer get all teams page arrived
2026-07-27 16:53:49,144 | INFO     | ticket.py | get_customer_tickets | Line 109 | Admin get customer tickets page arrived
2026-07-27 16:59:09,111 | INFO     | auth.py | login | Line 48 | Login post page arrived
2026-07-27 16:59:10,237 | INFO     | customer.py | get_all_teams | Line 107 | customer get all teams page arrived
2026-07-27 16:59:10,253 | INFO     | ticket.py | get_customer_tickets | Line 109 | Admin get customer tickets page arrived
2026-07-27 16:59:37,715 | INFO     | customer.py | get_all_teams | Line 107 | customer get all teams page arrived
2026-07-27 16:59:37,866 | INFO     | customer.py | get_all_teams | Line 107 | customer get all teams page arrived
2026-07-27 16:59:37,878 | INFO     | ticket.py | get_customer_tickets | Line 109 | Admin get customer tickets page arrived
2026-07-27 17:21:27,725 | INFO     | main.py | home | Line 29 | Home page arrived
2026-07-27 17:21:42,122 | INFO     | auth.py | login | Line 48 | Login post page arrived
2026-07-27 17:21:42,353 | INFO     | customer.py | get_all_teams | Line 107 | customer get all teams page arrived
2026-07-27 17:21:42,375 | INFO     | ticket.py | get_customer_tickets | Line 109 | Admin get customer tickets page arrived
2026-07-27 17:23:11,850 | INFO     | customer.py | get_all_teams | Line 107 | customer get all teams page arrived
2026-07-27 17:23:11,860 | INFO     | ticket.py | get_customer_tickets | Line 109 | Admin get customer tickets page arrived
2026-07-27 17:23:21,914 | INFO     | auth.py | login | Line 48 | Login post page arrived
2026-07-27 17:23:22,027 | INFO     | ticket.py | get_team_open_tickets | Line 75 | Admin get team open tickets page arrived
2026-07-27 17:23:22,044 | INFO     | ticket.py | get_assigned_tickets | Line 41 | Admin get assigned tickets page arrived
2026-07-27 17:36:52,798 | INFO     | auth.py | login | Line 48 | Login post page arrived
2026-07-27 17:36:52,979 | INFO     | customer.py | get_all_teams | Line 107 | customer get all teams page arrived
2026-07-27 17:36:53,001 | INFO     | ticket.py | get_customer_tickets | Line 109 | Admin get customer tickets page arrived
2026-07-27 17:37:05,276 | INFO     | customer.py | get_all_teams | Line 107 | customer get all teams page arrived
2026-07-27 17:37:05,286 | INFO     | ticket.py | get_customer_tickets | Line 109 | Admin get customer tickets page arrived
2026-07-27 17:37:13,613 | INFO     | auth.py | login | Line 48 | Login post page arrived
2026-07-27 17:37:13,747 | INFO     | admin.py | get_all_employees | Line 36 | Admin get all employees page arrived
2026-07-27 17:37:13,764 | INFO     | admin.py | get_all_teams | Line 60 | Admin get all teams page arrived
2026-07-27 17:37:13,771 | INFO     | ticket.py | get_open_ticket_count | Line 300 | Get open ticket count
2026-07-27 17:37:13,851 | INFO     | customer.py | get_customer_count | Line 95 | get customer count
2026-07-27 17:39:58,656 | INFO     | admin.py | get_all_employees | Line 36 | Admin get all employees page arrived
2026-07-27 17:39:58,668 | INFO     | admin.py | get_all_teams | Line 60 | Admin get all teams page arrived
2026-07-27 17:39:58,674 | INFO     | ticket.py | get_open_ticket_count | Line 300 | Get open ticket count
2026-07-27 17:39:58,695 | INFO     | customer.py | get_customer_count | Line 95 | get customer count
2026-07-27 17:40:53,088 | INFO     | admin.py | get_all_employees | Line 36 | Admin get all employees page arrived
2026-07-27 17:40:53,097 | INFO     | admin.py | get_all_teams | Line 60 | Admin get all teams page arrived
2026-07-27 17:40:53,102 | INFO     | ticket.py | get_open_ticket_count | Line 300 | Get open ticket count
2026-07-27 17:40:53,123 | INFO     | customer.py | get_customer_count | Line 95 | get customer count
2026-07-27 17:41:08,736 | INFO     | admin.py | get_all_employees | Line 36 | Admin get all employees page arrived
2026-07-27 17:41:08,745 | INFO     | admin.py | get_all_teams | Line 60 | Admin get all teams page arrived
2026-07-27 17:41:08,751 | INFO     | ticket.py | get_open_ticket_count | Line 300 | Get open ticket count
2026-07-27 17:41:08,774 | INFO     | customer.py | get_customer_count | Line 95 | get customer count
2026-07-27 17:41:14,849 | INFO     | admin.py | get_all_employees | Line 36 | Admin get all employees page arrived
2026-07-27 17:41:14,857 | INFO     | admin.py | get_all_teams | Line 60 | Admin get all teams page arrived
2026-07-27 17:41:14,862 | INFO     | ticket.py | get_open_ticket_count | Line 300 | Get open ticket count
2026-07-27 17:41:14,881 | INFO     | customer.py | get_customer_count | Line 95 | get customer count
2026-07-27 17:41:49,479 | INFO     | admin.py | get_all_employees | Line 36 | Admin get all employees page arrived
2026-07-27 17:41:49,488 | INFO     | admin.py | get_all_teams | Line 60 | Admin get all teams page arrived
2026-07-27 17:41:49,495 | INFO     | ticket.py | get_open_ticket_count | Line 300 | Get open ticket count
2026-07-27 17:41:49,511 | INFO     | customer.py | get_customer_count | Line 95 | get customer count
2026-07-27 17:42:17,363 | INFO     | auth.py | login | Line 48 | Login post page arrived
2026-07-27 17:42:17,547 | INFO     | ticket.py | get_team_open_tickets | Line 75 | Admin get team open tickets page arrived
2026-07-27 17:42:17,559 | INFO     | ticket.py | get_assigned_tickets | Line 41 | Admin get assigned tickets page arrived
2026-07-27 17:49:05,970 | INFO     | ticket.py | get_team_open_tickets | Line 75 | Admin get team open tickets page arrived
2026-07-27 17:49:05,982 | INFO     | ticket.py | get_assigned_tickets | Line 41 | Admin get assigned tickets page arrived
2026-07-27 17:49:05,996 | INFO     | customer.py | get_all_teams | Line 107 | customer get all teams page arrived
2026-07-27 17:51:16,723 | INFO     | ticket.py | get_team_open_tickets | Line 75 | Admin get team open tickets page arrived
2026-07-27 17:51:16,735 | INFO     | ticket.py | get_assigned_tickets | Line 41 | Admin get assigned tickets page arrived
2026-07-27 17:51:16,745 | INFO     | customer.py | get_all_teams | Line 107 | customer get all teams page arrived
2026-07-27 17:51:38,677 | INFO     | ticket.py | get_team_open_tickets | Line 75 | Admin get team open tickets page arrived
2026-07-27 17:51:38,692 | INFO     | ticket.py | get_assigned_tickets | Line 41 | Admin get assigned tickets page arrived
2026-07-27 17:51:38,707 | INFO     | customer.py | get_all_teams | Line 107 | customer get all teams page arrived
2026-07-27 17:51:46,966 | INFO     | ticket.py | get_team_open_tickets | Line 75 | Admin get team open tickets page arrived
2026-07-27 17:51:46,977 | INFO     | ticket.py | get_assigned_tickets | Line 41 | Admin get assigned tickets page arrived
2026-07-27 17:51:46,994 | INFO     | customer.py | get_all_teams | Line 107 | customer get all teams page arrived
2026-07-27 17:51:56,731 | INFO     | ticket.py | get_team_open_tickets | Line 75 | Admin get team open tickets page arrived
2026-07-27 17:51:56,741 | INFO     | ticket.py | get_assigned_tickets | Line 41 | Admin get assigned tickets page arrived
2026-07-27 17:51:56,751 | INFO     | customer.py | get_all_teams | Line 107 | customer get all teams page arrived
2026-07-27 17:51:59,438 | INFO     | ticket.py | get_team_open_tickets | Line 75 | Admin get team open tickets page arrived
2026-07-27 17:51:59,447 | INFO     | ticket.py | get_assigned_tickets | Line 41 | Admin get assigned tickets page arrived
2026-07-27 17:51:59,459 | INFO     | customer.py | get_all_teams | Line 107 | customer get all teams page arrived
2026-07-27 17:52:01,293 | INFO     | ticket.py | get_team_open_tickets | Line 75 | Admin get team open tickets page arrived
2026-07-27 17:52:01,302 | INFO     | ticket.py | get_assigned_tickets | Line 41 | Admin get assigned tickets page arrived
2026-07-27 17:52:01,314 | INFO     | customer.py | get_all_teams | Line 107 | customer get all teams page arrived
2026-07-27 17:52:02,421 | INFO     | ticket.py | get_team_open_tickets | Line 75 | Admin get team open tickets page arrived
2026-07-27 17:52:02,430 | INFO     | ticket.py | get_assigned_tickets | Line 41 | Admin get assigned tickets page arrived
2026-07-27 17:52:02,445 | INFO     | customer.py | get_all_teams | Line 107 | customer get all teams page arrived
2026-07-27 17:52:02,609 | ERROR    | ticket.py | create_ticket | Line 168 | Failed to create ticket for customer_id=13: (pymysql.err.IntegrityError) (1452, 'Cannot add or update a child row: a foreign key constraint fails (`smart_support`.`tickets`, CONSTRAINT `fk_ticket_customer` FOREIGN KEY (`customer_id`) REFERENCES `users` (`id`) ON DELETE CASCADE)')
[SQL: INSERT INTO tickets (ticket_number, title, description, customer_id, team_id, assigned_to, priority, status) VALUES (%(ticket_number)s, %(title)s, %(description)s, %(customer_id)s, %(team_id)s, %(assigned_to)s, %(priority)s, %(status)s)]
[parameters: {'ticket_number': 'TKT-1009', 'title': 'internt not working', 'description': 'wifi internt not working', 'customer_id': 13, 'team_id': 2, 'assigned_to': None, 'priority': 'High', 'status': 'open'}]
(Background on this error at: https://sqlalche.me/e/20/gkpj)
Traceback (most recent call last):
  File "C:\Users\harsh\Desktop\AI ML DS\Fast_Api_course\SMART_SUPPORT_DESK\env\Lib\site-packages\sqlalchemy\engine\base.py", line 1969, in _exec_single_context
    self.dialect.do_execute(
    ~~~~~~~~~~~~~~~~~~~~~~~^
        cursor, str_statement, effective_parameters, context
        ^^^^^^^^^^^^^^^^^^^^^^^^^^^^^^^^^^^^^^^^^^^^^^^^^^^^
    )
    ^
  File "C:\Users\harsh\Desktop\AI ML DS\Fast_Api_course\SMART_SUPPORT_DESK\env\Lib\site-packages\sqlalchemy\engine\default.py", line 952, in do_execute
    cursor.execute(statement, parameters)
    ~~~~~~~~~~~~~~^^^^^^^^^^^^^^^^^^^^^^^
  File "C:\Users\harsh\Desktop\AI ML DS\Fast_Api_course\SMART_SUPPORT_DESK\env\Lib\site-packages\pymysql\cursors.py", line 159, in execute
    result = self._query(query)
  File "C:\Users\harsh\Desktop\AI ML DS\Fast_Api_course\SMART_SUPPORT_DESK\env\Lib\site-packages\pymysql\cursors.py", line 330, in _query
    conn.query(q)
    ~~~~~~~~~~^^^
  File "C:\Users\harsh\Desktop\AI ML DS\Fast_Api_course\SMART_SUPPORT_DESK\env\Lib\site-packages\pymysql\connections.py", line 582, in query
    self._affected_rows = self._read_query_result(unbuffered=unbuffered)
                          ~~~~~~~~~~~~~~~~~~~~~~~^^^^^^^^^^^^^^^^^^^^^^^
  File "C:\Users\harsh\Desktop\AI ML DS\Fast_Api_course\SMART_SUPPORT_DESK\env\Lib\site-packages\pymysql\connections.py", line 847, in _read_query_result
    result.read()
    ~~~~~~~~~~~^^
  File "C:\Users\harsh\Desktop\AI ML DS\Fast_Api_course\SMART_SUPPORT_DESK\env\Lib\site-packages\pymysql\connections.py", line 1245, in read
    first_packet = self.connection._read_packet()
  File "C:\Users\harsh\Desktop\AI ML DS\Fast_Api_course\SMART_SUPPORT_DESK\env\Lib\site-packages\pymysql\connections.py", line 803, in _read_packet
    packet.raise_for_error()
    ~~~~~~~~~~~~~~~~~~~~~~^^
  File "C:\Users\harsh\Desktop\AI ML DS\Fast_Api_course\SMART_SUPPORT_DESK\env\Lib\site-packages\pymysql\protocol.py", line 219, in raise_for_error
    err.raise_mysql_exception(self._data)
    ~~~~~~~~~~~~~~~~~~~~~~~~~^^^^^^^^^^^^
  File "C:\Users\harsh\Desktop\AI ML DS\Fast_Api_course\SMART_SUPPORT_DESK\env\Lib\site-packages\pymysql\err.py", line 154, in raise_mysql_exception
    raise errorclass(errno, errval, sqlstate=sqlstate)
pymysql.err.IntegrityError: (1452, 'Cannot add or update a child row: a foreign key constraint fails (`smart_support`.`tickets`, CONSTRAINT `fk_ticket_customer` FOREIGN KEY (`customer_id`) REFERENCES `users` (`id`) ON DELETE CASCADE)')

The above exception was the direct cause of the following exception:

Traceback (most recent call last):
  File "C:\Users\harsh\Desktop\AI ML DS\Fast_Api_course\SMART_SUPPORT_DESK\Backend\routers\ticket.py", line 155, in create_ticket
    db.commit()
    ~~~~~~~~~^^
  File "C:\Users\harsh\Desktop\AI ML DS\Fast_Api_course\SMART_SUPPORT_DESK\env\Lib\site-packages\sqlalchemy\orm\session.py", line 2035, in commit
    trans.commit(_to_root=True)
    ~~~~~~~~~~~~^^^^^^^^^^^^^^^
  File "<string>", line 2, in commit
  File "C:\Users\harsh\Desktop\AI ML DS\Fast_Api_course\SMART_SUPPORT_DESK\env\Lib\site-packages\sqlalchemy\orm\state_changes.py", line 137, in _go
    ret_value = fn(self, *arg, **kw)
  File "C:\Users\harsh\Desktop\AI ML DS\Fast_Api_course\SMART_SUPPORT_DESK\env\Lib\site-packages\sqlalchemy\orm\session.py", line 1316, in commit
    self._prepare_impl()
    ~~~~~~~~~~~~~~~~~~^^
  File "<string>", line 2, in _prepare_impl
  File "C:\Users\harsh\Desktop\AI ML DS\Fast_Api_course\SMART_SUPPORT_DESK\env\Lib\site-packages\sqlalchemy\orm\state_changes.py", line 137, in _go
    ret_value = fn(self, *arg, **kw)
  File "C:\Users\harsh\Desktop\AI ML DS\Fast_Api_course\SMART_SUPPORT_DESK\env\Lib\site-packages\sqlalchemy\orm\session.py", line 1290, in _prepare_impl
    self.session.flush()
    ~~~~~~~~~~~~~~~~~~^^
  File "C:\Users\harsh\Desktop\AI ML DS\Fast_Api_course\SMART_SUPPORT_DESK\env\Lib\site-packages\sqlalchemy\orm\session.py", line 4353, in flush
    self._flush(objects)
    ~~~~~~~~~~~^^^^^^^^^
  File "C:\Users\harsh\Desktop\AI ML DS\Fast_Api_course\SMART_SUPPORT_DESK\env\Lib\site-packages\sqlalchemy\orm\session.py", line 4488, in _flush
    with util.safe_reraise():
         ~~~~~~~~~~~~~~~~~^^
  File "C:\Users\harsh\Desktop\AI ML DS\Fast_Api_course\SMART_SUPPORT_DESK\env\Lib\site-packages\sqlalchemy\util\langhelpers.py", line 122, in __exit__
    raise exc_value.with_traceback(exc_tb)
  File "C:\Users\harsh\Desktop\AI ML DS\Fast_Api_course\SMART_SUPPORT_DESK\env\Lib\site-packages\sqlalchemy\orm\session.py", line 4449, in _flush
    flush_context.execute()
    ~~~~~~~~~~~~~~~~~~~~~^^
  File "C:\Users\harsh\Desktop\AI ML DS\Fast_Api_course\SMART_SUPPORT_DESK\env\Lib\site-packages\sqlalchemy\orm\unitofwork.py", line 465, in execute
    rec.execute(self)
    ~~~~~~~~~~~^^^^^^
  File "C:\Users\harsh\Desktop\AI ML DS\Fast_Api_course\SMART_SUPPORT_DESK\env\Lib\site-packages\sqlalchemy\orm\unitofwork.py", line 641, in execute
    util.preloaded.orm_persistence.save_obj(
    ~~~~~~~~~~~~~~~~~~~~~~~~~~~~~~~~~~~~~~~^
        self.mapper,
        ^^^^^^^^^^^^
        uow.states_for_mapper_hierarchy(self.mapper, False, False),
        ^^^^^^^^^^^^^^^^^^^^^^^^^^^^^^^^^^^^^^^^^^^^^^^^^^^^^^^^^^^
        uow,
        ^^^^
    )
    ^
  File "C:\Users\harsh\Desktop\AI ML DS\Fast_Api_course\SMART_SUPPORT_DESK\env\Lib\site-packages\sqlalchemy\orm\persistence.py", line 94, in save_obj
    _emit_insert_statements(
    ~~~~~~~~~~~~~~~~~~~~~~~^
        base_mapper,
        ^^^^^^^^^^^^
    ...<3 lines>...
        insert,
        ^^^^^^^
    )
    ^
  File "C:\Users\harsh\Desktop\AI ML DS\Fast_Api_course\SMART_SUPPORT_DESK\env\Lib\site-packages\sqlalchemy\orm\persistence.py", line 1234, in _emit_insert_statements
    result = connection.execute(
        statement,
        params,
        execution_options=execution_options,
    )
  File "C:\Users\harsh\Desktop\AI ML DS\Fast_Api_course\SMART_SUPPORT_DESK\env\Lib\site-packages\sqlalchemy\engine\base.py", line 1421, in execute
    return meth(
        self,
        distilled_parameters,
        execution_options or NO_OPTIONS,
    )
  File "C:\Users\harsh\Desktop\AI ML DS\Fast_Api_course\SMART_SUPPORT_DESK\env\Lib\site-packages\sqlalchemy\sql\elements.py", line 526, in _execute_on_connection
    return connection._execute_clauseelement(
           ~~~~~~~~~~~~~~~~~~~~~~~~~~~~~~~~~^
        self, distilled_params, execution_options
        ^^^^^^^^^^^^^^^^^^^^^^^^^^^^^^^^^^^^^^^^^
    )
    ^
  File "C:\Users\harsh\Desktop\AI ML DS\Fast_Api_course\SMART_SUPPORT_DESK\env\Lib\site-packages\sqlalchemy\engine\base.py", line 1643, in _execute_clauseelement
    ret = self._execute_context(
        dialect,
    ...<8 lines>...
        cache_hit=cache_hit,
    )
  File "C:\Users\harsh\Desktop\AI ML DS\Fast_Api_course\SMART_SUPPORT_DESK\env\Lib\site-packages\sqlalchemy\engine\base.py", line 1848, in _execute_context
    return self._exec_single_context(
           ~~~~~~~~~~~~~~~~~~~~~~~~~^
        dialect, context, statement, parameters
        ^^^^^^^^^^^^^^^^^^^^^^^^^^^^^^^^^^^^^^^
    )
    ^
  File "C:\Users\harsh\Desktop\AI ML DS\Fast_Api_course\SMART_SUPPORT_DESK\env\Lib\site-packages\sqlalchemy\engine\base.py", line 1988, in _exec_single_context
    self._handle_dbapi_exception(
    ~~~~~~~~~~~~~~~~~~~~~~~~~~~~^
        e, str_statement, effective_parameters, cursor, context
        ^^^^^^^^^^^^^^^^^^^^^^^^^^^^^^^^^^^^^^^^^^^^^^^^^^^^^^^
    )
    ^
  File "C:\Users\harsh\Desktop\AI ML DS\Fast_Api_course\SMART_SUPPORT_DESK\env\Lib\site-packages\sqlalchemy\engine\base.py", line 2365, in _handle_dbapi_exception
    raise sqlalchemy_exception.with_traceback(exc_info[2]) from e
  File "C:\Users\harsh\Desktop\AI ML DS\Fast_Api_course\SMART_SUPPORT_DESK\env\Lib\site-packages\sqlalchemy\engine\base.py", line 1969, in _exec_single_context
    self.dialect.do_execute(
    ~~~~~~~~~~~~~~~~~~~~~~~^
        cursor, str_statement, effective_parameters, context
        ^^^^^^^^^^^^^^^^^^^^^^^^^^^^^^^^^^^^^^^^^^^^^^^^^^^^
    )
    ^
  File "C:\Users\harsh\Desktop\AI ML DS\Fast_Api_course\SMART_SUPPORT_DESK\env\Lib\site-packages\sqlalchemy\engine\default.py", line 952, in do_execute
    cursor.execute(statement, parameters)
    ~~~~~~~~~~~~~~^^^^^^^^^^^^^^^^^^^^^^^
  File "C:\Users\harsh\Desktop\AI ML DS\Fast_Api_course\SMART_SUPPORT_DESK\env\Lib\site-packages\pymysql\cursors.py", line 159, in execute
    result = self._query(query)
  File "C:\Users\harsh\Desktop\AI ML DS\Fast_Api_course\SMART_SUPPORT_DESK\env\Lib\site-packages\pymysql\cursors.py", line 330, in _query
    conn.query(q)
    ~~~~~~~~~~^^^
  File "C:\Users\harsh\Desktop\AI ML DS\Fast_Api_course\SMART_SUPPORT_DESK\env\Lib\site-packages\pymysql\connections.py", line 582, in query
    self._affected_rows = self._read_query_result(unbuffered=unbuffered)
                          ~~~~~~~~~~~~~~~~~~~~~~~^^^^^^^^^^^^^^^^^^^^^^^
  File "C:\Users\harsh\Desktop\AI ML DS\Fast_Api_course\SMART_SUPPORT_DESK\env\Lib\site-packages\pymysql\connections.py", line 847, in _read_query_result
    result.read()
    ~~~~~~~~~~~^^
  File "C:\Users\harsh\Desktop\AI ML DS\Fast_Api_course\SMART_SUPPORT_DESK\env\Lib\site-packages\pymysql\connections.py", line 1245, in read
    first_packet = self.connection._read_packet()
  File "C:\Users\harsh\Desktop\AI ML DS\Fast_Api_course\SMART_SUPPORT_DESK\env\Lib\site-packages\pymysql\connections.py", line 803, in _read_packet
    packet.raise_for_error()
    ~~~~~~~~~~~~~~~~~~~~~~^^
  File "C:\Users\harsh\Desktop\AI ML DS\Fast_Api_course\SMART_SUPPORT_DESK\env\Lib\site-packages\pymysql\protocol.py", line 219, in raise_for_error
    err.raise_mysql_exception(self._data)
    ~~~~~~~~~~~~~~~~~~~~~~~~~^^^^^^^^^^^^
  File "C:\Users\harsh\Desktop\AI ML DS\Fast_Api_course\SMART_SUPPORT_DESK\env\Lib\site-packages\pymysql\err.py", line 154, in raise_mysql_exception
    raise errorclass(errno, errval, sqlstate=sqlstate)
sqlalchemy.exc.IntegrityError: (pymysql.err.IntegrityError) (1452, 'Cannot add or update a child row: a foreign key constraint fails (`smart_support`.`tickets`, CONSTRAINT `fk_ticket_customer` FOREIGN KEY (`customer_id`) REFERENCES `users` (`id`) ON DELETE CASCADE)')
[SQL: INSERT INTO tickets (ticket_number, title, description, customer_id, team_id, assigned_to, priority, status) VALUES (%(ticket_number)s, %(title)s, %(description)s, %(customer_id)s, %(team_id)s, %(assigned_to)s, %(priority)s, %(status)s)]
[parameters: {'ticket_number': 'TKT-1009', 'title': 'internt not working', 'description': 'wifi internt not working', 'customer_id': 13, 'team_id': 2, 'assigned_to': None, 'priority': 'High', 'status': 'open'}]
(Background on this error at: https://sqlalche.me/e/20/gkpj)
2026-07-27 17:55:41,062 | INFO     | ticket.py | get_team_open_tickets | Line 75 | Admin get team open tickets page arrived
2026-07-27 17:55:41,079 | INFO     | ticket.py | get_assigned_tickets | Line 41 | Admin get assigned tickets page arrived
2026-07-27 17:55:41,168 | INFO     | customer.py | get_all_teams | Line 107 | customer get all teams page arrived
2026-07-27 18:00:52,523 | INFO     | ticket.py | get_team_open_tickets | Line 75 | Admin get team open tickets page arrived
2026-07-27 18:00:52,551 | INFO     | ticket.py | get_assigned_tickets | Line 41 | Admin get assigned tickets page arrived
2026-07-27 18:01:43,140 | INFO     | ticket.py | get_team_open_tickets | Line 75 | Admin get team open tickets page arrived
2026-07-27 18:01:43,155 | INFO     | ticket.py | get_assigned_tickets | Line 41 | Admin get assigned tickets page arrived
2026-07-27 18:01:47,656 | INFO     | ticket.py | get_team_open_tickets | Line 75 | Admin get team open tickets page arrived
2026-07-27 18:01:47,665 | INFO     | ticket.py | get_assigned_tickets | Line 41 | Admin get assigned tickets page arrived
2026-07-27 18:03:05,686 | INFO     | auth.py | login | Line 48 | Login post page arrived
2026-07-27 18:03:05,869 | INFO     | ticket.py | get_team_open_tickets | Line 75 | Admin get team open tickets page arrived
2026-07-27 18:03:05,885 | INFO     | ticket.py | get_assigned_tickets | Line 41 | Admin get assigned tickets page arrived
2026-07-27 18:04:25,402 | INFO     | ticket.py | get_team_open_tickets | Line 75 | Admin get team open tickets page arrived
2026-07-27 18:04:25,418 | INFO     | ticket.py | get_assigned_tickets | Line 41 | Admin get assigned tickets page arrived
2026-07-27 18:04:28,836 | INFO     | ticket.py | get_team_open_tickets | Line 75 | Admin get team open tickets page arrived
2026-07-27 18:04:28,848 | INFO     | ticket.py | get_assigned_tickets | Line 41 | Admin get assigned tickets page arrived
2026-07-27 18:04:34,650 | INFO     | ticket.py | get_team_open_tickets | Line 75 | Admin get team open tickets page arrived
2026-07-27 18:04:34,661 | INFO     | ticket.py | get_assigned_tickets | Line 41 | Admin get assigned tickets page arrived
2026-07-27 18:04:46,733 | INFO     | auth.py | login | Line 48 | Login post page arrived
2026-07-27 18:04:46,919 | INFO     | admin.py | get_all_employees | Line 36 | Admin get all employees page arrived
2026-07-27 18:04:46,936 | INFO     | admin.py | get_all_teams | Line 60 | Admin get all teams page arrived
2026-07-27 18:04:46,946 | INFO     | ticket.py | get_open_ticket_count | Line 292 | Get open ticket count
2026-07-27 18:04:47,038 | INFO     | customer.py | get_customer_count | Line 95 | get customer count
2026-07-27 18:13:06,204 | INFO     | auth.py | login | Line 48 | Login post page arrived
2026-07-27 18:13:13,487 | INFO     | admin.py | get_all_employees | Line 36 | Admin get all employees page arrived
2026-07-27 18:13:13,520 | INFO     | admin.py | get_all_teams | Line 60 | Admin get all teams page arrived
2026-07-27 18:13:13,609 | INFO     | ticket.py | get_open_ticket_count | Line 292 | Get open ticket count
2026-07-27 18:13:13,816 | INFO     | customer.py | get_customer_count | Line 95 | get customer count
2026-07-27 18:14:21,300 | INFO     | admin.py | get_all_employees | Line 36 | Admin get all employees page arrived
2026-07-27 18:14:21,315 | INFO     | admin.py | get_all_teams | Line 60 | Admin get all teams page arrived
2026-07-27 18:14:21,322 | INFO     | ticket.py | get_open_ticket_count | Line 292 | Get open ticket count
2026-07-27 18:14:21,345 | INFO     | customer.py | get_customer_count | Line 95 | get customer count
2026-07-27 18:14:38,813 | INFO     | admin.py | get_all_employees | Line 36 | Admin get all employees page arrived
2026-07-27 18:14:38,824 | INFO     | admin.py | get_all_teams | Line 60 | Admin get all teams page arrived
2026-07-27 18:14:38,832 | INFO     | ticket.py | get_open_ticket_count | Line 292 | Get open ticket count
2026-07-27 18:14:38,855 | INFO     | customer.py | get_customer_count | Line 95 | get customer count
2026-07-27 18:14:41,290 | INFO     | admin.py | get_all_employees | Line 36 | Admin get all employees page arrived
2026-07-27 18:14:41,300 | INFO     | admin.py | get_all_teams | Line 60 | Admin get all teams page arrived
2026-07-27 18:14:41,306 | INFO     | ticket.py | get_open_ticket_count | Line 292 | Get open ticket count
2026-07-27 18:14:41,331 | INFO     | customer.py | get_customer_count | Line 95 | get customer count
2026-07-27 18:14:43,537 | INFO     | admin.py | get_all_employees | Line 36 | Admin get all employees page arrived
2026-07-27 18:14:43,548 | INFO     | admin.py | get_all_teams | Line 60 | Admin get all teams page arrived
2026-07-27 18:14:43,554 | INFO     | ticket.py | get_open_ticket_count | Line 292 | Get open ticket count
2026-07-27 18:14:43,580 | INFO     | customer.py | get_customer_count | Line 95 | get customer count
2026-07-27 18:14:45,967 | INFO     | admin.py | get_all_employees | Line 36 | Admin get all employees page arrived
2026-07-27 18:14:45,977 | INFO     | admin.py | get_all_teams | Line 60 | Admin get all teams page arrived
2026-07-27 18:14:45,982 | INFO     | ticket.py | get_open_ticket_count | Line 292 | Get open ticket count
2026-07-27 18:14:46,007 | INFO     | customer.py | get_customer_count | Line 95 | get customer count
2026-07-27 18:15:50,176 | INFO     | admin.py | get_all_employees | Line 36 | Admin get all employees page arrived
2026-07-27 18:15:50,193 | INFO     | admin.py | get_all_teams | Line 60 | Admin get all teams page arrived
2026-07-27 18:15:50,201 | INFO     | ticket.py | get_open_ticket_count | Line 292 | Get open ticket count
2026-07-27 18:15:50,229 | INFO     | customer.py | get_customer_count | Line 95 | get customer count
2026-07-27 18:16:09,491 | INFO     | admin.py | get_all_employees | Line 36 | Admin get all employees page arrived
2026-07-27 18:16:09,500 | INFO     | admin.py | get_all_teams | Line 60 | Admin get all teams page arrived
2026-07-27 18:16:09,506 | INFO     | ticket.py | get_open_ticket_count | Line 292 | Get open ticket count
2026-07-27 18:16:09,529 | INFO     | customer.py | get_customer_count | Line 95 | get customer count
2026-07-27 18:16:16,616 | INFO     | admin.py | get_all_employees | Line 36 | Admin get all employees page arrived
2026-07-27 18:16:16,627 | INFO     | admin.py | get_all_teams | Line 60 | Admin get all teams page arrived
2026-07-27 18:16:16,635 | INFO     | ticket.py | get_open_ticket_count | Line 292 | Get open ticket count
2026-07-27 18:16:16,662 | INFO     | customer.py | get_customer_count | Line 95 | get customer count
2026-07-27 18:16:28,716 | INFO     | admin.py | get_all_employees | Line 36 | Admin get all employees page arrived
2026-07-27 18:16:28,724 | INFO     | admin.py | get_all_teams | Line 60 | Admin get all teams page arrived
2026-07-27 18:16:28,730 | INFO     | ticket.py | get_open_ticket_count | Line 292 | Get open ticket count
2026-07-27 18:16:28,752 | INFO     | customer.py | get_customer_count | Line 95 | get customer count
2026-07-27 18:16:46,041 | INFO     | admin.py | get_all_employees | Line 36 | Admin get all employees page arrived
2026-07-27 18:16:46,052 | INFO     | admin.py | get_all_teams | Line 60 | Admin get all teams page arrived
2026-07-27 18:16:46,058 | INFO     | ticket.py | get_open_ticket_count | Line 292 | Get open ticket count
2026-07-27 18:16:46,083 | INFO     | customer.py | get_customer_count | Line 95 | get customer count
2026-07-27 18:16:53,620 | INFO     | admin.py | get_all_employees | Line 36 | Admin get all employees page arrived
2026-07-27 18:16:53,632 | INFO     | admin.py | get_all_teams | Line 60 | Admin get all teams page arrived
2026-07-27 18:16:53,640 | INFO     | ticket.py | get_open_ticket_count | Line 292 | Get open ticket count
2026-07-27 18:16:53,663 | INFO     | customer.py | get_customer_count | Line 95 | get customer count
2026-07-27 18:17:05,450 | INFO     | auth.py | login | Line 48 | Login post page arrived
2026-07-27 18:17:05,591 | INFO     | ticket.py | get_team_open_tickets | Line 75 | Admin get team open tickets page arrived
2026-07-27 18:17:05,641 | INFO     | ticket.py | get_assigned_tickets | Line 41 | Admin get assigned tickets page arrived
2026-07-27 18:19:13,968 | INFO     | ticket.py | get_team_open_tickets | Line 75 | Admin get team open tickets page arrived
2026-07-27 18:19:13,978 | INFO     | ticket.py | get_assigned_tickets | Line 41 | Admin get assigned tickets page arrived
2026-07-27 18:19:19,016 | INFO     | ticket.py | get_team_open_tickets | Line 75 | Admin get team open tickets page arrived
2026-07-27 18:19:19,024 | INFO     | ticket.py | get_assigned_tickets | Line 41 | Admin get assigned tickets page arrived
2026-07-27 18:19:19,760 | INFO     | ticket.py | get_team_open_tickets | Line 75 | Admin get team open tickets page arrived
2026-07-27 18:19:19,767 | INFO     | ticket.py | get_assigned_tickets | Line 41 | Admin get assigned tickets page arrived
2026-07-27 18:19:20,569 | INFO     | ticket.py | get_team_open_tickets | Line 75 | Admin get team open tickets page arrived
2026-07-27 18:19:20,586 | INFO     | ticket.py | get_assigned_tickets | Line 41 | Admin get assigned tickets page arrived
2026-07-27 18:19:21,297 | INFO     | ticket.py | get_team_open_tickets | Line 75 | Admin get team open tickets page arrived
2026-07-27 18:19:21,306 | INFO     | ticket.py | get_assigned_tickets | Line 41 | Admin get assigned tickets page arrived
2026-07-27 18:20:04,026 | INFO     | ticket.py | get_team_open_tickets | Line 75 | Admin get team open tickets page arrived
2026-07-27 18:20:04,034 | INFO     | ticket.py | get_assigned_tickets | Line 41 | Admin get assigned tickets page arrived
2026-07-27 18:20:14,526 | INFO     | auth.py | login | Line 48 | Login post page arrived
2026-07-27 18:20:14,661 | INFO     | customer.py | get_all_teams | Line 107 | customer get all teams page arrived
2026-07-27 18:20:14,680 | INFO     | ticket.py | get_customer_tickets | Line 109 | Admin get customer tickets page arrived
2026-07-27 18:24:53,430 | INFO     | auth.py | login | Line 48 | Login post page arrived
2026-07-27 18:24:53,749 | INFO     | customer.py | get_all_teams | Line 107 | customer get all teams page arrived
2026-07-27 18:24:53,799 | INFO     | ticket.py | get_customer_tickets | Line 109 | Admin get customer tickets page arrived
2026-07-27 18:25:05,660 | INFO     | customer.py | update_customer_profile | Line 46 | update customer profile arrived
2026-07-27 18:25:05,737 | INFO     | customer.py | update_customer_profile | Line 64 | update customer dharm patel
2026-07-27 18:25:05,834 | INFO     | customer.py | get_all_teams | Line 107 | customer get all teams page arrived
2026-07-27 18:25:05,846 | INFO     | ticket.py | get_customer_tickets | Line 109 | Admin get customer tickets page arrived
2026-07-27 18:25:30,110 | INFO     | customer.py | update_customer_profile | Line 46 | update customer profile arrived
2026-07-27 18:25:30,130 | INFO     | customer.py | update_customer_profile | Line 64 | update customer dharm patel
2026-07-27 18:25:30,388 | INFO     | customer.py | get_all_teams | Line 107 | customer get all teams page arrived
2026-07-27 18:25:30,425 | INFO     | ticket.py | get_customer_tickets | Line 109 | Admin get customer tickets page arrived
2026-07-27 18:25:30,710 | INFO     | customer.py | update_customer_profile | Line 46 | update customer profile arrived
2026-07-27 18:25:30,717 | INFO     | customer.py | update_customer_profile | Line 64 | update customer dharm patel
2026-07-27 18:25:30,870 | INFO     | customer.py | get_all_teams | Line 107 | customer get all teams page arrived
2026-07-27 18:25:30,885 | INFO     | ticket.py | get_customer_tickets | Line 109 | Admin get customer tickets page arrived
2026-07-27 18:25:31,252 | INFO     | customer.py | update_customer_profile | Line 46 | update customer profile arrived
2026-07-27 18:25:31,258 | INFO     | customer.py | update_customer_profile | Line 64 | update customer dharm patel
2026-07-27 18:25:31,363 | INFO     | customer.py | get_all_teams | Line 107 | customer get all teams page arrived
2026-07-27 18:25:31,374 | INFO     | ticket.py | get_customer_tickets | Line 109 | Admin get customer tickets page arrived
2026-07-27 18:25:31,485 | INFO     | customer.py | update_customer_profile | Line 46 | update customer profile arrived
2026-07-27 18:25:31,492 | INFO     | customer.py | update_customer_profile | Line 64 | update customer dharm patel
2026-07-27 18:25:31,600 | INFO     | customer.py | get_all_teams | Line 107 | customer get all teams page arrived
2026-07-27 18:25:31,612 | INFO     | ticket.py | get_customer_tickets | Line 109 | Admin get customer tickets page arrived
2026-07-27 18:26:03,968 | INFO     | customer.py | update_customer_profile | Line 46 | update customer profile arrived
2026-07-27 18:26:03,984 | INFO     | customer.py | update_customer_profile | Line 64 | update customer dharm patel
2026-07-27 18:26:04,109 | INFO     | customer.py | get_all_teams | Line 107 | customer get all teams page arrived
2026-07-27 18:26:04,120 | INFO     | ticket.py | get_customer_tickets | Line 109 | Admin get customer tickets page arrived
2026-07-27 18:26:20,435 | INFO     | customer.py | get_all_teams | Line 107 | customer get all teams page arrived
2026-07-27 18:26:20,453 | INFO     | ticket.py | get_customer_tickets | Line 109 | Admin get customer tickets page arrived
2026-07-27 18:41:01,992 | INFO     | auth.py | login | Line 48 | Login post page arrived
2026-07-27 18:41:03,474 | INFO     | auth.py | login | Line 48 | Login post page arrived
2026-07-27 18:41:09,324 | INFO     | auth.py | login | Line 48 | Login post page arrived
2026-07-27 18:41:25,414 | INFO     | auth.py | login | Line 48 | Login post page arrived
2026-07-27 18:41:26,346 | INFO     | auth.py | login | Line 48 | Login post page arrived
2026-07-27 18:41:26,524 | INFO     | auth.py | login | Line 48 | Login post page arrived
2026-07-27 18:41:26,750 | INFO     | auth.py | login | Line 48 | Login post page arrived
2026-07-27 18:43:03,029 | INFO     | auth.py | login | Line 48 | Login post page arrived
2026-07-27 18:46:18,198 | INFO     | auth.py | login | Line 48 | Login post page arrived
2026-07-27 18:46:22,941 | INFO     | admin.py | get_all_employees | Line 36 | Admin get all employees page arrived
2026-07-27 18:46:22,959 | INFO     | admin.py | get_all_teams | Line 60 | Admin get all teams page arrived
2026-07-27 18:46:22,985 | INFO     | ticket.py | get_open_ticket_count | Line 292 | Get open ticket count
2026-07-27 18:46:23,043 | INFO     | customer.py | get_customer_count | Line 95 | get customer count
2026-07-27 18:46:32,023 | INFO     | admin.py | get_all_employees | Line 36 | Admin get all employees page arrived
2026-07-27 18:46:32,036 | INFO     | admin.py | get_all_teams | Line 60 | Admin get all teams page arrived
2026-07-27 18:46:32,047 | INFO     | ticket.py | get_open_ticket_count | Line 292 | Get open ticket count
2026-07-27 18:46:32,075 | INFO     | customer.py | get_customer_count | Line 95 | get customer count
2026-07-27 18:46:35,378 | INFO     | admin.py | get_all_employees | Line 36 | Admin get all employees page arrived
2026-07-27 18:46:35,388 | INFO     | admin.py | get_all_teams | Line 60 | Admin get all teams page arrived
2026-07-27 18:46:35,396 | INFO     | ticket.py | get_open_ticket_count | Line 292 | Get open ticket count
2026-07-27 18:46:35,422 | INFO     | customer.py | get_customer_count | Line 95 | get customer count
2026-07-27 18:46:36,962 | INFO     | admin.py | get_all_employees | Line 36 | Admin get all employees page arrived
2026-07-27 18:46:36,975 | INFO     | admin.py | get_all_teams | Line 60 | Admin get all teams page arrived
2026-07-27 18:46:36,991 | INFO     | ticket.py | get_open_ticket_count | Line 292 | Get open ticket count
2026-07-27 18:46:37,021 | INFO     | customer.py | get_customer_count | Line 95 | get customer count
2026-07-27 18:46:38,718 | INFO     | admin.py | get_all_employees | Line 36 | Admin get all employees page arrived
2026-07-27 18:46:38,731 | INFO     | admin.py | get_all_teams | Line 60 | Admin get all teams page arrived
2026-07-27 18:46:38,739 | INFO     | ticket.py | get_open_ticket_count | Line 292 | Get open ticket count
2026-07-27 18:46:38,769 | INFO     | customer.py | get_customer_count | Line 95 | get customer count
2026-07-27 18:46:40,643 | INFO     | admin.py | get_all_employees | Line 36 | Admin get all employees page arrived
2026-07-27 18:46:40,655 | INFO     | admin.py | get_all_teams | Line 60 | Admin get all teams page arrived
2026-07-27 18:46:40,664 | INFO     | ticket.py | get_open_ticket_count | Line 292 | Get open ticket count
2026-07-27 18:46:40,690 | INFO     | customer.py | get_customer_count | Line 95 | get customer count
2026-07-27 18:46:42,593 | INFO     | admin.py | get_all_employees | Line 36 | Admin get all employees page arrived
2026-07-27 18:46:42,607 | INFO     | admin.py | get_all_teams | Line 60 | Admin get all teams page arrived
2026-07-27 18:46:42,617 | INFO     | ticket.py | get_open_ticket_count | Line 292 | Get open ticket count
2026-07-27 18:46:42,650 | INFO     | customer.py | get_customer_count | Line 95 | get customer count
2026-07-27 18:46:43,225 | INFO     | admin.py | get_all_employees | Line 36 | Admin get all employees page arrived
2026-07-27 18:46:43,236 | INFO     | admin.py | get_all_teams | Line 60 | Admin get all teams page arrived
2026-07-27 18:46:43,243 | INFO     | ticket.py | get_open_ticket_count | Line 292 | Get open ticket count
2026-07-27 18:46:43,269 | INFO     | customer.py | get_customer_count | Line 95 | get customer count
2026-07-27 18:46:43,884 | INFO     | admin.py | get_all_employees | Line 36 | Admin get all employees page arrived
2026-07-27 18:46:43,896 | INFO     | admin.py | get_all_teams | Line 60 | Admin get all teams page arrived
2026-07-27 18:46:43,906 | INFO     | ticket.py | get_open_ticket_count | Line 292 | Get open ticket count
2026-07-27 18:46:43,932 | INFO     | customer.py | get_customer_count | Line 95 | get customer count
2026-07-27 18:46:44,578 | INFO     | admin.py | get_all_employees | Line 36 | Admin get all employees page arrived
2026-07-27 18:46:44,589 | INFO     | admin.py | get_all_teams | Line 60 | Admin get all teams page arrived
2026-07-27 18:46:44,598 | INFO     | ticket.py | get_open_ticket_count | Line 292 | Get open ticket count
2026-07-27 18:46:44,621 | INFO     | customer.py | get_customer_count | Line 95 | get customer count
2026-07-27 18:46:45,345 | INFO     | admin.py | get_all_employees | Line 36 | Admin get all employees page arrived
2026-07-27 18:46:45,357 | INFO     | admin.py | get_all_teams | Line 60 | Admin get all teams page arrived
2026-07-27 18:46:45,365 | INFO     | ticket.py | get_open_ticket_count | Line 292 | Get open ticket count
2026-07-27 18:46:45,394 | INFO     | customer.py | get_customer_count | Line 95 | get customer count
2026-07-27 18:46:46,893 | INFO     | admin.py | get_all_employees | Line 36 | Admin get all employees page arrived
2026-07-27 18:46:46,911 | INFO     | admin.py | get_all_teams | Line 60 | Admin get all teams page arrived
2026-07-27 18:46:46,922 | INFO     | ticket.py | get_open_ticket_count | Line 292 | Get open ticket count
2026-07-27 18:46:46,948 | INFO     | customer.py | get_customer_count | Line 95 | get customer count
2026-07-27 18:46:50,787 | INFO     | admin.py | get_all_employees | Line 36 | Admin get all employees page arrived
2026-07-27 18:46:50,798 | INFO     | admin.py | get_all_teams | Line 60 | Admin get all teams page arrived
2026-07-27 18:46:50,807 | INFO     | ticket.py | get_open_ticket_count | Line 292 | Get open ticket count
2026-07-27 18:46:50,848 | INFO     | customer.py | get_customer_count | Line 95 | get customer count
2026-07-27 18:46:51,805 | INFO     | admin.py | get_all_employees | Line 36 | Admin get all employees page arrived
2026-07-27 18:46:51,824 | INFO     | admin.py | get_all_teams | Line 60 | Admin get all teams page arrived
2026-07-27 18:46:51,834 | INFO     | ticket.py | get_open_ticket_count | Line 292 | Get open ticket count
2026-07-27 18:46:51,867 | INFO     | customer.py | get_customer_count | Line 95 | get customer count
2026-07-27 18:46:52,859 | INFO     | admin.py | get_all_employees | Line 36 | Admin get all employees page arrived
2026-07-27 18:46:52,871 | INFO     | admin.py | get_all_teams | Line 60 | Admin get all teams page arrived
2026-07-27 18:46:52,878 | INFO     | ticket.py | get_open_ticket_count | Line 292 | Get open ticket count
2026-07-27 18:46:52,903 | INFO     | customer.py | get_customer_count | Line 95 | get customer count
2026-07-29 20:10:00,790 | INFO     | auth.py | login | Line 53 | Login post page arrived
2026-07-29 20:10:04,786 | INFO     | admin.py | get_all_employees | Line 38 | Admin get all employees page arrived
2026-07-29 20:10:04,800 | INFO     | admin.py | get_all_teams | Line 62 | Admin get all teams page arrived
2026-07-29 20:10:04,864 | INFO     | ticket.py | get_open_ticket_count | Line 325 | Get open ticket count
2026-07-29 20:10:04,958 | INFO     | customer.py | get_customer_count | Line 98 | get customer count
2026-07-29 20:10:23,013 | INFO     | admin.py | get_all_employees | Line 38 | Admin get all employees page arrived
2026-07-29 20:10:23,024 | INFO     | admin.py | get_all_teams | Line 62 | Admin get all teams page arrived
2026-07-29 20:10:23,037 | INFO     | ticket.py | get_open_ticket_count | Line 325 | Get open ticket count
2026-07-29 20:10:23,070 | INFO     | customer.py | get_customer_count | Line 98 | get customer count
2026-07-29 20:10:27,844 | INFO     | admin.py | get_all_employees | Line 38 | Admin get all employees page arrived
2026-07-29 20:10:27,855 | INFO     | admin.py | get_all_teams | Line 62 | Admin get all teams page arrived
2026-07-29 20:10:27,863 | INFO     | ticket.py | get_open_ticket_count | Line 325 | Get open ticket count
2026-07-29 20:10:27,914 | INFO     | customer.py | get_customer_count | Line 98 | get customer count
2026-07-29 20:10:35,139 | INFO     | admin.py | get_all_employees | Line 38 | Admin get all employees page arrived
2026-07-29 20:10:35,151 | INFO     | admin.py | get_all_teams | Line 62 | Admin get all teams page arrived
2026-07-29 20:10:35,161 | INFO     | ticket.py | get_open_ticket_count | Line 325 | Get open ticket count
2026-07-29 20:10:35,194 | INFO     | customer.py | get_customer_count | Line 98 | get customer count
2026-07-29 20:10:37,052 | INFO     | admin.py | get_all_employees | Line 38 | Admin get all employees page arrived
2026-07-29 20:10:37,062 | INFO     | admin.py | get_all_teams | Line 62 | Admin get all teams page arrived
2026-07-29 20:10:37,070 | INFO     | ticket.py | get_open_ticket_count | Line 325 | Get open ticket count
2026-07-29 20:10:37,098 | INFO     | customer.py | get_customer_count | Line 98 | get customer count
2026-07-29 20:10:44,899 | INFO     | admin.py | get_all_employees | Line 38 | Admin get all employees page arrived
2026-07-29 20:10:44,908 | INFO     | admin.py | get_all_teams | Line 62 | Admin get all teams page arrived
2026-07-29 20:10:44,916 | INFO     | ticket.py | get_open_ticket_count | Line 325 | Get open ticket count
2026-07-29 20:10:44,943 | INFO     | customer.py | get_customer_count | Line 98 | get customer count
2026-07-29 20:10:46,782 | INFO     | admin.py | get_all_employees | Line 38 | Admin get all employees page arrived
2026-07-29 20:10:46,793 | INFO     | admin.py | get_all_teams | Line 62 | Admin get all teams page arrived
2026-07-29 20:10:46,801 | INFO     | ticket.py | get_open_ticket_count | Line 325 | Get open ticket count
2026-07-29 20:10:46,827 | INFO     | customer.py | get_customer_count | Line 98 | get customer count
2026-07-29 20:10:48,878 | INFO     | admin.py | get_all_employees | Line 38 | Admin get all employees page arrived
2026-07-29 20:10:48,888 | INFO     | admin.py | get_all_teams | Line 62 | Admin get all teams page arrived
2026-07-29 20:10:48,897 | INFO     | ticket.py | get_open_ticket_count | Line 325 | Get open ticket count
2026-07-29 20:10:48,924 | INFO     | customer.py | get_customer_count | Line 98 | get customer count
2026-07-29 20:11:32,285 | INFO     | admin.py | get_all_employees | Line 38 | Admin get all employees page arrived
2026-07-29 20:11:32,296 | INFO     | admin.py | get_all_teams | Line 62 | Admin get all teams page arrived
2026-07-29 20:11:32,310 | INFO     | ticket.py | get_open_ticket_count | Line 325 | Get open ticket count
2026-07-29 20:11:32,333 | INFO     | customer.py | get_customer_count | Line 98 | get customer count
2026-07-29 20:12:02,337 | INFO     | auth.py | login | Line 53 | Login post page arrived
2026-07-29 20:12:02,460 | INFO     | customer.py | get_all_teams | Line 126 | customer get all teams page arrived
2026-07-29 20:12:02,473 | INFO     | ticket.py | get_customer_tickets | Line 115 | Admin get customer tickets page arrived
2026-07-29 20:12:57,389 | INFO     | customer.py | get_all_teams | Line 126 | customer get all teams page arrived
2026-07-29 20:12:57,590 | INFO     | customer.py | get_all_teams | Line 126 | customer get all teams page arrived
2026-07-29 20:12:57,606 | INFO     | ticket.py | get_customer_tickets | Line 115 | Admin get customer tickets page arrived
2026-07-29 20:13:05,579 | INFO     | customer.py | get_all_teams | Line 126 | customer get all teams page arrived
2026-07-29 20:13:05,588 | INFO     | ticket.py | get_customer_tickets | Line 115 | Admin get customer tickets page arrived
2026-07-29 20:13:59,586 | INFO     | auth.py | login | Line 53 | Login post page arrived
2026-07-29 20:13:59,741 | INFO     | ticket.py | get_team_open_tickets | Line 81 | Admin get team open tickets page arrived
2026-07-29 20:13:59,765 | INFO     | ticket.py | get_assigned_tickets | Line 47 | Admin get assigned tickets page arrived
2026-07-29 20:32:44,960 | INFO     | main.py | home | Line 30 | Home page arrived
2026-07-29 20:50:16,894 | INFO     | auth.py | login | Line 53 | Login post page arrived
2026-07-29 20:50:18,110 | INFO     | ticket.py | get_team_open_tickets | Line 81 | Admin get team open tickets page arrived
2026-07-29 20:50:18,141 | INFO     | ticket.py | get_assigned_tickets | Line 47 | Admin get assigned tickets page arrived
2026-07-29 20:50:48,057 | INFO     | ticket.py | get_team_open_tickets | Line 81 | Admin get team open tickets page arrived
2026-07-29 20:50:48,070 | INFO     | ticket.py | get_assigned_tickets | Line 47 | Admin get assigned tickets page arrived
2026-07-29 21:15:45,725 | INFO     | auth.py | login | Line 53 | Login post page arrived
2026-07-29 21:15:47,085 | INFO     | ticket.py | get_team_open_tickets | Line 81 | Admin get team open tickets page arrived
2026-07-29 21:15:47,105 | INFO     | ticket.py | get_assigned_tickets | Line 47 | Admin get assigned tickets page arrived
2026-07-29 21:16:14,051 | INFO     | ticket.py | get_team_open_tickets | Line 81 | Admin get team open tickets page arrived
2026-07-29 21:16:14,066 | INFO     | ticket.py | get_assigned_tickets | Line 47 | Admin get assigned tickets page arrived
2026-07-29 21:22:37,052 | INFO     | main.py | home | Line 30 | Home page arrived
2026-07-29 21:22:50,976 | INFO     | auth.py | login | Line 53 | Login post page arrived
2026-07-29 21:22:51,218 | INFO     | ticket.py | get_team_open_tickets | Line 81 | Admin get team open tickets page arrived
2026-07-29 21:22:51,245 | INFO     | ticket.py | get_assigned_tickets | Line 47 | Admin get assigned tickets page arrived
2026-07-29 21:24:26,152 | INFO     | main.py | home | Line 30 | Home page arrived
2026-07-29 21:24:40,771 | INFO     | auth.py | login | Line 53 | Login post page arrived
2026-07-29 21:24:40,911 | INFO     | ticket.py | get_team_open_tickets | Line 81 | Admin get team open tickets page arrived
2026-07-29 21:24:40,929 | INFO     | ticket.py | get_assigned_tickets | Line 47 | Admin get assigned tickets page arrived
2026-07-29 21:25:12,530 | INFO     | ticket.py | get_team_open_tickets | Line 81 | Admin get team open tickets page arrived
2026-07-29 21:25:12,543 | INFO     | ticket.py | get_assigned_tickets | Line 47 | Admin get assigned tickets page arrived
2026-07-29 21:25:12,674 | INFO     | ticket.py | get_team_open_tickets | Line 81 | Admin get team open tickets page arrived
2026-07-29 21:25:12,687 | INFO     | ticket.py | get_assigned_tickets | Line 47 | Admin get assigned tickets page arrived
2026-07-29 21:28:19,497 | INFO     | ticket.py | get_team_open_tickets | Line 81 | Admin get team open tickets page arrived
2026-07-29 21:28:19,537 | INFO     | ticket.py | get_assigned_tickets | Line 47 | Admin get assigned tickets page arrived
2026-07-29 21:30:18,088 | INFO     | main.py | home | Line 30 | Home page arrived
2026-07-29 21:30:27,115 | INFO     | auth.py | login | Line 53 | Login post page arrived
2026-07-29 21:30:27,326 | INFO     | ticket.py | get_team_open_tickets | Line 81 | Admin get team open tickets page arrived
2026-07-29 21:30:27,344 | INFO     | ticket.py | get_assigned_tickets | Line 47 | Admin get assigned tickets page arrived
2026-08-05 21:24:33,832 | INFO     | main.py | home | Line 30 | Home page arrived
2026-08-05 21:25:24,088 | INFO     | auth.py | login | Line 53 | Login post page arrived
2026-08-05 21:25:28,641 | INFO     | admin.py | get_all_employees | Line 38 | Admin get all employees page arrived
2026-08-05 21:25:28,661 | INFO     | admin.py | get_all_teams | Line 62 | Admin get all teams page arrived
2026-08-05 21:25:28,726 | INFO     | ticket.py | get_open_ticket_count | Line 325 | Get open ticket count
2026-08-05 21:25:28,836 | INFO     | customer.py | get_customer_count | Line 98 | get customer count
2026-08-05 21:25:38,185 | INFO     | admin.py | get_all_employees | Line 38 | Admin get all employees page arrived
2026-08-05 21:25:38,197 | INFO     | admin.py | get_all_teams | Line 62 | Admin get all teams page arrived
2026-08-05 21:25:38,208 | INFO     | ticket.py | get_open_ticket_count | Line 325 | Get open ticket count
2026-08-05 21:25:38,230 | INFO     | customer.py | get_customer_count | Line 98 | get customer count
2026-08-05 21:25:45,176 | INFO     | admin.py | get_all_employees | Line 38 | Admin get all employees page arrived
2026-08-05 21:25:45,193 | INFO     | admin.py | get_all_teams | Line 62 | Admin get all teams page arrived
2026-08-05 21:25:45,202 | INFO     | ticket.py | get_open_ticket_count | Line 325 | Get open ticket count
2026-08-05 21:25:45,228 | INFO     | customer.py | get_customer_count | Line 98 | get customer count
2026-08-05 21:25:48,739 | INFO     | admin.py | get_all_employees | Line 38 | Admin get all employees page arrived
2026-08-05 21:25:48,755 | INFO     | admin.py | get_all_teams | Line 62 | Admin get all teams page arrived
2026-08-05 21:25:48,763 | INFO     | ticket.py | get_open_ticket_count | Line 325 | Get open ticket count
2026-08-05 21:25:48,792 | INFO     | customer.py | get_customer_count | Line 98 | get customer count
2026-08-05 21:25:57,831 | INFO     | admin.py | get_all_employees | Line 38 | Admin get all employees page arrived
2026-08-05 21:25:57,841 | INFO     | admin.py | get_all_teams | Line 62 | Admin get all teams page arrived
2026-08-05 21:25:57,848 | INFO     | ticket.py | get_open_ticket_count | Line 325 | Get open ticket count
2026-08-05 21:25:57,877 | INFO     | customer.py | get_customer_count | Line 98 | get customer count
2026-08-05 21:25:58,939 | INFO     | admin.py | get_all_employees | Line 38 | Admin get all employees page arrived
2026-08-05 21:25:58,950 | INFO     | admin.py | get_all_teams | Line 62 | Admin get all teams page arrived
2026-08-05 21:25:58,957 | INFO     | ticket.py | get_open_ticket_count | Line 325 | Get open ticket count
2026-08-05 21:25:58,994 | INFO     | customer.py | get_customer_count | Line 98 | get customer count
2026-08-05 21:27:54,118 | INFO     | admin.py | get_all_employees | Line 38 | Admin get all employees page arrived
2026-08-05 21:27:54,129 | INFO     | admin.py | get_all_teams | Line 62 | Admin get all teams page arrived
2026-08-05 21:27:54,137 | INFO     | ticket.py | get_open_ticket_count | Line 325 | Get open ticket count
2026-08-05 21:27:54,176 | INFO     | customer.py | get_customer_count | Line 98 | get customer count
2026-08-05 21:27:59,973 | INFO     | admin.py | get_all_employees | Line 38 | Admin get all employees page arrived
2026-08-05 21:27:59,985 | INFO     | admin.py | get_all_teams | Line 62 | Admin get all teams page arrived
2026-08-05 21:27:59,993 | INFO     | ticket.py | get_open_ticket_count | Line 325 | Get open ticket count
2026-08-05 21:28:00,030 | INFO     | customer.py | get_customer_count | Line 98 | get customer count
2026-08-05 21:28:03,744 | INFO     | admin.py | get_all_employees | Line 38 | Admin get all employees page arrived
2026-08-05 21:28:03,753 | INFO     | admin.py | get_all_teams | Line 62 | Admin get all teams page arrived
2026-08-05 21:28:03,761 | INFO     | ticket.py | get_open_ticket_count | Line 325 | Get open ticket count
2026-08-05 21:28:03,785 | INFO     | customer.py | get_customer_count | Line 98 | get customer count
2026-08-05 21:28:32,365 | INFO     | admin.py | get_all_employees | Line 38 | Admin get all employees page arrived
2026-08-05 21:28:32,375 | INFO     | admin.py | get_all_teams | Line 62 | Admin get all teams page arrived
2026-08-05 21:28:32,383 | INFO     | ticket.py | get_open_ticket_count | Line 325 | Get open ticket count
2026-08-05 21:28:32,410 | INFO     | customer.py | get_customer_count | Line 98 | get customer count
2026-08-05 21:29:19,627 | INFO     | auth.py | login | Line 53 | Login post page arrived
2026-08-05 21:29:19,824 | INFO     | ticket.py | get_team_open_tickets | Line 81 | Admin get team open tickets page arrived
2026-08-05 21:29:19,841 | INFO     | ticket.py | get_assigned_tickets | Line 47 | Admin get assigned tickets page arrived
2026-08-05 21:30:07,375 | INFO     | ticket.py | get_team_open_tickets | Line 81 | Admin get team open tickets page arrived
2026-08-05 21:30:07,390 | INFO     | ticket.py | get_assigned_tickets | Line 47 | Admin get assigned tickets page arrived
2026-08-05 21:30:07,555 | INFO     | ticket.py | get_team_open_tickets | Line 81 | Admin get team open tickets page arrived
2026-08-05 21:30:07,565 | INFO     | ticket.py | get_assigned_tickets | Line 47 | Admin get assigned tickets page arrived
2026-08-05 21:30:09,893 | INFO     | ticket.py | get_team_open_tickets | Line 81 | Admin get team open tickets page arrived
2026-08-05 21:30:09,901 | INFO     | ticket.py | get_assigned_tickets | Line 47 | Admin get assigned tickets page arrived
2026-08-05 21:30:10,054 | INFO     | ticket.py | get_team_open_tickets | Line 81 | Admin get team open tickets page arrived
2026-08-05 21:30:10,063 | INFO     | ticket.py | get_assigned_tickets | Line 47 | Admin get assigned tickets page arrived
2026-08-05 21:42:07,446 | INFO     | auth.py | login | Line 53 | Login post page arrived
2026-08-05 21:42:08,655 | INFO     | ticket.py | get_team_open_tickets | Line 81 | Admin get team open tickets page arrived
2026-08-05 21:42:08,669 | INFO     | ticket.py | get_assigned_tickets | Line 47 | Admin get assigned tickets page arrived
2026-08-05 21:44:04,987 | INFO     | ticket.py | get_team_open_tickets | Line 81 | Admin get team open tickets page arrived
2026-08-05 21:44:04,996 | INFO     | ticket.py | get_assigned_tickets | Line 47 | Admin get assigned tickets page arrived
2026-08-05 21:44:17,090 | INFO     | auth.py | login | Line 53 | Login post page arrived
2026-08-05 21:44:17,187 | INFO     | admin.py | get_all_employees | Line 38 | Admin get all employees page arrived
2026-08-05 21:44:17,204 | INFO     | admin.py | get_all_teams | Line 62 | Admin get all teams page arrived
2026-08-05 21:44:17,213 | INFO     | ticket.py | get_open_ticket_count | Line 325 | Get open ticket count
2026-08-05 21:44:17,251 | INFO     | customer.py | get_customer_count | Line 98 | get customer count
2026-08-05 21:44:29,472 | INFO     | admin.py | get_all_employees | Line 38 | Admin get all employees page arrived
2026-08-05 21:44:29,481 | INFO     | admin.py | get_all_teams | Line 62 | Admin get all teams page arrived
2026-08-05 21:44:29,487 | INFO     | ticket.py | get_open_ticket_count | Line 325 | Get open ticket count
2026-08-05 21:44:29,507 | INFO     | customer.py | get_customer_count | Line 98 | get customer count
2026-08-05 21:50:41,323 | INFO     | ticket.py | get_open_ticket_count | Line 325 | Get open ticket count
2026-08-05 21:50:41,359 | INFO     | customer.py | get_customer_count | Line 98 | get customer count
2026-08-05 21:51:04,516 | INFO     | main.py | home | Line 30 | Home page arrived
2026-08-05 21:51:13,125 | INFO     | auth.py | login | Line 53 | Login post page arrived
2026-08-05 21:51:13,348 | INFO     | admin.py | get_all_employees | Line 38 | Admin get all employees page arrived
2026-08-05 21:51:13,360 | INFO     | admin.py | get_all_teams | Line 62 | Admin get all teams page arrived
2026-08-05 21:51:13,374 | INFO     | ticket.py | get_open_ticket_count | Line 325 | Get open ticket count
2026-08-05 21:51:13,409 | INFO     | customer.py | get_customer_count | Line 98 | get customer count
2026-08-05 21:51:20,199 | INFO     | admin.py | get_all_employees | Line 38 | Admin get all employees page arrived
2026-08-05 21:51:20,210 | INFO     | admin.py | get_all_teams | Line 62 | Admin get all teams page arrived
2026-08-05 21:51:20,219 | INFO     | ticket.py | get_open_ticket_count | Line 325 | Get open ticket count
2026-08-05 21:51:20,244 | INFO     | customer.py | get_customer_count | Line 98 | get customer count
2026-08-05 21:53:48,937 | INFO     | main.py | home | Line 30 | Home page arrived
2026-08-05 21:54:04,725 | INFO     | auth.py | login | Line 53 | Login post page arrived
2026-08-05 21:54:04,863 | INFO     | admin.py | get_all_employees | Line 38 | Admin get all employees page arrived
2026-08-05 21:54:04,877 | INFO     | admin.py | get_all_teams | Line 62 | Admin get all teams page arrived
2026-08-05 21:54:04,898 | INFO     | ticket.py | get_open_ticket_count | Line 325 | Get open ticket count
2026-08-05 21:54:04,936 | INFO     | customer.py | get_customer_count | Line 98 | get customer count
2026-08-05 21:54:10,212 | INFO     | admin.py | get_all_employees | Line 38 | Admin get all employees page arrived
2026-08-05 21:54:10,222 | INFO     | admin.py | get_all_teams | Line 62 | Admin get all teams page arrived
2026-08-05 21:54:10,230 | INFO     | ticket.py | get_open_ticket_count | Line 325 | Get open ticket count
2026-08-05 21:54:10,252 | INFO     | customer.py | get_customer_count | Line 98 | get customer count
2026-08-05 21:56:36,837 | INFO     | main.py | home | Line 30 | Home page arrived
2026-08-05 21:56:45,446 | INFO     | auth.py | login | Line 53 | Login post page arrived
2026-08-05 21:56:45,641 | INFO     | admin.py | get_all_employees | Line 38 | Admin get all employees page arrived
2026-08-05 21:56:45,652 | INFO     | admin.py | get_all_teams | Line 62 | Admin get all teams page arrived
2026-08-05 21:56:45,665 | INFO     | ticket.py | get_open_ticket_count | Line 325 | Get open ticket count
2026-08-05 21:56:45,695 | INFO     | customer.py | get_customer_count | Line 98 | get customer count
2026-08-05 21:56:51,404 | INFO     | admin.py | get_all_employees | Line 38 | Admin get all employees page arrived
2026-08-05 21:56:51,413 | INFO     | admin.py | get_all_teams | Line 62 | Admin get all teams page arrived
2026-08-05 21:56:51,422 | INFO     | ticket.py | get_open_ticket_count | Line 325 | Get open ticket count
2026-08-05 21:56:51,452 | INFO     | customer.py | get_customer_count | Line 98 | get customer count
2026-08-05 21:56:56,414 | INFO     | admin.py | get_all_employees | Line 38 | Admin get all employees page arrived
2026-08-05 21:56:56,422 | INFO     | admin.py | get_all_teams | Line 62 | Admin get all teams page arrived
2026-08-05 21:56:56,428 | INFO     | ticket.py | get_open_ticket_count | Line 325 | Get open ticket count
2026-08-05 21:56:56,449 | INFO     | customer.py | get_customer_count | Line 98 | get customer count
2026-08-05 21:56:56,623 | INFO     | admin.py | get_all_employees | Line 38 | Admin get all employees page arrived
2026-08-05 21:56:56,633 | INFO     | admin.py | get_all_teams | Line 62 | Admin get all teams page arrived
2026-08-05 21:56:56,641 | INFO     | ticket.py | get_open_ticket_count | Line 325 | Get open ticket count
2026-08-05 21:56:56,663 | INFO     | customer.py | get_customer_count | Line 98 | get customer count
2026-08-05 21:57:20,384 | INFO     | admin.py | get_all_employees | Line 38 | Admin get all employees page arrived
2026-08-05 21:57:20,394 | INFO     | admin.py | get_all_teams | Line 62 | Admin get all teams page arrived
2026-08-05 21:57:20,400 | INFO     | ticket.py | get_open_ticket_count | Line 325 | Get open ticket count
2026-08-05 21:57:20,422 | INFO     | customer.py | get_customer_count | Line 98 | get customer count
2026-08-05 21:57:20,584 | INFO     | admin.py | get_all_employees | Line 38 | Admin get all employees page arrived
2026-08-05 21:57:20,595 | INFO     | admin.py | get_all_teams | Line 62 | Admin get all teams page arrived
2026-08-05 21:57:20,602 | INFO     | ticket.py | get_open_ticket_count | Line 325 | Get open ticket count
2026-08-05 21:57:20,624 | INFO     | customer.py | get_customer_count | Line 98 | get customer count
2026-08-05 21:57:51,530 | INFO     | admin.py | get_all_employees | Line 38 | Admin get all employees page arrived
2026-08-05 21:57:51,595 | INFO     | admin.py | get_all_teams | Line 62 | Admin get all teams page arrived
2026-08-05 21:57:51,996 | INFO     | ticket.py | get_open_ticket_count | Line 325 | Get open ticket count
2026-08-05 21:57:52,078 | INFO     | customer.py | get_customer_count | Line 98 | get customer count
2026-08-05 21:57:59,469 | INFO     | admin.py | get_all_employees | Line 38 | Admin get all employees page arrived
2026-08-05 21:57:59,478 | INFO     | admin.py | get_all_teams | Line 62 | Admin get all teams page arrived
2026-08-05 21:57:59,488 | INFO     | ticket.py | get_open_ticket_count | Line 325 | Get open ticket count
2026-08-05 21:57:59,512 | INFO     | customer.py | get_customer_count | Line 98 | get customer count
2026-08-05 21:57:59,662 | INFO     | admin.py | get_all_employees | Line 38 | Admin get all employees page arrived
2026-08-05 21:57:59,673 | INFO     | admin.py | get_all_teams | Line 62 | Admin get all teams page arrived
2026-08-05 21:57:59,679 | INFO     | ticket.py | get_open_ticket_count | Line 325 | Get open ticket count
2026-08-05 21:57:59,703 | INFO     | customer.py | get_customer_count | Line 98 | get customer count
2026-08-05 21:58:11,142 | INFO     | admin.py | get_all_employees | Line 38 | Admin get all employees page arrived
2026-08-05 21:58:11,163 | INFO     | admin.py | get_all_teams | Line 62 | Admin get all teams page arrived
2026-08-05 21:58:11,251 | INFO     | ticket.py | get_open_ticket_count | Line 325 | Get open ticket count
2026-08-05 21:58:11,591 | INFO     | customer.py | get_customer_count | Line 98 | get customer count
2026-08-05 21:58:19,374 | INFO     | admin.py | get_all_employees | Line 38 | Admin get all employees page arrived
2026-08-05 21:58:19,905 | INFO     | admin.py | get_all_teams | Line 62 | Admin get all teams page arrived
2026-08-05 21:58:20,029 | INFO     | ticket.py | get_open_ticket_count | Line 325 | Get open ticket count
2026-08-05 21:58:20,121 | INFO     | customer.py | get_customer_count | Line 98 | get customer count
2026-08-05 21:59:48,296 | INFO     | main.py | home | Line 30 | Home page arrived
2026-08-05 22:00:02,849 | INFO     | auth.py | login | Line 53 | Login post page arrived
2026-08-05 22:00:02,995 | INFO     | customer.py | get_all_teams | Line 126 | customer get all teams page arrived
2026-08-05 22:00:03,013 | INFO     | ticket.py | get_customer_tickets | Line 115 | Admin get customer tickets page arrived
2026-08-05 22:00:09,641 | INFO     | customer.py | get_all_teams | Line 126 | customer get all teams page arrived
2026-08-05 22:00:09,652 | INFO     | ticket.py | get_customer_tickets | Line 115 | Admin get customer tickets page arrived
2026-08-05 22:00:14,411 | INFO     | customer.py | get_all_teams | Line 126 | customer get all teams page arrived
2026-08-05 22:00:14,420 | INFO     | ticket.py | get_customer_tickets | Line 115 | Admin get customer tickets page arrived
2026-08-05 22:00:22,038 | INFO     | auth.py | login | Line 53 | Login post page arrived
2026-08-05 22:00:22,133 | INFO     | ticket.py | get_team_open_tickets | Line 81 | Admin get team open tickets page arrived
2026-08-05 22:00:22,145 | INFO     | ticket.py | get_assigned_tickets | Line 47 | Admin get assigned tickets page arrived
2026-08-05 22:00:46,617 | INFO     | ticket.py | get_team_open_tickets | Line 81 | Admin get team open tickets page arrived
2026-08-05 22:00:46,626 | INFO     | ticket.py | get_assigned_tickets | Line 47 | Admin get assigned tickets page arrived
2026-08-05 22:00:46,771 | INFO     | ticket.py | get_team_open_tickets | Line 81 | Admin get team open tickets page arrived
2026-08-05 22:00:46,777 | INFO     | ticket.py | get_assigned_tickets | Line 47 | Admin get assigned tickets page arrived
2026-08-05 22:00:53,740 | INFO     | ticket.py | get_team_open_tickets | Line 81 | Admin get team open tickets page arrived
2026-08-05 22:00:53,748 | INFO     | ticket.py | get_assigned_tickets | Line 47 | Admin get assigned tickets page arrived
2026-08-05 22:01:01,348 | INFO     | auth.py | login | Line 53 | Login post page arrived
2026-08-05 22:01:01,478 | INFO     | admin.py | get_all_employees | Line 38 | Admin get all employees page arrived
2026-08-05 22:01:01,495 | INFO     | admin.py | get_all_teams | Line 62 | Admin get all teams page arrived
2026-08-05 22:01:01,504 | INFO     | ticket.py | get_open_ticket_count | Line 325 | Get open ticket count
2026-08-05 22:01:01,548 | INFO     | customer.py | get_customer_count | Line 98 | get customer count
2026-08-05 22:01:07,955 | INFO     | admin.py | get_all_employees | Line 38 | Admin get all employees page arrived
2026-08-05 22:01:07,966 | INFO     | admin.py | get_all_teams | Line 62 | Admin get all teams page arrived
2026-08-05 22:01:07,973 | INFO     | ticket.py | get_open_ticket_count | Line 325 | Get open ticket count
2026-08-05 22:01:08,000 | INFO     | customer.py | get_customer_count | Line 98 | get customer count
2026-08-05 22:01:13,174 | INFO     | admin.py | get_all_employees | Line 38 | Admin get all employees page arrived
2026-08-05 22:01:13,184 | INFO     | admin.py | get_all_teams | Line 62 | Admin get all teams page arrived
2026-08-05 22:01:13,190 | INFO     | ticket.py | get_open_ticket_count | Line 325 | Get open ticket count
2026-08-05 22:01:13,214 | INFO     | customer.py | get_customer_count | Line 98 | get customer count
2026-08-05 22:01:13,373 | INFO     | admin.py | get_all_employees | Line 38 | Admin get all employees page arrived
2026-08-05 22:01:13,384 | INFO     | admin.py | get_all_teams | Line 62 | Admin get all teams page arrived
2026-08-05 22:01:13,393 | INFO     | ticket.py | get_open_ticket_count | Line 325 | Get open ticket count
2026-08-05 22:01:13,417 | INFO     | customer.py | get_customer_count | Line 98 | get customer count
2026-08-05 22:01:37,702 | INFO     | admin.py | get_all_employees | Line 38 | Admin get all employees page arrived
2026-08-05 22:01:37,710 | INFO     | admin.py | get_all_teams | Line 62 | Admin get all teams page arrived
2026-08-05 22:01:37,719 | INFO     | ticket.py | get_open_ticket_count | Line 325 | Get open ticket count
2026-08-05 22:01:37,741 | INFO     | customer.py | get_customer_count | Line 98 | get customer count
2026-08-05 22:01:46,775 | INFO     | auth.py | login | Line 53 | Login post page arrived
2026-08-05 22:01:46,886 | INFO     | ticket.py | get_team_open_tickets | Line 81 | Admin get team open tickets page arrived
2026-08-05 22:01:46,898 | INFO     | ticket.py | get_assigned_tickets | Line 47 | Admin get assigned tickets page arrived
2026-08-05 22:08:31,223 | INFO     | ticket.py | get_team_open_tickets | Line 81 | Admin get team open tickets page arrived
2026-08-05 22:08:31,245 | INFO     | ticket.py | get_assigned_tickets | Line 47 | Admin get assigned tickets page arrived
2026-08-05 22:08:37,891 | INFO     | ticket.py | get_team_open_tickets | Line 81 | Admin get team open tickets page arrived
2026-08-05 22:08:37,921 | INFO     | ticket.py | get_assigned_tickets | Line 47 | Admin get assigned tickets page arrived
2026-08-05 22:08:45,119 | INFO     | ticket.py | get_team_open_tickets | Line 81 | Admin get team open tickets page arrived
2026-08-05 22:08:45,235 | INFO     | ticket.py | get_assigned_tickets | Line 47 | Admin get assigned tickets page arrived
2026-08-05 22:08:54,877 | INFO     | ticket.py | get_team_open_tickets | Line 81 | Admin get team open tickets page arrived
2026-08-05 22:08:54,900 | INFO     | ticket.py | get_assigned_tickets | Line 47 | Admin get assigned tickets page arrived
2026-08-05 22:09:01,365 | INFO     | ticket.py | get_team_open_tickets | Line 81 | Admin get team open tickets page arrived
2026-08-05 22:09:01,461 | INFO     | ticket.py | get_assigned_tickets | Line 47 | Admin get assigned tickets page arrived
2026-08-05 22:09:07,089 | INFO     | ticket.py | get_team_open_tickets | Line 81 | Admin get team open tickets page arrived
2026-08-05 22:09:07,117 | INFO     | ticket.py | get_assigned_tickets | Line 47 | Admin get assigned tickets page arrived
2026-08-05 22:09:13,356 | INFO     | ticket.py | get_team_open_tickets | Line 81 | Admin get team open tickets page arrived
2026-08-05 22:09:13,444 | INFO     | ticket.py | get_assigned_tickets | Line 47 | Admin get assigned tickets page arrived
2026-08-05 22:09:24,906 | INFO     | ticket.py | get_team_open_tickets | Line 81 | Admin get team open tickets page arrived
2026-08-05 22:09:24,971 | INFO     | ticket.py | get_assigned_tickets | Line 47 | Admin get assigned tickets page arrived
2026-08-05 22:09:33,523 | INFO     | ticket.py | get_team_open_tickets | Line 81 | Admin get team open tickets page arrived
2026-08-05 22:09:33,538 | INFO     | ticket.py | get_assigned_tickets | Line 47 | Admin get assigned tickets page arrived
2026-08-05 22:09:41,848 | INFO     | ticket.py | get_team_open_tickets | Line 81 | Admin get team open tickets page arrived
2026-08-05 22:09:41,919 | INFO     | ticket.py | get_assigned_tickets | Line 47 | Admin get assigned tickets page arrived
2026-08-05 22:09:48,254 | INFO     | ticket.py | get_team_open_tickets | Line 81 | Admin get team open tickets page arrived
2026-08-05 22:09:48,284 | INFO     | ticket.py | get_assigned_tickets | Line 47 | Admin get assigned tickets page arrived
2026-08-05 22:10:13,128 | INFO     | ticket.py | get_team_open_tickets | Line 81 | Admin get team open tickets page arrived
2026-08-05 22:10:13,134 | INFO     | ticket.py | get_assigned_tickets | Line 47 | Admin get assigned tickets page arrived
2026-08-05 22:10:24,020 | INFO     | auth.py | login | Line 53 | Login post page arrived
2026-08-05 22:10:24,126 | INFO     | admin.py | get_all_employees | Line 38 | Admin get all employees page arrived
2026-08-05 22:10:24,139 | INFO     | admin.py | get_all_teams | Line 62 | Admin get all teams page arrived
2026-08-05 22:10:24,148 | INFO     | ticket.py | get_open_ticket_count | Line 325 | Get open ticket count
2026-08-05 22:10:24,171 | INFO     | customer.py | get_customer_count | Line 98 | get customer count
2026-08-05 22:10:36,407 | INFO     | admin.py | get_all_employees | Line 38 | Admin get all employees page arrived
2026-08-05 22:10:36,416 | INFO     | admin.py | get_all_teams | Line 62 | Admin get all teams page arrived
2026-08-05 22:10:36,423 | INFO     | ticket.py | get_open_ticket_count | Line 325 | Get open ticket count
2026-08-05 22:10:36,442 | INFO     | customer.py | get_customer_count | Line 98 | get customer count
2026-08-05 22:11:00,411 | INFO     | auth.py | login | Line 53 | Login post page arrived
2026-08-05 22:11:00,519 | INFO     | customer.py | get_all_teams | Line 126 | customer get all teams page arrived
2026-08-05 22:11:00,533 | INFO     | ticket.py | get_customer_tickets | Line 115 | Admin get customer tickets page arrived
2026-08-05 22:11:37,480 | INFO     | customer.py | get_all_teams | Line 126 | customer get all teams page arrived
2026-08-05 22:11:37,604 | INFO     | customer.py | get_all_teams | Line 126 | customer get all teams page arrived
2026-08-05 22:11:37,613 | INFO     | ticket.py | get_customer_tickets | Line 115 | Admin get customer tickets page arrived
2026-08-05 22:11:47,392 | INFO     | customer.py | get_all_teams | Line 126 | customer get all teams page arrived
2026-08-05 22:11:47,403 | INFO     | ticket.py | get_customer_tickets | Line 115 | Admin get customer tickets page arrived
2026-08-05 22:12:13,647 | INFO     | auth.py | login | Line 53 | Login post page arrived
2026-08-05 22:12:13,764 | INFO     | ticket.py | get_team_open_tickets | Line 81 | Admin get team open tickets page arrived
2026-08-05 22:12:13,771 | INFO     | ticket.py | get_assigned_tickets | Line 47 | Admin get assigned tickets page arrived
2026-08-05 22:12:51,470 | INFO     | ticket.py | get_team_open_tickets | Line 81 | Admin get team open tickets page arrived
2026-08-05 22:12:51,477 | INFO     | ticket.py | get_assigned_tickets | Line 47 | Admin get assigned tickets page arrived
2026-08-05 22:12:51,588 | INFO     | ticket.py | get_team_open_tickets | Line 81 | Admin get team open tickets page arrived
2026-08-05 22:12:51,595 | INFO     | ticket.py | get_assigned_tickets | Line 47 | Admin get assigned tickets page arrived
2026-08-05 22:12:57,776 | INFO     | ticket.py | get_team_open_tickets | Line 81 | Admin get team open tickets page arrived
2026-08-05 22:12:57,783 | INFO     | ticket.py | get_assigned_tickets | Line 47 | Admin get assigned tickets page arrived
2026-08-05 22:13:06,307 | INFO     | auth.py | login | Line 53 | Login post page arrived
2026-08-05 22:13:06,396 | INFO     | admin.py | get_all_employees | Line 38 | Admin get all employees page arrived
2026-08-05 22:13:06,405 | INFO     | admin.py | get_all_teams | Line 62 | Admin get all teams page arrived
2026-08-05 22:13:06,414 | INFO     | ticket.py | get_open_ticket_count | Line 325 | Get open ticket count
2026-08-05 22:13:06,439 | INFO     | customer.py | get_customer_count | Line 98 | get customer count
2026-08-05 22:13:11,414 | INFO     | admin.py | get_all_employees | Line 38 | Admin get all employees page arrived
2026-08-05 22:13:11,422 | INFO     | admin.py | get_all_teams | Line 62 | Admin get all teams page arrived
2026-08-05 22:13:11,428 | INFO     | ticket.py | get_open_ticket_count | Line 325 | Get open ticket count
2026-08-05 22:13:11,449 | INFO     | customer.py | get_customer_count | Line 98 | get customer count
2026-08-05 22:16:27,136 | INFO     | admin.py | get_all_employees | Line 38 | Admin get all employees page arrived
2026-08-05 22:16:27,143 | INFO     | admin.py | get_all_teams | Line 62 | Admin get all teams page arrived
2026-08-05 22:16:27,149 | INFO     | ticket.py | get_open_ticket_count | Line 325 | Get open ticket count
2026-08-05 22:16:27,167 | INFO     | customer.py | get_customer_count | Line 98 | get customer count
2026-08-05 22:16:32,966 | INFO     | admin.py | get_all_employees | Line 38 | Admin get all employees page arrived
2026-08-05 22:16:32,977 | INFO     | admin.py | get_all_teams | Line 62 | Admin get all teams page arrived
2026-08-05 22:16:32,985 | INFO     | ticket.py | get_open_ticket_count | Line 325 | Get open ticket count
2026-08-05 22:16:33,008 | INFO     | customer.py | get_customer_count | Line 98 | get customer count
2026-08-05 22:16:33,169 | INFO     | admin.py | get_all_employees | Line 38 | Admin get all employees page arrived
2026-08-05 22:16:33,179 | INFO     | admin.py | get_all_teams | Line 62 | Admin get all teams page arrived
2026-08-05 22:16:33,187 | INFO     | ticket.py | get_open_ticket_count | Line 325 | Get open ticket count
2026-08-05 22:16:33,211 | INFO     | customer.py | get_customer_count | Line 98 | get customer count
2026-08-05 22:16:42,537 | INFO     | admin.py | get_all_employees | Line 38 | Admin get all employees page arrived
2026-08-05 22:16:42,544 | INFO     | admin.py | get_all_teams | Line 62 | Admin get all teams page arrived
2026-08-05 22:16:42,549 | INFO     | ticket.py | get_open_ticket_count | Line 325 | Get open ticket count
2026-08-05 22:16:42,566 | INFO     | customer.py | get_customer_count | Line 98 | get customer count
2026-08-05 22:16:50,017 | INFO     | auth.py | login | Line 53 | Login post page arrived
2026-08-05 22:16:50,153 | INFO     | admin.py | get_all_employees | Line 38 | Admin get all employees page arrived
2026-08-05 22:16:50,166 | INFO     | admin.py | get_all_teams | Line 62 | Admin get all teams page arrived
2026-08-05 22:16:50,175 | INFO     | ticket.py | get_open_ticket_count | Line 325 | Get open ticket count
2026-08-05 22:16:50,195 | INFO     | customer.py | get_customer_count | Line 98 | get customer count
2026-08-05 22:16:56,258 | INFO     | admin.py | get_all_employees | Line 38 | Admin get all employees page arrived
2026-08-05 22:16:56,268 | INFO     | admin.py | get_all_teams | Line 62 | Admin get all teams page arrived
2026-08-05 22:16:56,274 | INFO     | ticket.py | get_open_ticket_count | Line 325 | Get open ticket count
2026-08-05 22:16:56,295 | INFO     | customer.py | get_customer_count | Line 98 | get customer count
2026-08-05 22:18:42,186 | INFO     | admin.py | get_all_employees | Line 38 | Admin get all employees page arrived
2026-08-05 22:18:42,199 | INFO     | admin.py | get_all_teams | Line 62 | Admin get all teams page arrived
2026-08-05 22:18:42,236 | INFO     | ticket.py | get_open_ticket_count | Line 325 | Get open ticket count
2026-08-05 22:18:42,311 | INFO     | customer.py | get_customer_count | Line 98 | get customer count
2026-08-05 22:18:55,175 | INFO     | auth.py | login | Line 53 | Login post page arrived
2026-08-05 22:18:55,302 | INFO     | admin.py | get_all_employees | Line 38 | Admin get all employees page arrived
2026-08-05 22:18:55,316 | INFO     | admin.py | get_all_teams | Line 62 | Admin get all teams page arrived
2026-08-05 22:18:55,324 | INFO     | ticket.py | get_open_ticket_count | Line 325 | Get open ticket count
2026-08-05 22:18:55,348 | INFO     | customer.py | get_customer_count | Line 98 | get customer count
2026-08-05 22:19:04,800 | INFO     | admin.py | get_all_employees | Line 38 | Admin get all employees page arrived
2026-08-05 22:19:04,812 | INFO     | admin.py | get_all_teams | Line 62 | Admin get all teams page arrived
2026-08-05 22:19:04,819 | INFO     | ticket.py | get_open_ticket_count | Line 325 | Get open ticket count
2026-08-05 22:19:04,843 | INFO     | customer.py | get_customer_count | Line 98 | get customer count
2026-08-05 22:20:26,087 | INFO     | admin.py | get_all_employees | Line 38 | Admin get all employees page arrived
2026-08-05 22:20:26,097 | INFO     | admin.py | get_all_teams | Line 62 | Admin get all teams page arrived
2026-08-05 22:20:26,104 | INFO     | ticket.py | get_open_ticket_count | Line 325 | Get open ticket count
2026-08-05 22:20:26,125 | INFO     | customer.py | get_customer_count | Line 98 | get customer count
2026-08-05 22:20:34,277 | INFO     | auth.py | login | Line 53 | Login post page arrived
2026-08-05 22:20:34,390 | INFO     | ticket.py | get_team_open_tickets | Line 81 | Admin get team open tickets page arrived
2026-08-05 22:20:34,401 | INFO     | ticket.py | get_assigned_tickets | Line 47 | Admin get assigned tickets page arrived
2026-08-05 22:21:17,135 | INFO     | ticket.py | get_team_open_tickets | Line 81 | Admin get team open tickets page arrived
2026-08-05 22:21:17,142 | INFO     | ticket.py | get_assigned_tickets | Line 47 | Admin get assigned tickets page arrived
2026-08-05 22:24:13,336 | INFO     | ticket.py | get_team_open_tickets | Line 81 | Admin get team open tickets page arrived
2026-08-05 22:24:13,346 | INFO     | ticket.py | get_assigned_tickets | Line 47 | Admin get assigned tickets page arrived
2026-08-05 22:24:15,315 | INFO     | ticket.py | get_team_open_tickets | Line 81 | Admin get team open tickets page arrived
2026-08-05 22:24:15,326 | INFO     | ticket.py | get_assigned_tickets | Line 47 | Admin get assigned tickets page arrived
2026-08-05 22:24:24,016 | INFO     | auth.py | login | Line 53 | Login post page arrived
2026-08-05 22:24:24,198 | INFO     | admin.py | get_all_employees | Line 38 | Admin get all employees page arrived
2026-08-05 22:24:24,226 | INFO     | admin.py | get_all_teams | Line 62 | Admin get all teams page arrived
2026-08-05 22:24:24,235 | INFO     | ticket.py | get_open_ticket_count | Line 325 | Get open ticket count
2026-08-05 22:24:24,266 | INFO     | customer.py | get_customer_count | Line 98 | get customer count
2026-08-05 22:24:27,753 | INFO     | admin.py | get_all_employees | Line 38 | Admin get all employees page arrived
2026-08-05 22:24:27,765 | INFO     | admin.py | get_all_teams | Line 62 | Admin get all teams page arrived
2026-08-05 22:24:27,777 | INFO     | ticket.py | get_open_ticket_count | Line 325 | Get open ticket count
2026-08-05 22:24:27,800 | INFO     | customer.py | get_customer_count | Line 98 | get customer count
2026-08-05 22:31:13,198 | INFO     | admin.py | get_all_employees | Line 38 | Admin get all employees page arrived
2026-08-05 22:31:13,215 | INFO     | admin.py | get_all_teams | Line 62 | Admin get all teams page arrived
2026-08-05 22:31:13,225 | INFO     | ticket.py | get_open_ticket_count | Line 325 | Get open ticket count
2026-08-05 22:31:13,256 | INFO     | customer.py | get_customer_count | Line 98 | get customer count
2026-08-05 22:31:24,624 | INFO     | admin.py | get_all_employees | Line 38 | Admin get all employees page arrived
2026-08-05 22:31:24,635 | INFO     | admin.py | get_all_teams | Line 62 | Admin get all teams page arrived
2026-08-05 22:31:24,640 | INFO     | ticket.py | get_open_ticket_count | Line 325 | Get open ticket count
2026-08-05 22:31:24,663 | INFO     | customer.py | get_customer_count | Line 98 | get customer count
2026-08-05 22:31:42,763 | INFO     | auth.py | login | Line 53 | Login post page arrived
2026-08-05 22:31:42,927 | INFO     | ticket.py | get_team_open_tickets | Line 81 | Admin get team open tickets page arrived
2026-08-05 22:31:42,946 | INFO     | ticket.py | get_assigned_tickets | Line 47 | Admin get assigned tickets page arrived
2026-08-05 22:31:45,819 | INFO     | ticket.py | get_team_open_tickets | Line 81 | Admin get team open tickets page arrived
2026-08-05 22:31:45,825 | INFO     | ticket.py | get_assigned_tickets | Line 47 | Admin get assigned tickets page arrived
2026-08-05 22:32:55,456 | INFO     | ticket.py | get_team_open_tickets | Line 81 | Admin get team open tickets page arrived
2026-08-05 22:32:55,462 | INFO     | ticket.py | get_assigned_tickets | Line 47 | Admin get assigned tickets page arrived
2026-08-05 22:32:55,611 | INFO     | ticket.py | get_team_open_tickets | Line 81 | Admin get team open tickets page arrived
2026-08-05 22:32:55,621 | INFO     | ticket.py | get_assigned_tickets | Line 47 | Admin get assigned tickets page arrived
2026-08-05 22:33:02,416 | INFO     | ticket.py | get_team_open_tickets | Line 81 | Admin get team open tickets page arrived
2026-08-05 22:33:02,425 | INFO     | ticket.py | get_assigned_tickets | Line 47 | Admin get assigned tickets page arrived
2026-08-05 22:33:13,789 | INFO     | auth.py | login | Line 53 | Login post page arrived
2026-08-05 22:33:13,963 | INFO     | admin.py | get_all_employees | Line 38 | Admin get all employees page arrived
2026-08-05 22:33:13,981 | INFO     | admin.py | get_all_teams | Line 62 | Admin get all teams page arrived
2026-08-05 22:33:13,990 | INFO     | ticket.py | get_open_ticket_count | Line 325 | Get open ticket count
2026-08-05 22:33:14,013 | INFO     | customer.py | get_customer_count | Line 98 | get customer count
2026-08-05 22:33:16,887 | INFO     | admin.py | get_all_employees | Line 38 | Admin get all employees page arrived
2026-08-05 22:33:16,899 | INFO     | admin.py | get_all_teams | Line 62 | Admin get all teams page arrived
2026-08-05 22:33:16,907 | INFO     | ticket.py | get_open_ticket_count | Line 325 | Get open ticket count
2026-08-05 22:33:16,935 | INFO     | customer.py | get_customer_count | Line 98 | get customer count
2026-08-05 22:33:23,340 | INFO     | admin.py | get_all_employees | Line 38 | Admin get all employees page arrived
2026-08-05 22:33:23,350 | INFO     | admin.py | get_all_teams | Line 62 | Admin get all teams page arrived
2026-08-05 22:33:23,357 | INFO     | ticket.py | get_open_ticket_count | Line 325 | Get open ticket count
2026-08-05 22:33:23,382 | INFO     | customer.py | get_customer_count | Line 98 | get customer count
2026-08-05 22:33:23,551 | INFO     | admin.py | get_all_employees | Line 38 | Admin get all employees page arrived
2026-08-05 22:33:23,565 | INFO     | admin.py | get_all_teams | Line 62 | Admin get all teams page arrived
2026-08-05 22:33:23,574 | INFO     | ticket.py | get_open_ticket_count | Line 325 | Get open ticket count
2026-08-05 22:33:23,604 | INFO     | customer.py | get_customer_count | Line 98 | get customer count
2026-08-05 22:34:14,992 | INFO     | admin.py | get_all_employees | Line 38 | Admin get all employees page arrived
2026-08-05 22:34:15,041 | INFO     | admin.py | get_all_teams | Line 62 | Admin get all teams page arrived
2026-08-05 22:34:15,050 | INFO     | ticket.py | get_open_ticket_count | Line 325 | Get open ticket count
2026-08-05 22:34:15,138 | INFO     | customer.py | get_customer_count | Line 98 | get customer count
2026-08-05 22:35:36,496 | INFO     | admin.py | get_all_employees | Line 38 | Admin get all employees page arrived
2026-08-05 22:35:36,505 | INFO     | admin.py | get_all_teams | Line 62 | Admin get all teams page arrived
2026-08-05 22:35:36,512 | INFO     | ticket.py | get_open_ticket_count | Line 325 | Get open ticket count
2026-08-05 22:35:36,538 | INFO     | customer.py | get_customer_count | Line 98 | get customer count
2026-08-05 22:36:53,060 | INFO     | admin.py | get_all_employees | Line 38 | Admin get all employees page arrived
2026-08-05 22:36:53,072 | INFO     | admin.py | get_all_teams | Line 62 | Admin get all teams page arrived
2026-08-05 22:36:53,081 | INFO     | ticket.py | get_open_ticket_count | Line 325 | Get open ticket count
2026-08-05 22:36:53,109 | INFO     | customer.py | get_customer_count | Line 98 | get customer count
2026-08-05 22:39:52,416 | INFO     | admin.py | get_all_employees | Line 38 | Admin get all employees page arrived
2026-08-05 22:39:52,425 | INFO     | admin.py | get_all_teams | Line 62 | Admin get all teams page arrived
2026-08-05 22:39:52,432 | INFO     | ticket.py | get_open_ticket_count | Line 325 | Get open ticket count
2026-08-05 22:39:52,453 | INFO     | customer.py | get_customer_count | Line 98 | get customer count
2026-08-05 22:40:00,981 | INFO     | auth.py | login | Line 53 | Login post page arrived
2026-08-05 22:40:01,093 | INFO     | admin.py | get_all_employees | Line 38 | Admin get all employees page arrived
2026-08-05 22:40:01,108 | INFO     | admin.py | get_all_teams | Line 62 | Admin get all teams page arrived
2026-08-05 22:40:01,118 | INFO     | ticket.py | get_open_ticket_count | Line 325 | Get open ticket count
2026-08-05 22:40:01,141 | INFO     | customer.py | get_customer_count | Line 98 | get customer count
2026-08-05 22:43:16,664 | INFO     | auth.py | login | Line 53 | Login post page arrived
2026-08-05 22:43:16,834 | INFO     | admin.py | get_all_employees | Line 38 | Admin get all employees page arrived
2026-08-05 22:43:16,850 | INFO     | admin.py | get_all_teams | Line 62 | Admin get all teams page arrived
2026-08-05 22:43:16,860 | INFO     | ticket.py | get_open_ticket_count | Line 325 | Get open ticket count
2026-08-05 22:43:16,889 | INFO     | customer.py | get_customer_count | Line 98 | get customer count
2026-08-05 22:51:22,320 | INFO     | admin.py | get_all_employees | Line 38 | Admin get all employees page arrived
2026-08-05 22:51:22,339 | INFO     | admin.py | get_all_teams | Line 62 | Admin get all teams page arrived
2026-08-05 22:51:22,347 | INFO     | ticket.py | get_open_ticket_count | Line 325 | Get open ticket count
2026-08-05 22:51:22,373 | INFO     | customer.py | get_customer_count | Line 98 | get customer count
2026-08-05 22:51:23,315 | INFO     | admin.py | get_all_employees | Line 38 | Admin get all employees page arrived
2026-08-05 22:51:23,330 | INFO     | admin.py | get_all_teams | Line 62 | Admin get all teams page arrived
2026-08-05 22:51:23,338 | INFO     | ticket.py | get_open_ticket_count | Line 325 | Get open ticket count
2026-08-05 22:51:23,364 | INFO     | customer.py | get_customer_count | Line 98 | get customer count
2026-08-05 22:53:13,387 | INFO     | admin.py | get_all_employees | Line 38 | Admin get all employees page arrived
2026-08-05 22:53:13,401 | INFO     | admin.py | get_all_teams | Line 62 | Admin get all teams page arrived
2026-08-05 22:53:13,408 | INFO     | ticket.py | get_open_ticket_count | Line 325 | Get open ticket count
2026-08-05 22:53:13,439 | INFO     | customer.py | get_customer_count | Line 98 | get customer count
2026-08-06 21:55:18,734 | INFO     | auth.py | login | Line 53 | Login post page arrived
2026-08-06 21:55:23,029 | INFO     | admin.py | get_all_employees | Line 38 | Admin get all employees page arrived
2026-08-06 21:55:23,043 | INFO     | admin.py | get_all_teams | Line 62 | Admin get all teams page arrived
2026-08-06 21:55:23,113 | INFO     | ticket.py | get_open_ticket_count | Line 325 | Get open ticket count
2026-08-06 21:55:23,220 | INFO     | customer.py | get_customer_count | Line 98 | get customer count
2026-08-06 21:58:55,117 | INFO     | admin.py | get_all_employees | Line 38 | Admin get all employees page arrived
2026-08-06 21:58:55,161 | INFO     | admin.py | get_all_teams | Line 62 | Admin get all teams page arrived
2026-08-06 21:58:55,189 | INFO     | ticket.py | get_open_ticket_count | Line 325 | Get open ticket count
2026-08-06 21:58:55,232 | INFO     | customer.py | get_customer_count | Line 98 | get customer count
2026-08-06 22:00:54,548 | INFO     | admin.py | get_all_employees | Line 38 | Admin get all employees page arrived
2026-08-06 22:00:54,606 | INFO     | admin.py | get_all_teams | Line 62 | Admin get all teams page arrived
2026-08-06 22:00:54,643 | INFO     | ticket.py | get_open_ticket_count | Line 325 | Get open ticket count
2026-08-06 22:00:54,703 | INFO     | customer.py | get_customer_count | Line 98 | get customer count
2026-08-06 22:20:22,229 | INFO     | auth.py | login | Line 53 | Login post page arrived
2026-08-06 22:20:22,408 | INFO     | admin.py | get_all_employees | Line 38 | Admin get all employees page arrived
2026-08-06 22:20:22,434 | INFO     | admin.py | get_all_teams | Line 62 | Admin get all teams page arrived
2026-08-06 22:20:22,441 | INFO     | ticket.py | get_open_ticket_count | Line 325 | Get open ticket count
2026-08-06 22:20:22,470 | INFO     | customer.py | get_customer_count | Line 98 | get customer count
2026-08-06 22:20:26,164 | INFO     | admin.py | get_all_employees | Line 38 | Admin get all employees page arrived
2026-08-06 22:20:26,173 | INFO     | admin.py | get_all_teams | Line 62 | Admin get all teams page arrived
2026-08-06 22:20:26,195 | INFO     | ticket.py | get_open_ticket_count | Line 325 | Get open ticket count
2026-08-06 22:20:26,234 | INFO     | customer.py | get_customer_count | Line 98 | get customer count
2026-08-06 22:20:38,941 | INFO     | admin.py | get_all_employees | Line 38 | Admin get all employees page arrived
2026-08-06 22:20:38,953 | INFO     | admin.py | get_all_teams | Line 62 | Admin get all teams page arrived
2026-08-06 22:20:38,962 | INFO     | ticket.py | get_open_ticket_count | Line 325 | Get open ticket count
2026-08-06 22:20:38,988 | INFO     | customer.py | get_customer_count | Line 98 | get customer count
2026-08-06 22:20:48,688 | INFO     | auth.py | login | Line 53 | Login post page arrived
2026-08-06 22:20:48,829 | INFO     | ticket.py | get_team_open_tickets | Line 81 | Admin get team open tickets page arrived
2026-08-06 22:20:48,853 | INFO     | ticket.py | get_assigned_tickets | Line 47 | Admin get assigned tickets page arrived
2026-08-06 22:21:16,412 | INFO     | ticket.py | get_team_open_tickets | Line 81 | Admin get team open tickets page arrived
2026-08-06 22:21:16,421 | INFO     | ticket.py | get_assigned_tickets | Line 47 | Admin get assigned tickets page arrived
2026-08-06 22:21:16,660 | INFO     | ticket.py | get_team_open_tickets | Line 81 | Admin get team open tickets page arrived
2026-08-06 22:21:16,673 | INFO     | ticket.py | get_assigned_tickets | Line 47 | Admin get assigned tickets page arrived
2026-08-06 22:21:44,211 | INFO     | ticket.py | get_team_open_tickets | Line 81 | Admin get team open tickets page arrived
2026-08-06 22:21:44,216 | INFO     | ticket.py | get_assigned_tickets | Line 47 | Admin get assigned tickets page arrived
2026-08-06 22:21:52,729 | INFO     | auth.py | login | Line 53 | Login post page arrived
2026-08-06 22:21:52,844 | INFO     | admin.py | get_all_employees | Line 38 | Admin get all employees page arrived
2026-08-06 22:21:52,875 | INFO     | admin.py | get_all_teams | Line 62 | Admin get all teams page arrived
2026-08-06 22:21:52,881 | INFO     | ticket.py | get_open_ticket_count | Line 325 | Get open ticket count
2026-08-06 22:21:52,917 | INFO     | customer.py | get_customer_count | Line 98 | get customer count
2026-08-06 22:21:59,401 | INFO     | admin.py | get_all_employees | Line 38 | Admin get all employees page arrived
2026-08-06 22:21:59,410 | INFO     | admin.py | get_all_teams | Line 62 | Admin get all teams page arrived
2026-08-06 22:21:59,417 | INFO     | ticket.py | get_open_ticket_count | Line 325 | Get open ticket count
2026-08-06 22:21:59,443 | INFO     | customer.py | get_customer_count | Line 98 | get customer count
2026-08-06 22:22:04,318 | INFO     | admin.py | get_all_employees | Line 38 | Admin get all employees page arrived
2026-08-06 22:22:04,331 | INFO     | admin.py | get_all_teams | Line 62 | Admin get all teams page arrived
2026-08-06 22:22:04,338 | INFO     | ticket.py | get_open_ticket_count | Line 325 | Get open ticket count
2026-08-06 22:22:04,355 | INFO     | customer.py | get_customer_count | Line 98 | get customer count
2026-08-06 22:22:04,553 | INFO     | admin.py | get_all_employees | Line 38 | Admin get all employees page arrived
2026-08-06 22:22:04,563 | INFO     | admin.py | get_all_teams | Line 62 | Admin get all teams page arrived
2026-08-06 22:22:04,569 | INFO     | ticket.py | get_open_ticket_count | Line 325 | Get open ticket count
2026-08-06 22:22:04,591 | INFO     | customer.py | get_customer_count | Line 98 | get customer count
2026-08-06 22:22:09,481 | INFO     | admin.py | get_all_employees | Line 38 | Admin get all employees page arrived
2026-08-06 22:22:09,494 | INFO     | admin.py | get_all_teams | Line 62 | Admin get all teams page arrived
2026-08-06 22:22:09,501 | INFO     | ticket.py | get_open_ticket_count | Line 325 | Get open ticket count
2026-08-06 22:22:09,526 | INFO     | customer.py | get_customer_count | Line 98 | get customer count
2026-08-06 22:22:25,877 | INFO     | auth.py | login | Line 53 | Login post page arrived
2026-08-06 22:22:26,032 | INFO     | ticket.py | get_team_open_tickets | Line 81 | Admin get team open tickets page arrived
2026-08-06 22:22:26,044 | INFO     | ticket.py | get_assigned_tickets | Line 47 | Admin get assigned tickets page arrived
2026-08-06 22:24:40,610 | INFO     | ticket.py | get_team_open_tickets | Line 81 | Admin get team open tickets page arrived
2026-08-06 22:24:40,619 | INFO     | ticket.py | get_assigned_tickets | Line 47 | Admin get assigned tickets page arrived
2026-08-06 22:24:51,399 | INFO     | auth.py | login | Line 53 | Login post page arrived
2026-08-06 22:24:56,423 | INFO     | auth.py | login | Line 53 | Login post page arrived
2026-08-06 22:25:00,624 | INFO     | auth.py | login | Line 53 | Login post page arrived
2026-08-06 22:25:18,387 | INFO     | auth.py | login | Line 53 | Login post page arrived
2026-08-06 22:25:18,580 | INFO     | customer.py | get_all_teams | Line 126 | customer get all teams page arrived
2026-08-06 22:25:18,592 | INFO     | ticket.py | get_customer_tickets | Line 115 | Admin get customer tickets page arrived
2026-08-06 22:26:12,955 | INFO     | customer.py | get_all_teams | Line 126 | customer get all teams page arrived
2026-08-06 22:26:13,134 | INFO     | customer.py | get_all_teams | Line 126 | customer get all teams page arrived
2026-08-06 22:26:13,146 | INFO     | ticket.py | get_customer_tickets | Line 115 | Admin get customer tickets page arrived
2026-08-06 22:26:21,805 | INFO     | customer.py | get_all_teams | Line 126 | customer get all teams page arrived
2026-08-06 22:26:21,819 | INFO     | ticket.py | get_customer_tickets | Line 115 | Admin get customer tickets page arrived
2026-08-06 22:27:30,468 | INFO     | auth.py | login | Line 53 | Login post page arrived
2026-08-06 22:27:30,639 | INFO     | ticket.py | get_team_open_tickets | Line 81 | Admin get team open tickets page arrived
2026-08-06 22:27:30,657 | INFO     | ticket.py | get_assigned_tickets | Line 47 | Admin get assigned tickets page arrived
2026-08-06 22:27:41,054 | INFO     | ticket.py | get_team_open_tickets | Line 81 | Admin get team open tickets page arrived
2026-08-06 22:27:41,085 | INFO     | ticket.py | accept_ticket | Line 233 | Support agent accept ticket page arrived
2026-08-06 22:27:41,189 | INFO     | ticket.py | get_team_open_tickets | Line 81 | Admin get team open tickets page arrived
2026-08-06 22:27:41,199 | INFO     | ticket.py | get_assigned_tickets | Line 47 | Admin get assigned tickets page arrived
2026-08-06 22:27:45,379 | INFO     | ticket.py | get_team_open_tickets | Line 81 | Admin get team open tickets page arrived
2026-08-06 22:27:45,388 | INFO     | ticket.py | get_assigned_tickets | Line 47 | Admin get assigned tickets page arrived
2026-08-06 22:27:45,397 | INFO     | ticket.py | close_ticket | Line 281 | Support agent  close ticket page arrived
2026-08-06 22:27:45,491 | INFO     | ticket.py | get_team_open_tickets | Line 81 | Admin get team open tickets page arrived
2026-08-06 22:27:45,502 | INFO     | ticket.py | get_assigned_tickets | Line 47 | Admin get assigned tickets page arrived
2026-08-06 22:27:49,423 | INFO     | ticket.py | get_team_open_tickets | Line 81 | Admin get team open tickets page arrived
2026-08-06 22:27:49,440 | INFO     | ticket.py | accept_ticket | Line 233 | Support agent accept ticket page arrived
2026-08-06 22:27:49,568 | INFO     | ticket.py | get_team_open_tickets | Line 81 | Admin get team open tickets page arrived
2026-08-06 22:27:49,575 | INFO     | ticket.py | get_assigned_tickets | Line 47 | Admin get assigned tickets page arrived
2026-08-06 22:28:08,139 | INFO     | ticket.py | get_team_open_tickets | Line 81 | Admin get team open tickets page arrived
2026-08-06 22:28:08,147 | INFO     | ticket.py | get_assigned_tickets | Line 47 | Admin get assigned tickets page arrived
2026-08-06 22:28:32,481 | INFO     | auth.py | login | Line 53 | Login post page arrived
2026-08-06 22:28:32,691 | INFO     | customer.py | get_all_teams | Line 126 | customer get all teams page arrived
2026-08-06 22:28:32,706 | INFO     | ticket.py | get_customer_tickets | Line 115 | Admin get customer tickets page arrived
2026-08-10 20:29:27,523 | INFO     | auth.py | login | Line 53 | Login post page arrived
2026-08-10 20:29:31,861 | INFO     | customer.py | get_all_teams | Line 126 | customer get all teams page arrived
2026-08-10 20:29:31,914 | INFO     | ticket.py | get_customer_tickets | Line 115 | Admin get customer tickets page arrived
2026-08-10 20:30:27,587 | INFO     | customer.py | get_all_teams | Line 126 | customer get all teams page arrived
2026-08-10 20:30:27,759 | INFO     | customer.py | get_all_teams | Line 126 | customer get all teams page arrived
2026-08-10 20:30:27,771 | INFO     | ticket.py | get_customer_tickets | Line 115 | Admin get customer tickets page arrived
2026-08-10 20:30:51,623 | INFO     | customer.py | get_all_teams | Line 126 | customer get all teams page arrived
2026-08-10 20:30:51,634 | INFO     | ticket.py | get_customer_tickets | Line 115 | Admin get customer tickets page arrived
2026-08-10 20:30:53,401 | INFO     | customer.py | get_all_teams | Line 126 | customer get all teams page arrived
2026-08-10 20:30:53,414 | INFO     | ticket.py | get_customer_tickets | Line 115 | Admin get customer tickets page arrived
2026-08-10 20:30:54,673 | INFO     | customer.py | get_all_teams | Line 126 | customer get all teams page arrived
2026-08-10 20:30:54,687 | INFO     | ticket.py | get_customer_tickets | Line 115 | Admin get customer tickets page arrived
2026-08-10 20:30:56,805 | INFO     | customer.py | get_all_teams | Line 126 | customer get all teams page arrived
2026-08-10 20:30:56,819 | INFO     | ticket.py | get_customer_tickets | Line 115 | Admin get customer tickets page arrived
2026-08-10 20:32:15,255 | INFO     | auth.py | login | Line 53 | Login post page arrived
2026-08-10 20:32:15,399 | INFO     | ticket.py | get_team_open_tickets | Line 81 | Admin get team open tickets page arrived
2026-08-10 20:32:15,424 | INFO     | ticket.py | get_assigned_tickets | Line 47 | Admin get assigned tickets page arrived
2026-08-10 20:32:35,997 | INFO     | ticket.py | get_team_open_tickets | Line 81 | Admin get team open tickets page arrived
2026-08-10 20:32:36,009 | INFO     | ticket.py | get_assigned_tickets | Line 47 | Admin get assigned tickets page arrived
2026-08-10 20:32:36,021 | INFO     | ticket.py | close_ticket | Line 281 | Support agent  close ticket page arrived
2026-08-10 20:32:36,126 | INFO     | ticket.py | get_team_open_tickets | Line 81 | Admin get team open tickets page arrived
2026-08-10 20:32:36,139 | INFO     | ticket.py | get_assigned_tickets | Line 47 | Admin get assigned tickets page arrived
2026-08-10 20:32:50,287 | INFO     | ticket.py | get_team_open_tickets | Line 81 | Admin get team open tickets page arrived
2026-08-10 20:32:50,298 | INFO     | ticket.py | accept_ticket | Line 233 | Support agent accept ticket page arrived
2026-08-10 20:32:50,397 | INFO     | ticket.py | get_team_open_tickets | Line 81 | Admin get team open tickets page arrived
2026-08-10 20:32:50,408 | INFO     | ticket.py | get_assigned_tickets | Line 47 | Admin get assigned tickets page arrived
2026-08-10 20:32:59,683 | INFO     | ticket.py | get_team_open_tickets | Line 81 | Admin get team open tickets page arrived
2026-08-10 20:32:59,690 | INFO     | ticket.py | get_assigned_tickets | Line 47 | Admin get assigned tickets page arrived
2026-08-10 20:34:02,319 | INFO     | auth.py | login | Line 53 | Login post page arrived
2026-08-10 20:34:02,434 | INFO     | customer.py | get_all_teams | Line 126 | customer get all teams page arrived
2026-08-10 20:34:02,457 | INFO     | ticket.py | get_customer_tickets | Line 115 | Admin get customer tickets page arrived
2026-08-10 20:35:08,349 | INFO     | customer.py | get_all_teams | Line 126 | customer get all teams page arrived
2026-08-10 20:35:08,362 | INFO     | ticket.py | get_customer_tickets | Line 115 | Admin get customer tickets page arrived
2026-08-10 20:35:09,946 | INFO     | customer.py | get_all_teams | Line 126 | customer get all teams page arrived
2026-08-10 20:35:09,955 | INFO     | ticket.py | get_customer_tickets | Line 115 | Admin get customer tickets page arrived
2026-08-10 20:35:11,321 | INFO     | customer.py | get_all_teams | Line 126 | customer get all teams page arrived
2026-08-10 20:35:11,370 | INFO     | ticket.py | get_customer_tickets | Line 115 | Admin get customer tickets page arrived
2026-08-10 20:35:22,195 | INFO     | auth.py | login | Line 53 | Login post page arrived
2026-08-10 20:35:22,352 | INFO     | admin.py | get_all_employees | Line 38 | Admin get all employees page arrived
2026-08-10 20:35:22,365 | INFO     | admin.py | get_all_teams | Line 62 | Admin get all teams page arrived
2026-08-10 20:35:22,373 | INFO     | ticket.py | get_open_ticket_count | Line 325 | Get open ticket count
2026-08-10 20:35:22,423 | INFO     | customer.py | get_customer_count | Line 98 | get customer count
2026-08-10 20:36:25,960 | INFO     | admin.py | get_all_employees | Line 38 | Admin get all employees page arrived
2026-08-10 20:36:25,972 | INFO     | admin.py | get_all_teams | Line 62 | Admin get all teams page arrived
2026-08-10 20:36:25,980 | INFO     | ticket.py | get_open_ticket_count | Line 325 | Get open ticket count
2026-08-10 20:36:26,002 | INFO     | customer.py | get_customer_count | Line 98 | get customer count
2026-08-10 20:36:38,369 | INFO     | auth.py | login | Line 53 | Login post page arrived
2026-08-10 20:36:38,484 | INFO     | ticket.py | get_team_open_tickets | Line 81 | Admin get team open tickets page arrived
2026-08-10 20:36:38,505 | INFO     | ticket.py | get_assigned_tickets | Line 47 | Admin get assigned tickets page arrived
2026-08-10 20:36:43,501 | INFO     | ticket.py | get_team_open_tickets | Line 81 | Admin get team open tickets page arrived
2026-08-10 20:36:43,510 | INFO     | ticket.py | accept_ticket | Line 233 | Support agent accept ticket page arrived
2026-08-10 20:36:43,605 | INFO     | ticket.py | get_team_open_tickets | Line 81 | Admin get team open tickets page arrived
2026-08-10 20:36:43,618 | INFO     | ticket.py | get_assigned_tickets | Line 47 | Admin get assigned tickets page arrived
2026-08-10 20:36:45,047 | INFO     | ticket.py | get_team_open_tickets | Line 81 | Admin get team open tickets page arrived
2026-08-10 20:36:45,062 | INFO     | ticket.py | accept_ticket | Line 233 | Support agent accept ticket page arrived
2026-08-10 20:36:45,187 | INFO     | ticket.py | get_team_open_tickets | Line 81 | Admin get team open tickets page arrived
2026-08-10 20:36:45,201 | INFO     | ticket.py | get_assigned_tickets | Line 47 | Admin get assigned tickets page arrived
2026-08-10 20:39:37,928 | INFO     | ticket.py | get_team_open_tickets | Line 81 | Admin get team open tickets page arrived
2026-08-10 20:39:37,942 | INFO     | ticket.py | get_assigned_tickets | Line 47 | Admin get assigned tickets page arrived
2026-08-10 20:40:49,714 | INFO     | ticket.py | get_team_open_tickets | Line 81 | Admin get team open tickets page arrived
2026-08-10 20:40:49,754 | INFO     | ticket.py | get_assigned_tickets | Line 47 | Admin get assigned tickets page arrived
2026-08-10 20:41:02,389 | INFO     | ticket.py | get_team_open_tickets | Line 81 | Admin get team open tickets page arrived
2026-08-10 20:41:02,454 | INFO     | ticket.py | get_assigned_tickets | Line 47 | Admin get assigned tickets page arrived
2026-08-10 20:41:11,922 | INFO     | ticket.py | get_team_open_tickets | Line 81 | Admin get team open tickets page arrived
2026-08-10 20:41:12,228 | INFO     | ticket.py | get_assigned_tickets | Line 47 | Admin get assigned tickets page arrived
2026-08-10 20:42:12,428 | INFO     | ticket.py | get_team_open_tickets | Line 81 | Admin get team open tickets page arrived
2026-08-10 20:42:12,473 | INFO     | ticket.py | get_assigned_tickets | Line 47 | Admin get assigned tickets page arrived
2026-08-10 20:42:48,497 | INFO     | ticket.py | get_team_open_tickets | Line 81 | Admin get team open tickets page arrived
2026-08-10 20:42:48,528 | INFO     | ticket.py | get_assigned_tickets | Line 47 | Admin get assigned tickets page arrived
2026-08-10 20:43:09,056 | INFO     | ticket.py | get_team_open_tickets | Line 81 | Admin get team open tickets page arrived
2026-08-10 20:43:09,088 | INFO     | ticket.py | get_assigned_tickets | Line 47 | Admin get assigned tickets page arrived
2026-08-10 20:44:36,219 | INFO     | ticket.py | get_team_open_tickets | Line 81 | Admin get team open tickets page arrived
2026-08-10 20:44:36,442 | INFO     | ticket.py | get_assigned_tickets | Line 47 | Admin get assigned tickets page arrived
2026-08-10 20:44:50,178 | INFO     | ticket.py | get_team_open_tickets | Line 81 | Admin get team open tickets page arrived
2026-08-10 20:44:50,192 | INFO     | ticket.py | get_assigned_tickets | Line 47 | Admin get assigned tickets page arrived
2026-08-10 20:45:35,670 | INFO     | ticket.py | get_team_open_tickets | Line 81 | Admin get team open tickets page arrived
2026-08-10 20:45:35,697 | INFO     | ticket.py | get_assigned_tickets | Line 47 | Admin get assigned tickets page arrived
2026-08-10 20:46:06,547 | INFO     | ticket.py | get_team_open_tickets | Line 81 | Admin get team open tickets page arrived
2026-08-10 20:46:06,567 | INFO     | ticket.py | get_assigned_tickets | Line 47 | Admin get assigned tickets page arrived
2026-08-10 20:46:16,691 | INFO     | ticket.py | get_team_open_tickets | Line 81 | Admin get team open tickets page arrived
2026-08-10 20:46:17,015 | INFO     | ticket.py | get_assigned_tickets | Line 47 | Admin get assigned tickets page arrived
2026-08-10 20:48:03,131 | INFO     | ticket.py | get_team_open_tickets | Line 81 | Admin get team open tickets page arrived
2026-08-10 20:48:03,160 | INFO     | ticket.py | get_assigned_tickets | Line 47 | Admin get assigned tickets page arrived
2026-08-10 20:48:23,469 | INFO     | ticket.py | get_team_open_tickets | Line 81 | Admin get team open tickets page arrived
2026-08-10 20:48:23,477 | INFO     | ticket.py | get_assigned_tickets | Line 47 | Admin get assigned tickets page arrived
2026-08-10 20:48:35,288 | INFO     | ticket.py | get_team_open_tickets | Line 81 | Admin get team open tickets page arrived
2026-08-10 20:48:35,307 | INFO     | ticket.py | get_assigned_tickets | Line 47 | Admin get assigned tickets page arrived
2026-08-10 20:48:48,624 | INFO     | ticket.py | get_team_open_tickets | Line 81 | Admin get team open tickets page arrived
2026-08-10 20:48:48,634 | INFO     | ticket.py | get_assigned_tickets | Line 47 | Admin get assigned tickets page arrived
2026-08-10 20:49:13,444 | INFO     | ticket.py | get_team_open_tickets | Line 81 | Admin get team open tickets page arrived
2026-08-10 20:49:13,539 | INFO     | ticket.py | get_assigned_tickets | Line 47 | Admin get assigned tickets page arrived
2026-08-10 20:49:32,587 | INFO     | ticket.py | get_team_open_tickets | Line 81 | Admin get team open tickets page arrived
2026-08-10 20:49:32,696 | INFO     | ticket.py | get_assigned_tickets | Line 47 | Admin get assigned tickets page arrived
2026-08-10 20:49:58,970 | INFO     | ticket.py | get_team_open_tickets | Line 81 | Admin get team open tickets page arrived
2026-08-10 20:49:58,979 | INFO     | ticket.py | get_assigned_tickets | Line 47 | Admin get assigned tickets page arrived
2026-08-10 20:50:35,108 | INFO     | ticket.py | get_team_open_tickets | Line 81 | Admin get team open tickets page arrived
2026-08-10 20:50:35,125 | INFO     | ticket.py | get_assigned_tickets | Line 47 | Admin get assigned tickets page arrived
2026-08-10 20:51:38,532 | INFO     | ticket.py | get_team_open_tickets | Line 81 | Admin get team open tickets page arrived
2026-08-10 20:51:38,548 | INFO     | ticket.py | get_assigned_tickets | Line 47 | Admin get assigned tickets page arrived
2026-08-10 21:20:19,899 | INFO     | ticket.py | get_team_open_tickets | Line 81 | Admin get team open tickets page arrived
2026-08-10 21:20:19,942 | INFO     | ticket.py | get_assigned_tickets | Line 47 | Admin get assigned tickets page arrived
2026-08-10 21:24:23,715 | INFO     | ticket.py | get_team_open_tickets | Line 81 | Admin get team open tickets page arrived
2026-08-10 21:24:23,730 | INFO     | ticket.py | get_assigned_tickets | Line 47 | Admin get assigned tickets page arrived
2026-08-10 21:26:04,431 | INFO     | ticket.py | get_team_open_tickets | Line 81 | Admin get team open tickets page arrived
2026-08-10 21:26:04,443 | INFO     | ticket.py | get_assigned_tickets | Line 47 | Admin get assigned tickets page arrived
2026-08-10 21:26:48,572 | INFO     | ticket.py | get_team_open_tickets | Line 81 | Admin get team open tickets page arrived
2026-08-10 21:26:48,669 | INFO     | ticket.py | get_assigned_tickets | Line 47 | Admin get assigned tickets page arrived
2026-08-10 21:27:00,945 | INFO     | ticket.py | get_team_open_tickets | Line 81 | Admin get team open tickets page arrived
2026-08-10 21:27:00,979 | INFO     | ticket.py | get_assigned_tickets | Line 47 | Admin get assigned tickets page arrived
2026-08-10 21:27:00,994 | INFO     | ticket.py | close_ticket | Line 281 | Support agent  close ticket page arrived
2026-08-10 21:27:01,149 | INFO     | ticket.py | get_team_open_tickets | Line 81 | Admin get team open tickets page arrived
2026-08-10 21:27:01,160 | INFO     | ticket.py | get_assigned_tickets | Line 47 | Admin get assigned tickets page arrived
2026-08-10 21:28:19,581 | INFO     | ticket.py | get_team_open_tickets | Line 81 | Admin get team open tickets page arrived
2026-08-10 21:28:19,594 | INFO     | ticket.py | get_assigned_tickets | Line 47 | Admin get assigned tickets page arrived
2026-08-10 21:29:14,743 | INFO     | ticket.py | get_team_open_tickets | Line 81 | Admin get team open tickets page arrived
2026-08-10 21:29:14,758 | INFO     | ticket.py | get_assigned_tickets | Line 47 | Admin get assigned tickets page arrived
2026-08-10 21:29:24,619 | INFO     | ticket.py | get_team_open_tickets | Line 81 | Admin get team open tickets page arrived
2026-08-10 21:29:24,758 | INFO     | ticket.py | get_assigned_tickets | Line 47 | Admin get assigned tickets page arrived
2026-08-10 21:29:36,398 | INFO     | ticket.py | get_team_open_tickets | Line 81 | Admin get team open tickets page arrived
2026-08-10 21:29:36,408 | INFO     | ticket.py | get_assigned_tickets | Line 47 | Admin get assigned tickets page arrived
2026-08-10 21:29:41,220 | INFO     | ticket.py | get_team_open_tickets | Line 81 | Admin get team open tickets page arrived
2026-08-10 21:29:41,228 | INFO     | ticket.py | get_assigned_tickets | Line 47 | Admin get assigned tickets page arrived
2026-08-10 21:29:41,243 | INFO     | ticket.py | close_ticket | Line 281 | Support agent  close ticket page arrived
2026-08-10 21:29:41,339 | INFO     | ticket.py | get_team_open_tickets | Line 81 | Admin get team open tickets page arrived
2026-08-10 21:29:41,352 | INFO     | ticket.py | get_assigned_tickets | Line 47 | Admin get assigned tickets page arrived
2026-08-10 21:29:44,628 | INFO     | ticket.py | get_team_open_tickets | Line 81 | Admin get team open tickets page arrived
2026-08-10 21:29:44,637 | INFO     | ticket.py | get_assigned_tickets | Line 47 | Admin get assigned tickets page arrived
2026-08-10 21:29:55,586 | INFO     | auth.py | login | Line 53 | Login post page arrived
2026-08-10 21:29:55,748 | INFO     | admin.py | get_all_employees | Line 38 | Admin get all employees page arrived
2026-08-10 21:29:55,771 | INFO     | admin.py | get_all_teams | Line 62 | Admin get all teams page arrived
2026-08-10 21:29:55,780 | INFO     | ticket.py | get_open_ticket_count | Line 325 | Get open ticket count
2026-08-10 21:29:55,861 | INFO     | customer.py | get_customer_count | Line 98 | get customer count
2026-08-10 21:30:46,526 | INFO     | admin.py | get_all_employees | Line 38 | Admin get all employees page arrived
2026-08-10 21:30:46,536 | INFO     | admin.py | get_all_teams | Line 62 | Admin get all teams page arrived
2026-08-10 21:30:46,542 | INFO     | ticket.py | get_open_ticket_count | Line 325 | Get open ticket count
2026-08-10 21:30:46,573 | INFO     | customer.py | get_customer_count | Line 98 | get customer count
2026-08-10 21:33:25,075 | INFO     | admin.py | get_all_employees | Line 38 | Admin get all employees page arrived
2026-08-10 21:33:25,086 | INFO     | admin.py | get_all_teams | Line 62 | Admin get all teams page arrived
2026-08-10 21:33:25,094 | INFO     | ticket.py | get_open_ticket_count | Line 325 | Get open ticket count
2026-08-10 21:33:25,121 | INFO     | customer.py | get_customer_count | Line 98 | get customer count
2026-08-10 21:33:49,577 | INFO     | auth.py | login | Line 53 | Login post page arrived
2026-08-10 21:33:49,772 | INFO     | admin.py | get_all_employees | Line 38 | Admin get all employees page arrived
2026-08-10 21:33:49,790 | INFO     | admin.py | get_all_teams | Line 62 | Admin get all teams page arrived
2026-08-10 21:33:49,800 | INFO     | ticket.py | get_open_ticket_count | Line 325 | Get open ticket count
2026-08-10 21:33:49,826 | INFO     | customer.py | get_customer_count | Line 98 | get customer count
2026-08-10 21:33:55,808 | INFO     | admin.py | get_all_employees | Line 38 | Admin get all employees page arrived
2026-08-10 21:33:55,822 | INFO     | admin.py | get_all_teams | Line 62 | Admin get all teams page arrived
2026-08-10 21:33:55,830 | INFO     | ticket.py | get_open_ticket_count | Line 325 | Get open ticket count
2026-08-10 21:33:55,857 | INFO     | customer.py | get_customer_count | Line 98 | get customer count
2026-08-10 21:34:34,472 | INFO     | admin.py | get_all_employees | Line 38 | Admin get all employees page arrived
2026-08-10 21:34:34,481 | INFO     | admin.py | get_all_teams | Line 62 | Admin get all teams page arrived
2026-08-10 21:34:34,489 | INFO     | ticket.py | get_open_ticket_count | Line 325 | Get open ticket count
2026-08-10 21:34:34,597 | INFO     | customer.py | get_customer_count | Line 98 | get customer count
2026-08-10 21:34:35,660 | INFO     | admin.py | get_all_employees | Line 38 | Admin get all employees page arrived
2026-08-10 21:34:35,674 | INFO     | admin.py | get_all_teams | Line 62 | Admin get all teams page arrived
2026-08-10 21:34:35,685 | INFO     | ticket.py | get_open_ticket_count | Line 325 | Get open ticket count
2026-08-10 21:34:35,714 | INFO     | customer.py | get_customer_count | Line 98 | get customer count
2026-08-10 21:36:04,061 | INFO     | admin.py | get_all_employees | Line 38 | Admin get all employees page arrived
2026-08-10 21:36:04,072 | INFO     | admin.py | get_all_teams | Line 62 | Admin get all teams page arrived
2026-08-10 21:36:04,080 | INFO     | ticket.py | get_open_ticket_count | Line 325 | Get open ticket count
2026-08-10 21:36:04,103 | INFO     | customer.py | get_customer_count | Line 98 | get customer count
2026-08-10 21:36:05,148 | INFO     | admin.py | get_all_employees | Line 38 | Admin get all employees page arrived
2026-08-10 21:36:05,158 | INFO     | admin.py | get_all_teams | Line 62 | Admin get all teams page arrived
2026-08-10 21:36:05,168 | INFO     | ticket.py | get_open_ticket_count | Line 325 | Get open ticket count
2026-08-10 21:36:05,191 | INFO     | customer.py | get_customer_count | Line 98 | get customer count
2026-08-10 21:36:58,731 | INFO     | admin.py | get_all_employees | Line 38 | Admin get all employees page arrived
2026-08-10 21:36:58,777 | INFO     | admin.py | get_all_teams | Line 62 | Admin get all teams page arrived
2026-08-10 21:36:58,846 | INFO     | ticket.py | get_open_ticket_count | Line 325 | Get open ticket count
2026-08-10 21:36:59,152 | INFO     | customer.py | get_customer_count | Line 98 | get customer count
2026-08-10 21:37:10,563 | INFO     | admin.py | get_all_employees | Line 38 | Admin get all employees page arrived
2026-08-10 21:37:10,745 | INFO     | admin.py | get_all_teams | Line 62 | Admin get all teams page arrived
2026-08-10 21:37:10,823 | INFO     | ticket.py | get_open_ticket_count | Line 325 | Get open ticket count
2026-08-10 21:37:10,862 | INFO     | customer.py | get_customer_count | Line 98 | get customer count
2026-08-10 21:37:33,671 | INFO     | admin.py | get_all_employees | Line 38 | Admin get all employees page arrived
2026-08-10 21:37:33,786 | INFO     | admin.py | get_all_teams | Line 62 | Admin get all teams page arrived
2026-08-10 21:37:33,924 | INFO     | ticket.py | get_open_ticket_count | Line 325 | Get open ticket count
2026-08-10 21:37:34,405 | INFO     | customer.py | get_customer_count | Line 98 | get customer count
2026-08-10 21:38:39,424 | INFO     | admin.py | get_all_employees | Line 38 | Admin get all employees page arrived
2026-08-10 21:38:39,536 | INFO     | admin.py | get_all_teams | Line 62 | Admin get all teams page arrived
2026-08-10 21:38:39,559 | INFO     | ticket.py | get_open_ticket_count | Line 325 | Get open ticket count
2026-08-10 21:38:39,691 | INFO     | customer.py | get_customer_count | Line 98 | get customer count
2026-08-10 21:38:49,622 | INFO     | admin.py | get_all_employees | Line 38 | Admin get all employees page arrived
2026-08-10 21:38:49,635 | INFO     | admin.py | get_all_teams | Line 62 | Admin get all teams page arrived
2026-08-10 21:38:49,643 | INFO     | ticket.py | get_open_ticket_count | Line 325 | Get open ticket count
2026-08-10 21:38:49,667 | INFO     | customer.py | get_customer_count | Line 98 | get customer count
2026-08-10 21:39:01,041 | INFO     | admin.py | get_all_employees | Line 38 | Admin get all employees page arrived
2026-08-10 21:39:01,390 | INFO     | admin.py | get_all_teams | Line 62 | Admin get all teams page arrived
2026-08-10 21:39:01,501 | INFO     | ticket.py | get_open_ticket_count | Line 325 | Get open ticket count
2026-08-10 21:39:01,563 | INFO     | customer.py | get_customer_count | Line 98 | get customer count
2026-08-10 21:39:27,231 | INFO     | admin.py | get_all_employees | Line 38 | Admin get all employees page arrived
2026-08-10 21:39:27,262 | INFO     | admin.py | get_all_teams | Line 62 | Admin get all teams page arrived
2026-08-10 21:39:27,284 | INFO     | ticket.py | get_open_ticket_count | Line 325 | Get open ticket count
2026-08-10 21:39:27,544 | INFO     | customer.py | get_customer_count | Line 98 | get customer count
2026-08-10 21:39:36,907 | INFO     | admin.py | get_all_employees | Line 38 | Admin get all employees page arrived
2026-08-10 21:39:37,016 | INFO     | admin.py | get_all_teams | Line 62 | Admin get all teams page arrived
2026-08-10 21:39:37,135 | INFO     | ticket.py | get_open_ticket_count | Line 325 | Get open ticket count
2026-08-10 21:39:37,431 | INFO     | customer.py | get_customer_count | Line 98 | get customer count
2026-08-10 21:39:47,203 | INFO     | admin.py | get_all_employees | Line 38 | Admin get all employees page arrived
2026-08-10 21:39:47,233 | INFO     | admin.py | get_all_teams | Line 62 | Admin get all teams page arrived
2026-08-10 21:39:47,248 | INFO     | ticket.py | get_open_ticket_count | Line 325 | Get open ticket count
2026-08-10 21:39:47,278 | INFO     | customer.py | get_customer_count | Line 98 | get customer count
2026-08-10 21:39:54,763 | INFO     | admin.py | get_all_employees | Line 38 | Admin get all employees page arrived
2026-08-10 21:39:54,787 | INFO     | admin.py | get_all_teams | Line 62 | Admin get all teams page arrived
2026-08-10 21:39:54,808 | INFO     | ticket.py | get_open_ticket_count | Line 325 | Get open ticket count
2026-08-10 21:39:55,515 | INFO     | customer.py | get_customer_count | Line 98 | get customer count
2026-08-10 21:40:12,749 | INFO     | admin.py | get_all_employees | Line 38 | Admin get all employees page arrived
2026-08-10 21:40:12,766 | INFO     | admin.py | get_all_teams | Line 62 | Admin get all teams page arrived
2026-08-10 21:40:12,779 | INFO     | ticket.py | get_open_ticket_count | Line 325 | Get open ticket count
2026-08-10 21:40:12,810 | INFO     | customer.py | get_customer_count | Line 98 | get customer count
2026-08-10 21:40:22,291 | INFO     | admin.py | get_all_employees | Line 38 | Admin get all employees page arrived
2026-08-10 21:40:22,351 | INFO     | admin.py | get_all_teams | Line 62 | Admin get all teams page arrived
2026-08-10 21:40:22,390 | INFO     | ticket.py | get_open_ticket_count | Line 325 | Get open ticket count
2026-08-10 21:40:22,543 | INFO     | customer.py | get_customer_count | Line 98 | get customer count
2026-08-10 21:40:38,733 | INFO     | admin.py | get_all_employees | Line 38 | Admin get all employees page arrived
2026-08-10 21:40:38,744 | INFO     | admin.py | get_all_teams | Line 62 | Admin get all teams page arrived
2026-08-10 21:40:38,753 | INFO     | ticket.py | get_open_ticket_count | Line 325 | Get open ticket count
2026-08-10 21:40:38,776 | INFO     | customer.py | get_customer_count | Line 98 | get customer count
2026-08-10 21:41:05,335 | INFO     | admin.py | get_all_employees | Line 38 | Admin get all employees page arrived
2026-08-10 21:41:05,375 | INFO     | admin.py | get_all_teams | Line 62 | Admin get all teams page arrived
2026-08-10 21:41:05,407 | INFO     | ticket.py | get_open_ticket_count | Line 325 | Get open ticket count
2026-08-10 21:41:05,530 | INFO     | customer.py | get_customer_count | Line 98 | get customer count
2026-08-10 21:41:31,163 | INFO     | admin.py | get_all_employees | Line 38 | Admin get all employees page arrived
2026-08-10 21:41:31,180 | INFO     | admin.py | get_all_teams | Line 62 | Admin get all teams page arrived
2026-08-10 21:41:31,199 | INFO     | ticket.py | get_open_ticket_count | Line 325 | Get open ticket count
2026-08-10 21:41:31,233 | INFO     | customer.py | get_customer_count | Line 98 | get customer count
2026-08-10 21:41:43,393 | INFO     | admin.py | get_all_employees | Line 38 | Admin get all employees page arrived
2026-08-10 21:41:43,403 | INFO     | admin.py | get_all_teams | Line 62 | Admin get all teams page arrived
2026-08-10 21:41:43,411 | INFO     | ticket.py | get_open_ticket_count | Line 325 | Get open ticket count
2026-08-10 21:41:43,432 | INFO     | customer.py | get_customer_count | Line 98 | get customer count
2026-08-10 21:42:13,650 | INFO     | admin.py | get_all_employees | Line 38 | Admin get all employees page arrived
2026-08-10 21:42:14,110 | INFO     | admin.py | get_all_teams | Line 62 | Admin get all teams page arrived
2026-08-10 21:42:14,128 | INFO     | ticket.py | get_open_ticket_count | Line 325 | Get open ticket count
2026-08-10 21:42:14,185 | INFO     | customer.py | get_customer_count | Line 98 | get customer count
2026-08-10 21:44:43,390 | INFO     | admin.py | get_all_employees | Line 38 | Admin get all employees page arrived
2026-08-10 21:44:43,450 | INFO     | admin.py | get_all_teams | Line 62 | Admin get all teams page arrived
2026-08-10 21:44:43,530 | INFO     | ticket.py | get_open_ticket_count | Line 325 | Get open ticket count
2026-08-10 21:44:43,662 | INFO     | customer.py | get_customer_count | Line 98 | get customer count
2026-08-10 21:45:04,347 | INFO     | admin.py | get_all_employees | Line 38 | Admin get all employees page arrived
2026-08-10 21:45:04,359 | INFO     | admin.py | get_all_teams | Line 62 | Admin get all teams page arrived
2026-08-10 21:45:04,366 | INFO     | ticket.py | get_open_ticket_count | Line 325 | Get open ticket count
2026-08-10 21:45:04,387 | INFO     | customer.py | get_customer_count | Line 98 | get customer count
2026-08-10 21:45:19,276 | INFO     | admin.py | get_all_employees | Line 38 | Admin get all employees page arrived
2026-08-10 21:45:19,291 | INFO     | admin.py | get_all_teams | Line 62 | Admin get all teams page arrived
2026-08-10 21:45:19,299 | INFO     | ticket.py | get_open_ticket_count | Line 325 | Get open ticket count
2026-08-10 21:45:19,326 | INFO     | customer.py | get_customer_count | Line 98 | get customer count
2026-08-10 21:45:32,221 | INFO     | admin.py | get_all_employees | Line 38 | Admin get all employees page arrived
2026-08-10 21:45:32,623 | INFO     | admin.py | get_all_teams | Line 62 | Admin get all teams page arrived
2026-08-10 21:45:32,945 | INFO     | ticket.py | get_open_ticket_count | Line 325 | Get open ticket count
2026-08-10 21:45:33,297 | INFO     | customer.py | get_customer_count | Line 98 | get customer count
2026-08-10 21:45:57,805 | INFO     | admin.py | get_all_employees | Line 38 | Admin get all employees page arrived
2026-08-10 21:45:58,072 | INFO     | admin.py | get_all_teams | Line 62 | Admin get all teams page arrived
2026-08-10 21:45:58,264 | INFO     | ticket.py | get_open_ticket_count | Line 325 | Get open ticket count
2026-08-10 21:45:58,509 | INFO     | customer.py | get_customer_count | Line 98 | get customer count
2026-08-10 21:46:16,681 | INFO     | admin.py | get_all_employees | Line 38 | Admin get all employees page arrived
2026-08-10 21:46:16,703 | INFO     | admin.py | get_all_teams | Line 62 | Admin get all teams page arrived
2026-08-10 21:46:16,872 | INFO     | ticket.py | get_open_ticket_count | Line 325 | Get open ticket count
2026-08-10 21:46:17,053 | INFO     | customer.py | get_customer_count | Line 98 | get customer count
2026-08-10 21:46:26,530 | INFO     | admin.py | get_all_employees | Line 38 | Admin get all employees page arrived
2026-08-10 21:46:26,548 | INFO     | admin.py | get_all_teams | Line 62 | Admin get all teams page arrived
2026-08-10 21:46:26,562 | INFO     | ticket.py | get_open_ticket_count | Line 325 | Get open ticket count
2026-08-10 21:46:26,616 | INFO     | customer.py | get_customer_count | Line 98 | get customer count
2026-08-10 21:46:37,298 | INFO     | admin.py | get_all_employees | Line 38 | Admin get all employees page arrived
2026-08-10 21:46:37,320 | INFO     | admin.py | get_all_teams | Line 62 | Admin get all teams page arrived
2026-08-10 21:46:37,341 | INFO     | ticket.py | get_open_ticket_count | Line 325 | Get open ticket count
2026-08-10 21:46:37,374 | INFO     | customer.py | get_customer_count | Line 98 | get customer count
2026-08-10 21:46:48,402 | INFO     | admin.py | get_all_employees | Line 38 | Admin get all employees page arrived
2026-08-10 21:46:48,474 | INFO     | admin.py | get_all_teams | Line 62 | Admin get all teams page arrived
2026-08-10 21:46:48,513 | INFO     | ticket.py | get_open_ticket_count | Line 325 | Get open ticket count
2026-08-10 21:46:48,579 | INFO     | customer.py | get_customer_count | Line 98 | get customer count
2026-08-10 21:47:07,082 | INFO     | admin.py | get_all_employees | Line 38 | Admin get all employees page arrived
2026-08-10 21:47:07,333 | INFO     | admin.py | get_all_teams | Line 62 | Admin get all teams page arrived
2026-08-10 21:47:07,657 | INFO     | ticket.py | get_open_ticket_count | Line 325 | Get open ticket count
2026-08-10 21:47:07,705 | INFO     | customer.py | get_customer_count | Line 98 | get customer count
2026-08-10 21:47:31,445 | INFO     | admin.py | get_all_employees | Line 38 | Admin get all employees page arrived
2026-08-10 21:47:31,499 | INFO     | admin.py | get_all_teams | Line 62 | Admin get all teams page arrived
2026-08-10 21:47:31,537 | INFO     | ticket.py | get_open_ticket_count | Line 325 | Get open ticket count
2026-08-10 21:47:31,690 | INFO     | customer.py | get_customer_count | Line 98 | get customer count
2026-08-10 21:49:08,936 | INFO     | admin.py | get_all_employees | Line 38 | Admin get all employees page arrived
2026-08-10 21:49:09,210 | INFO     | admin.py | get_all_teams | Line 62 | Admin get all teams page arrived
2026-08-10 21:49:09,245 | INFO     | ticket.py | get_open_ticket_count | Line 325 | Get open ticket count
2026-08-10 21:49:09,301 | INFO     | customer.py | get_customer_count | Line 98 | get customer count
2026-08-10 21:50:48,402 | INFO     | admin.py | get_all_employees | Line 38 | Admin get all employees page arrived
2026-08-10 21:50:48,423 | INFO     | admin.py | get_all_teams | Line 62 | Admin get all teams page arrived
2026-08-10 21:50:48,434 | INFO     | ticket.py | get_open_ticket_count | Line 325 | Get open ticket count
2026-08-10 21:50:48,466 | INFO     | customer.py | get_customer_count | Line 98 | get customer count
2026-08-10 21:52:12,797 | INFO     | admin.py | get_all_employees | Line 38 | Admin get all employees page arrived
2026-08-10 21:52:12,808 | INFO     | admin.py | get_all_teams | Line 62 | Admin get all teams page arrived
2026-08-10 21:52:12,818 | INFO     | ticket.py | get_open_ticket_count | Line 325 | Get open ticket count
2026-08-10 21:52:12,842 | INFO     | customer.py | get_customer_count | Line 98 | get customer count
2026-08-10 21:53:20,502 | INFO     | admin.py | get_all_employees | Line 38 | Admin get all employees page arrived
2026-08-10 21:53:21,408 | INFO     | admin.py | get_all_teams | Line 62 | Admin get all teams page arrived
2026-08-10 21:53:21,434 | INFO     | ticket.py | get_open_ticket_count | Line 325 | Get open ticket count
2026-08-10 21:53:21,660 | INFO     | customer.py | get_customer_count | Line 98 | get customer count
2026-08-10 21:54:06,793 | INFO     | admin.py | get_all_employees | Line 38 | Admin get all employees page arrived
2026-08-10 21:54:06,806 | INFO     | admin.py | get_all_teams | Line 62 | Admin get all teams page arrived
2026-08-10 21:54:06,813 | INFO     | ticket.py | get_open_ticket_count | Line 325 | Get open ticket count
2026-08-10 21:54:06,835 | INFO     | customer.py | get_customer_count | Line 98 | get customer count
2026-08-10 21:54:31,393 | INFO     | admin.py | get_all_employees | Line 38 | Admin get all employees page arrived
2026-08-10 21:54:31,404 | INFO     | admin.py | get_all_teams | Line 62 | Admin get all teams page arrived
2026-08-10 21:54:31,423 | INFO     | ticket.py | get_open_ticket_count | Line 325 | Get open ticket count
2026-08-10 21:54:31,447 | INFO     | customer.py | get_customer_count | Line 98 | get customer count
2026-08-10 22:16:02,083 | INFO     | auth.py | login | Line 53 | Login post page arrived
2026-08-10 22:16:06,564 | INFO     | admin.py | get_all_employees | Line 38 | Admin get all employees page arrived
2026-08-10 22:16:06,576 | INFO     | admin.py | get_all_teams | Line 62 | Admin get all teams page arrived
2026-08-10 22:16:06,626 | INFO     | ticket.py | get_open_ticket_count | Line 325 | Get open ticket count
2026-08-10 22:16:06,730 | INFO     | customer.py | get_customer_count | Line 98 | get customer count
2026-08-10 22:16:09,772 | INFO     | admin.py | get_all_employees | Line 38 | Admin get all employees page arrived
2026-08-10 22:16:09,784 | INFO     | admin.py | get_all_teams | Line 62 | Admin get all teams page arrived
2026-08-10 22:16:09,793 | INFO     | ticket.py | get_open_ticket_count | Line 325 | Get open ticket count
2026-08-10 22:16:09,820 | INFO     | customer.py | get_customer_count | Line 98 | get customer count
2026-08-10 22:20:52,415 | INFO     | admin.py | get_all_employees | Line 38 | Admin get all employees page arrived
2026-08-10 22:20:52,453 | INFO     | admin.py | get_all_teams | Line 62 | Admin get all teams page arrived
2026-08-10 22:20:52,491 | INFO     | ticket.py | get_open_ticket_count | Line 325 | Get open ticket count
2026-08-10 22:20:52,616 | INFO     | customer.py | get_customer_count | Line 98 | get customer count
2026-08-10 22:21:04,972 | INFO     | admin.py | get_all_employees | Line 38 | Admin get all employees page arrived
2026-08-10 22:21:05,055 | INFO     | admin.py | get_all_teams | Line 62 | Admin get all teams page arrived
2026-08-10 22:21:05,095 | INFO     | ticket.py | get_open_ticket_count | Line 325 | Get open ticket count
2026-08-10 22:21:05,659 | INFO     | customer.py | get_customer_count | Line 98 | get customer count
2026-08-10 22:21:17,590 | INFO     | admin.py | get_all_employees | Line 38 | Admin get all employees page arrived
2026-08-10 22:21:17,656 | INFO     | admin.py | get_all_teams | Line 62 | Admin get all teams page arrived
2026-08-10 22:21:17,731 | INFO     | ticket.py | get_open_ticket_count | Line 325 | Get open ticket count
2026-08-10 22:21:17,796 | INFO     | customer.py | get_customer_count | Line 98 | get customer count
2026-08-10 22:21:29,295 | INFO     | admin.py | get_all_employees | Line 38 | Admin get all employees page arrived
2026-08-10 22:21:29,313 | INFO     | admin.py | get_all_teams | Line 62 | Admin get all teams page arrived
2026-08-10 22:21:29,327 | INFO     | ticket.py | get_open_ticket_count | Line 325 | Get open ticket count
2026-08-10 22:21:29,367 | INFO     | customer.py | get_customer_count | Line 98 | get customer count
2026-08-10 22:21:32,328 | INFO     | admin.py | get_all_employees | Line 38 | Admin get all employees page arrived
2026-08-10 22:21:32,337 | INFO     | admin.py | get_all_teams | Line 62 | Admin get all teams page arrived
2026-08-10 22:21:32,342 | INFO     | ticket.py | get_open_ticket_count | Line 325 | Get open ticket count
2026-08-10 22:21:32,369 | INFO     | customer.py | get_customer_count | Line 98 | get customer count
2026-08-10 22:21:33,176 | INFO     | admin.py | get_all_employees | Line 38 | Admin get all employees page arrived
2026-08-10 22:21:33,192 | INFO     | admin.py | get_all_teams | Line 62 | Admin get all teams page arrived
2026-08-10 22:21:33,199 | INFO     | ticket.py | get_open_ticket_count | Line 325 | Get open ticket count
2026-08-10 22:21:33,225 | INFO     | customer.py | get_customer_count | Line 98 | get customer count
2026-08-10 22:21:33,483 | INFO     | admin.py | get_all_employees | Line 38 | Admin get all employees page arrived
2026-08-10 22:21:33,494 | INFO     | admin.py | get_all_teams | Line 62 | Admin get all teams page arrived
2026-08-10 22:21:33,501 | INFO     | ticket.py | get_open_ticket_count | Line 325 | Get open ticket count
2026-08-10 22:21:33,519 | INFO     | customer.py | get_customer_count | Line 98 | get customer count
2026-08-10 22:21:33,658 | INFO     | admin.py | get_all_employees | Line 38 | Admin get all employees page arrived
2026-08-10 22:21:33,668 | INFO     | admin.py | get_all_teams | Line 62 | Admin get all teams page arrived
2026-08-10 22:21:33,676 | INFO     | ticket.py | get_open_ticket_count | Line 325 | Get open ticket count
2026-08-10 22:21:33,698 | INFO     | customer.py | get_customer_count | Line 98 | get customer count
2026-08-10 22:21:33,921 | INFO     | admin.py | get_all_employees | Line 38 | Admin get all employees page arrived
2026-08-10 22:21:33,931 | INFO     | admin.py | get_all_teams | Line 62 | Admin get all teams page arrived
2026-08-10 22:21:33,939 | INFO     | ticket.py | get_open_ticket_count | Line 325 | Get open ticket count
2026-08-10 22:21:33,963 | INFO     | customer.py | get_customer_count | Line 98 | get customer count
2026-08-10 22:21:35,113 | INFO     | admin.py | get_all_employees | Line 38 | Admin get all employees page arrived
2026-08-10 22:21:35,128 | INFO     | admin.py | get_all_teams | Line 62 | Admin get all teams page arrived
2026-08-10 22:21:35,137 | INFO     | ticket.py | get_open_ticket_count | Line 325 | Get open ticket count
2026-08-10 22:21:35,165 | INFO     | customer.py | get_customer_count | Line 98 | get customer count
2026-08-10 22:21:35,888 | INFO     | admin.py | get_all_employees | Line 38 | Admin get all employees page arrived
2026-08-10 22:21:35,898 | INFO     | admin.py | get_all_teams | Line 62 | Admin get all teams page arrived
2026-08-10 22:21:35,905 | INFO     | ticket.py | get_open_ticket_count | Line 325 | Get open ticket count
2026-08-10 22:21:35,927 | INFO     | customer.py | get_customer_count | Line 98 | get customer count
2026-08-10 22:29:09,685 | INFO     | ticket.py | get_open_ticket_count | Line 325 | Get open ticket count
2026-08-10 22:29:09,745 | INFO     | customer.py | get_customer_count | Line 98 | get customer count
2026-08-10 22:29:26,845 | INFO     | ticket.py | get_open_ticket_count | Line 325 | Get open ticket count
2026-08-10 22:29:26,891 | INFO     | customer.py | get_customer_count | Line 98 | get customer count
2026-08-10 22:30:09,280 | INFO     | auth.py | login | Line 53 | Login post page arrived
2026-08-10 22:30:10,571 | INFO     | admin.py | get_all_employees | Line 38 | Admin get all employees page arrived
2026-08-10 22:30:10,586 | INFO     | admin.py | get_all_teams | Line 62 | Admin get all teams page arrived
2026-08-10 22:30:10,603 | INFO     | ticket.py | get_open_ticket_count | Line 325 | Get open ticket count
2026-08-10 22:30:10,639 | INFO     | customer.py | get_customer_count | Line 98 | get customer count
2026-08-10 22:30:13,765 | INFO     | admin.py | get_all_employees | Line 38 | Admin get all employees page arrived
2026-08-10 22:30:13,777 | INFO     | admin.py | get_all_teams | Line 62 | Admin get all teams page arrived
2026-08-10 22:30:13,784 | INFO     | ticket.py | get_open_ticket_count | Line 325 | Get open ticket count
2026-08-10 22:30:13,812 | INFO     | customer.py | get_customer_count | Line 98 | get customer count
2026-08-10 22:30:17,132 | INFO     | admin.py | get_all_employees | Line 38 | Admin get all employees page arrived
2026-08-10 22:30:17,145 | INFO     | admin.py | get_all_teams | Line 62 | Admin get all teams page arrived
2026-08-10 22:30:17,153 | INFO     | ticket.py | get_open_ticket_count | Line 325 | Get open ticket count
2026-08-10 22:30:17,179 | INFO     | customer.py | get_customer_count | Line 98 | get customer count
2026-08-10 22:30:18,803 | INFO     | admin.py | get_all_employees | Line 38 | Admin get all employees page arrived
2026-08-10 22:30:18,839 | INFO     | admin.py | get_all_teams | Line 62 | Admin get all teams page arrived
2026-08-10 22:30:18,845 | INFO     | ticket.py | get_open_ticket_count | Line 325 | Get open ticket count
2026-08-10 22:30:18,872 | INFO     | customer.py | get_customer_count | Line 98 | get customer count
2026-08-10 22:30:19,343 | INFO     | admin.py | get_all_employees | Line 38 | Admin get all employees page arrived
2026-08-10 22:30:19,353 | INFO     | admin.py | get_all_teams | Line 62 | Admin get all teams page arrived
2026-08-10 22:30:19,359 | INFO     | ticket.py | get_open_ticket_count | Line 325 | Get open ticket count
2026-08-10 22:30:19,393 | INFO     | customer.py | get_customer_count | Line 98 | get customer count
2026-08-10 22:30:19,601 | INFO     | admin.py | get_all_employees | Line 38 | Admin get all employees page arrived
2026-08-10 22:30:19,612 | INFO     | admin.py | get_all_teams | Line 62 | Admin get all teams page arrived
2026-08-10 22:30:19,621 | INFO     | ticket.py | get_open_ticket_count | Line 325 | Get open ticket count
2026-08-10 22:30:19,645 | INFO     | customer.py | get_customer_count | Line 98 | get customer count
2026-08-10 22:30:19,795 | INFO     | admin.py | get_all_employees | Line 38 | Admin get all employees page arrived
2026-08-10 22:30:19,806 | INFO     | admin.py | get_all_teams | Line 62 | Admin get all teams page arrived
2026-08-10 22:30:19,816 | INFO     | ticket.py | get_open_ticket_count | Line 325 | Get open ticket count
2026-08-10 22:30:19,844 | INFO     | customer.py | get_customer_count | Line 98 | get customer count
2026-08-10 22:30:19,951 | INFO     | admin.py | get_all_employees | Line 38 | Admin get all employees page arrived
2026-08-10 22:30:19,964 | INFO     | admin.py | get_all_teams | Line 62 | Admin get all teams page arrived
2026-08-10 22:30:19,973 | INFO     | ticket.py | get_open_ticket_count | Line 325 | Get open ticket count
2026-08-10 22:30:20,002 | INFO     | customer.py | get_customer_count | Line 98 | get customer count
2026-08-10 22:30:20,106 | INFO     | admin.py | get_all_employees | Line 38 | Admin get all employees page arrived
2026-08-10 22:30:20,117 | INFO     | admin.py | get_all_teams | Line 62 | Admin get all teams page arrived
2026-08-10 22:30:20,123 | INFO     | ticket.py | get_open_ticket_count | Line 325 | Get open ticket count
2026-08-10 22:30:20,148 | INFO     | customer.py | get_customer_count | Line 98 | get customer count
2026-08-10 22:30:20,310 | INFO     | admin.py | get_all_employees | Line 38 | Admin get all employees page arrived
2026-08-10 22:30:20,324 | INFO     | admin.py | get_all_teams | Line 62 | Admin get all teams page arrived
2026-08-10 22:30:20,338 | INFO     | ticket.py | get_open_ticket_count | Line 325 | Get open ticket count
2026-08-10 22:30:20,451 | INFO     | admin.py | get_all_employees | Line 38 | Admin get all employees page arrived
2026-08-10 22:30:20,465 | INFO     | admin.py | get_all_teams | Line 62 | Admin get all teams page arrived
2026-08-10 22:30:20,477 | INFO     | ticket.py | get_open_ticket_count | Line 325 | Get open ticket count
2026-08-10 22:30:20,507 | INFO     | customer.py | get_customer_count | Line 98 | get customer count
2026-08-10 22:30:20,646 | INFO     | admin.py | get_all_employees | Line 38 | Admin get all employees page arrived
2026-08-10 22:30:20,658 | INFO     | admin.py | get_all_teams | Line 62 | Admin get all teams page arrived
2026-08-10 22:30:20,668 | INFO     | ticket.py | get_open_ticket_count | Line 325 | Get open ticket count
2026-08-10 22:30:20,813 | INFO     | admin.py | get_all_employees | Line 38 | Admin get all employees page arrived
2026-08-10 22:30:20,829 | INFO     | admin.py | get_all_teams | Line 62 | Admin get all teams page arrived
2026-08-10 22:30:20,839 | INFO     | ticket.py | get_open_ticket_count | Line 325 | Get open ticket count
2026-08-10 22:30:20,973 | INFO     | admin.py | get_all_employees | Line 38 | Admin get all employees page arrived
2026-08-10 22:30:20,986 | INFO     | admin.py | get_all_teams | Line 62 | Admin get all teams page arrived
2026-08-10 22:30:20,993 | INFO     | ticket.py | get_open_ticket_count | Line 325 | Get open ticket count
2026-08-10 22:30:21,018 | INFO     | customer.py | get_customer_count | Line 98 | get customer count
2026-08-10 22:30:21,215 | INFO     | admin.py | get_all_employees | Line 38 | Admin get all employees page arrived
2026-08-10 22:30:21,225 | INFO     | admin.py | get_all_teams | Line 62 | Admin get all teams page arrived
2026-08-10 22:30:21,232 | INFO     | ticket.py | get_open_ticket_count | Line 325 | Get open ticket count
2026-08-10 22:30:21,259 | INFO     | customer.py | get_customer_count | Line 98 | get customer count
2026-08-10 22:30:23,422 | INFO     | admin.py | get_all_employees | Line 38 | Admin get all employees page arrived
2026-08-10 22:30:23,434 | INFO     | admin.py | get_all_teams | Line 62 | Admin get all teams page arrived
2026-08-10 22:30:23,441 | INFO     | ticket.py | get_open_ticket_count | Line 325 | Get open ticket count
2026-08-10 22:30:23,474 | INFO     | customer.py | get_customer_count | Line 98 | get customer count
2026-08-10 22:30:23,708 | INFO     | admin.py | get_all_employees | Line 38 | Admin get all employees page arrived
2026-08-10 22:30:23,722 | INFO     | admin.py | get_all_teams | Line 62 | Admin get all teams page arrived
2026-08-10 22:30:23,730 | INFO     | ticket.py | get_open_ticket_count | Line 325 | Get open ticket count
2026-08-10 22:30:23,837 | INFO     | admin.py | get_all_employees | Line 38 | Admin get all employees page arrived
2026-08-10 22:30:23,849 | INFO     | admin.py | get_all_teams | Line 62 | Admin get all teams page arrived
2026-08-10 22:30:23,857 | INFO     | ticket.py | get_open_ticket_count | Line 325 | Get open ticket count
2026-08-10 22:30:23,945 | INFO     | admin.py | get_all_employees | Line 38 | Admin get all employees page arrived
2026-08-10 22:30:23,955 | INFO     | admin.py | get_all_teams | Line 62 | Admin get all teams page arrived
2026-08-10 22:30:23,961 | INFO     | ticket.py | get_open_ticket_count | Line 325 | Get open ticket count
2026-08-10 22:30:23,981 | INFO     | customer.py | get_customer_count | Line 98 | get customer count
2026-08-10 22:30:24,095 | INFO     | admin.py | get_all_employees | Line 38 | Admin get all employees page arrived
2026-08-10 22:30:24,106 | INFO     | admin.py | get_all_teams | Line 62 | Admin get all teams page arrived
2026-08-10 22:30:24,113 | INFO     | ticket.py | get_open_ticket_count | Line 325 | Get open ticket count
2026-08-10 22:30:24,134 | INFO     | customer.py | get_customer_count | Line 98 | get customer count
2026-08-10 22:30:24,312 | INFO     | admin.py | get_all_employees | Line 38 | Admin get all employees page arrived
2026-08-10 22:30:24,326 | INFO     | admin.py | get_all_teams | Line 62 | Admin get all teams page arrived
2026-08-10 22:30:24,335 | INFO     | ticket.py | get_open_ticket_count | Line 325 | Get open ticket count
2026-08-10 22:30:24,365 | INFO     | customer.py | get_customer_count | Line 98 | get customer count
2026-08-10 22:31:14,119 | INFO     | admin.py | get_all_employees | Line 38 | Admin get all employees page arrived
2026-08-10 22:31:14,141 | INFO     | admin.py | get_all_teams | Line 62 | Admin get all teams page arrived
2026-08-10 22:31:14,239 | INFO     | ticket.py | get_open_ticket_count | Line 325 | Get open ticket count
2026-08-10 22:31:14,568 | INFO     | customer.py | get_customer_count | Line 98 | get customer count
2026-08-10 22:31:17,986 | INFO     | admin.py | get_all_employees | Line 38 | Admin get all employees page arrived
2026-08-10 22:31:18,004 | INFO     | admin.py | get_all_teams | Line 62 | Admin get all teams page arrived
2026-08-10 22:31:18,027 | INFO     | ticket.py | get_open_ticket_count | Line 325 | Get open ticket count
2026-08-10 22:31:18,077 | INFO     | customer.py | get_customer_count | Line 98 | get customer count
2026-08-10 22:31:18,197 | INFO     | admin.py | change_employee_status | Line 331 | Admin change employee status requested for ID: 9
2026-08-10 22:31:18,254 | INFO     | admin.py | change_employee_status | Line 346 | Employee 9 status changed to False
2026-08-10 22:31:18,369 | INFO     | admin.py | get_all_employees | Line 38 | Admin get all employees page arrived
2026-08-10 22:31:18,378 | INFO     | admin.py | get_all_teams | Line 62 | Admin get all teams page arrived
2026-08-10 22:31:18,385 | INFO     | ticket.py | get_open_ticket_count | Line 325 | Get open ticket count
2026-08-10 22:31:18,411 | INFO     | customer.py | get_customer_count | Line 98 | get customer count
2026-08-10 22:31:20,846 | INFO     | admin.py | get_all_employees | Line 38 | Admin get all employees page arrived
2026-08-10 22:31:20,856 | INFO     | admin.py | get_all_teams | Line 62 | Admin get all teams page arrived
2026-08-10 22:31:20,864 | INFO     | ticket.py | get_open_ticket_count | Line 325 | Get open ticket count
2026-08-10 22:31:20,885 | INFO     | customer.py | get_customer_count | Line 98 | get customer count
2026-08-10 22:31:20,953 | INFO     | admin.py | change_employee_status | Line 331 | Admin change employee status requested for ID: 9
2026-08-10 22:31:20,966 | INFO     | admin.py | change_employee_status | Line 346 | Employee 9 status changed to True
2026-08-10 22:31:21,079 | INFO     | admin.py | get_all_employees | Line 38 | Admin get all employees page arrived
2026-08-10 22:31:21,088 | INFO     | admin.py | get_all_teams | Line 62 | Admin get all teams page arrived
2026-08-10 22:31:21,095 | INFO     | ticket.py | get_open_ticket_count | Line 325 | Get open ticket count
2026-08-10 22:31:21,115 | INFO     | customer.py | get_customer_count | Line 98 | get customer count
2026-08-10 22:31:23,995 | INFO     | admin.py | get_all_employees | Line 38 | Admin get all employees page arrived
2026-08-10 22:31:24,005 | INFO     | admin.py | get_all_teams | Line 62 | Admin get all teams page arrived
2026-08-10 22:31:24,015 | INFO     | ticket.py | get_open_ticket_count | Line 325 | Get open ticket count
2026-08-10 22:31:24,038 | INFO     | customer.py | get_customer_count | Line 98 | get customer count
2026-08-10 22:31:24,097 | INFO     | admin.py | change_employee_status | Line 331 | Admin change employee status requested for ID: 9
2026-08-10 22:31:24,106 | INFO     | admin.py | change_employee_status | Line 346 | Employee 9 status changed to False
2026-08-10 22:31:24,217 | INFO     | admin.py | get_all_employees | Line 38 | Admin get all employees page arrived
2026-08-10 22:31:24,228 | INFO     | admin.py | get_all_teams | Line 62 | Admin get all teams page arrived
2026-08-10 22:31:24,236 | INFO     | ticket.py | get_open_ticket_count | Line 325 | Get open ticket count
2026-08-10 22:31:24,267 | INFO     | customer.py | get_customer_count | Line 98 | get customer count
2026-08-10 22:31:33,710 | INFO     | admin.py | get_all_employees | Line 38 | Admin get all employees page arrived
2026-08-10 22:31:33,719 | INFO     | admin.py | get_all_teams | Line 62 | Admin get all teams page arrived
2026-08-10 22:31:33,727 | INFO     | ticket.py | get_open_ticket_count | Line 325 | Get open ticket count
2026-08-10 22:31:33,753 | INFO     | customer.py | get_customer_count | Line 98 | get customer count
2026-08-10 22:31:36,321 | INFO     | admin.py | get_all_employees | Line 38 | Admin get all employees page arrived
2026-08-10 22:31:36,333 | INFO     | admin.py | get_all_teams | Line 62 | Admin get all teams page arrived
2026-08-10 22:31:36,342 | INFO     | ticket.py | get_open_ticket_count | Line 325 | Get open ticket count
2026-08-10 22:31:36,362 | INFO     | customer.py | get_customer_count | Line 98 | get customer count
2026-08-10 22:31:37,559 | INFO     | admin.py | get_all_employees | Line 38 | Admin get all employees page arrived
2026-08-10 22:31:37,568 | INFO     | admin.py | get_all_teams | Line 62 | Admin get all teams page arrived
2026-08-10 22:31:37,574 | INFO     | ticket.py | get_open_ticket_count | Line 325 | Get open ticket count
2026-08-10 22:31:37,592 | INFO     | customer.py | get_customer_count | Line 98 | get customer count
2026-08-10 22:31:38,775 | INFO     | admin.py | get_all_employees | Line 38 | Admin get all employees page arrived
2026-08-10 22:31:38,784 | INFO     | admin.py | get_all_teams | Line 62 | Admin get all teams page arrived
2026-08-10 22:31:38,791 | INFO     | ticket.py | get_open_ticket_count | Line 325 | Get open ticket count
2026-08-10 22:31:38,809 | INFO     | customer.py | get_customer_count | Line 98 | get customer count
2026-08-10 22:31:39,188 | INFO     | admin.py | get_all_employees | Line 38 | Admin get all employees page arrived
2026-08-10 22:31:39,198 | INFO     | admin.py | get_all_teams | Line 62 | Admin get all teams page arrived
2026-08-10 22:31:39,204 | INFO     | ticket.py | get_open_ticket_count | Line 325 | Get open ticket count
2026-08-10 22:31:39,225 | INFO     | customer.py | get_customer_count | Line 98 | get customer count
2026-08-10 22:31:39,462 | INFO     | admin.py | get_all_employees | Line 38 | Admin get all employees page arrived
2026-08-10 22:31:39,472 | INFO     | admin.py | get_all_teams | Line 62 | Admin get all teams page arrived
2026-08-10 22:31:39,480 | INFO     | ticket.py | get_open_ticket_count | Line 325 | Get open ticket count
2026-08-10 22:31:39,497 | INFO     | customer.py | get_customer_count | Line 98 | get customer count
2026-08-10 22:31:39,660 | INFO     | admin.py | get_all_employees | Line 38 | Admin get all employees page arrived
2026-08-10 22:31:39,676 | INFO     | admin.py | get_all_teams | Line 62 | Admin get all teams page arrived
2026-08-10 22:31:39,685 | INFO     | ticket.py | get_open_ticket_count | Line 325 | Get open ticket count
2026-08-10 22:31:39,710 | INFO     | customer.py | get_customer_count | Line 98 | get customer count
2026-08-10 22:31:39,814 | INFO     | admin.py | get_all_employees | Line 38 | Admin get all employees page arrived
2026-08-10 22:31:39,827 | INFO     | admin.py | get_all_teams | Line 62 | Admin get all teams page arrived
2026-08-10 22:31:39,834 | INFO     | ticket.py | get_open_ticket_count | Line 325 | Get open ticket count
2026-08-10 22:31:39,859 | INFO     | customer.py | get_customer_count | Line 98 | get customer count
2026-08-10 22:31:40,009 | INFO     | admin.py | get_all_employees | Line 38 | Admin get all employees page arrived
2026-08-10 22:31:40,026 | INFO     | admin.py | get_all_teams | Line 62 | Admin get all teams page arrived
2026-08-10 22:31:40,034 | INFO     | ticket.py | get_open_ticket_count | Line 325 | Get open ticket count
2026-08-10 22:31:40,056 | INFO     | customer.py | get_customer_count | Line 98 | get customer count
2026-08-10 22:31:43,601 | INFO     | admin.py | get_all_employees | Line 38 | Admin get all employees page arrived
2026-08-10 22:31:43,610 | INFO     | admin.py | get_all_teams | Line 62 | Admin get all teams page arrived
2026-08-10 22:31:43,617 | INFO     | ticket.py | get_open_ticket_count | Line 325 | Get open ticket count
2026-08-10 22:31:43,641 | INFO     | customer.py | get_customer_count | Line 98 | get customer count
2026-08-10 22:31:44,991 | INFO     | admin.py | get_all_employees | Line 38 | Admin get all employees page arrived
2026-08-10 22:31:44,999 | INFO     | admin.py | get_all_teams | Line 62 | Admin get all teams page arrived
2026-08-10 22:31:45,006 | INFO     | ticket.py | get_open_ticket_count | Line 325 | Get open ticket count
2026-08-10 22:31:45,024 | INFO     | customer.py | get_customer_count | Line 98 | get customer count
2026-08-10 22:31:45,957 | INFO     | admin.py | get_all_employees | Line 38 | Admin get all employees page arrived
2026-08-10 22:31:45,965 | INFO     | admin.py | get_all_teams | Line 62 | Admin get all teams page arrived
2026-08-10 22:31:45,972 | INFO     | ticket.py | get_open_ticket_count | Line 325 | Get open ticket count
2026-08-10 22:31:45,997 | INFO     | customer.py | get_customer_count | Line 98 | get customer count
2026-08-10 22:31:46,493 | INFO     | admin.py | get_all_employees | Line 38 | Admin get all employees page arrived
2026-08-10 22:31:46,503 | INFO     | admin.py | get_all_teams | Line 62 | Admin get all teams page arrived
2026-08-10 22:31:46,509 | INFO     | ticket.py | get_open_ticket_count | Line 325 | Get open ticket count
2026-08-10 22:31:46,536 | INFO     | customer.py | get_customer_count | Line 98 | get customer count
2026-08-10 22:31:47,859 | INFO     | admin.py | get_all_employees | Line 38 | Admin get all employees page arrived
2026-08-10 22:31:47,872 | INFO     | admin.py | get_all_teams | Line 62 | Admin get all teams page arrived
2026-08-10 22:31:47,881 | INFO     | ticket.py | get_open_ticket_count | Line 325 | Get open ticket count
2026-08-10 22:31:47,909 | INFO     | customer.py | get_customer_count | Line 98 | get customer count
2026-08-10 22:31:47,978 | INFO     | admin.py | change_employee_status | Line 331 | Admin change employee status requested for ID: 9
2026-08-10 22:31:47,987 | INFO     | admin.py | change_employee_status | Line 346 | Employee 9 status changed to True
2026-08-10 22:31:48,077 | INFO     | admin.py | get_all_employees | Line 38 | Admin get all employees page arrived
2026-08-10 22:31:48,091 | INFO     | admin.py | get_all_teams | Line 62 | Admin get all teams page arrived
2026-08-10 22:31:48,099 | INFO     | ticket.py | get_open_ticket_count | Line 325 | Get open ticket count
2026-08-10 22:31:48,116 | INFO     | customer.py | get_customer_count | Line 98 | get customer count
2026-08-10 22:33:26,718 | INFO     | admin.py | get_all_employees | Line 38 | Admin get all employees page arrived
2026-08-10 22:33:26,736 | INFO     | admin.py | get_all_teams | Line 62 | Admin get all teams page arrived
2026-08-10 22:33:26,744 | INFO     | ticket.py | get_open_ticket_count | Line 325 | Get open ticket count
2026-08-10 22:33:26,766 | INFO     | customer.py | get_customer_count | Line 98 | get customer count
2026-08-10 22:33:27,704 | INFO     | admin.py | get_all_employees | Line 38 | Admin get all employees page arrived
2026-08-10 22:33:27,712 | INFO     | admin.py | get_all_teams | Line 62 | Admin get all teams page arrived
2026-08-10 22:33:27,717 | INFO     | ticket.py | get_open_ticket_count | Line 325 | Get open ticket count
2026-08-10 22:33:27,743 | INFO     | customer.py | get_customer_count | Line 98 | get customer count
2026-08-10 22:33:40,433 | INFO     | admin.py | get_all_employees | Line 38 | Admin get all employees page arrived
2026-08-10 22:33:40,445 | INFO     | admin.py | get_all_teams | Line 62 | Admin get all teams page arrived
2026-08-10 22:33:40,453 | INFO     | ticket.py | get_open_ticket_count | Line 325 | Get open ticket count
2026-08-10 22:33:40,482 | INFO     | customer.py | get_customer_count | Line 98 | get customer count
2026-08-10 22:33:41,579 | INFO     | admin.py | get_all_employees | Line 38 | Admin get all employees page arrived
2026-08-10 22:33:41,589 | INFO     | admin.py | get_all_teams | Line 62 | Admin get all teams page arrived
2026-08-10 22:33:41,596 | INFO     | ticket.py | get_open_ticket_count | Line 325 | Get open ticket count
2026-08-10 22:33:41,627 | INFO     | customer.py | get_customer_count | Line 98 | get customer count
2026-08-10 22:34:21,781 | INFO     | admin.py | get_all_employees | Line 38 | Admin get all employees page arrived
2026-08-10 22:34:21,791 | INFO     | admin.py | get_all_teams | Line 62 | Admin get all teams page arrived
2026-08-10 22:34:21,798 | INFO     | ticket.py | get_open_ticket_count | Line 325 | Get open ticket count
2026-08-10 22:34:21,823 | INFO     | customer.py | get_customer_count | Line 98 | get customer count
2026-08-10 22:34:21,924 | INFO     | admin.py | change_employee_status | Line 331 | Admin change employee status requested for ID: 15
2026-08-10 22:34:21,933 | INFO     | admin.py | change_employee_status | Line 346 | Employee 15 status changed to False
2026-08-10 22:34:22,047 | INFO     | admin.py | get_all_employees | Line 38 | Admin get all employees page arrived
2026-08-10 22:34:22,057 | INFO     | admin.py | get_all_teams | Line 62 | Admin get all teams page arrived
2026-08-10 22:34:22,063 | INFO     | ticket.py | get_open_ticket_count | Line 325 | Get open ticket count
2026-08-10 22:34:22,085 | INFO     | customer.py | get_customer_count | Line 98 | get customer count
2026-08-10 22:34:23,342 | INFO     | admin.py | get_all_employees | Line 38 | Admin get all employees page arrived
2026-08-10 22:34:23,350 | INFO     | admin.py | get_all_teams | Line 62 | Admin get all teams page arrived
2026-08-10 22:34:23,357 | INFO     | ticket.py | get_open_ticket_count | Line 325 | Get open ticket count
2026-08-10 22:34:23,376 | INFO     | customer.py | get_customer_count | Line 98 | get customer count
2026-08-10 22:34:23,474 | INFO     | admin.py | change_employee_status | Line 331 | Admin change employee status requested for ID: 15
2026-08-10 22:34:23,486 | INFO     | admin.py | change_employee_status | Line 346 | Employee 15 status changed to True
2026-08-10 22:34:23,584 | INFO     | admin.py | get_all_employees | Line 38 | Admin get all employees page arrived
2026-08-10 22:34:23,595 | INFO     | admin.py | get_all_teams | Line 62 | Admin get all teams page arrived
2026-08-10 22:34:23,601 | INFO     | ticket.py | get_open_ticket_count | Line 325 | Get open ticket count
2026-08-10 22:34:23,621 | INFO     | customer.py | get_customer_count | Line 98 | get customer count
2026-08-10 22:35:23,941 | INFO     | admin.py | get_all_employees | Line 38 | Admin get all employees page arrived
2026-08-10 22:35:23,954 | INFO     | admin.py | get_all_teams | Line 62 | Admin get all teams page arrived
2026-08-10 22:35:23,962 | INFO     | ticket.py | get_open_ticket_count | Line 325 | Get open ticket count
2026-08-10 22:35:23,981 | INFO     | customer.py | get_customer_count | Line 98 | get customer count
2026-08-10 22:35:31,459 | INFO     | admin.py | get_all_employees | Line 38 | Admin get all employees page arrived
2026-08-10 22:35:31,470 | INFO     | admin.py | get_all_teams | Line 62 | Admin get all teams page arrived
2026-08-10 22:35:31,478 | INFO     | ticket.py | get_open_ticket_count | Line 325 | Get open ticket count
2026-08-10 22:35:31,503 | INFO     | customer.py | get_customer_count | Line 98 | get customer count
2026-08-10 22:35:40,859 | INFO     | admin.py | get_all_employees | Line 38 | Admin get all employees page arrived
2026-08-10 22:35:40,868 | INFO     | admin.py | get_all_teams | Line 62 | Admin get all teams page arrived
2026-08-10 22:35:40,875 | INFO     | ticket.py | get_open_ticket_count | Line 325 | Get open ticket count
2026-08-10 22:35:40,903 | INFO     | customer.py | get_customer_count | Line 98 | get customer count
2026-08-10 22:35:45,108 | INFO     | admin.py | get_all_employees | Line 38 | Admin get all employees page arrived
2026-08-10 22:35:45,116 | INFO     | admin.py | get_all_teams | Line 62 | Admin get all teams page arrived
2026-08-10 22:35:45,122 | INFO     | ticket.py | get_open_ticket_count | Line 325 | Get open ticket count
2026-08-10 22:35:45,145 | INFO     | customer.py | get_customer_count | Line 98 | get customer count
2026-08-10 22:35:49,069 | INFO     | admin.py | get_all_employees | Line 38 | Admin get all employees page arrived
2026-08-10 22:35:49,077 | INFO     | admin.py | get_all_teams | Line 62 | Admin get all teams page arrived
2026-08-10 22:35:49,083 | INFO     | ticket.py | get_open_ticket_count | Line 325 | Get open ticket count
2026-08-10 22:35:49,110 | INFO     | customer.py | get_customer_count | Line 98 | get customer count
2026-08-10 22:35:55,228 | INFO     | admin.py | get_all_employees | Line 38 | Admin get all employees page arrived
2026-08-10 22:35:55,238 | INFO     | admin.py | get_all_teams | Line 62 | Admin get all teams page arrived
2026-08-10 22:35:55,244 | INFO     | ticket.py | get_open_ticket_count | Line 325 | Get open ticket count
2026-08-10 22:35:55,275 | INFO     | customer.py | get_customer_count | Line 98 | get customer count
2026-08-10 22:36:29,073 | INFO     | admin.py | get_all_employees | Line 38 | Admin get all employees page arrived
2026-08-10 22:36:29,087 | INFO     | admin.py | get_all_teams | Line 62 | Admin get all teams page arrived
2026-08-10 22:36:29,096 | INFO     | ticket.py | get_open_ticket_count | Line 325 | Get open ticket count
2026-08-10 22:36:29,122 | INFO     | customer.py | get_customer_count | Line 98 | get customer count
2026-08-10 22:36:29,174 | INFO     | admin.py | create_employee | Line 96 | Admin create employee page arrived
2026-08-10 22:36:29,308 | INFO     | admin.py | get_all_employees | Line 38 | Admin get all employees page arrived
2026-08-10 22:36:29,320 | INFO     | admin.py | get_all_teams | Line 62 | Admin get all teams page arrived
2026-08-10 22:36:29,327 | INFO     | ticket.py | get_open_ticket_count | Line 325 | Get open ticket count
2026-08-10 22:36:29,354 | INFO     | customer.py | get_customer_count | Line 98 | get customer count
2026-08-10 22:36:36,653 | INFO     | admin.py | get_all_employees | Line 38 | Admin get all employees page arrived
2026-08-10 22:36:36,663 | INFO     | admin.py | get_all_teams | Line 62 | Admin get all teams page arrived
2026-08-10 22:36:36,672 | INFO     | ticket.py | get_open_ticket_count | Line 325 | Get open ticket count
2026-08-10 22:36:36,691 | INFO     | customer.py | get_customer_count | Line 98 | get customer count
2026-08-10 22:36:44,035 | INFO     | admin.py | get_all_employees | Line 38 | Admin get all employees page arrived
2026-08-10 22:36:44,044 | INFO     | admin.py | get_all_teams | Line 62 | Admin get all teams page arrived
2026-08-10 22:36:44,051 | INFO     | ticket.py | get_open_ticket_count | Line 325 | Get open ticket count
2026-08-10 22:36:44,074 | INFO     | customer.py | get_customer_count | Line 98 | get customer count
2026-08-10 22:36:45,503 | INFO     | admin.py | get_all_employees | Line 38 | Admin get all employees page arrived
2026-08-10 22:36:45,511 | INFO     | admin.py | get_all_teams | Line 62 | Admin get all teams page arrived
2026-08-10 22:36:45,519 | INFO     | ticket.py | get_open_ticket_count | Line 325 | Get open ticket count
2026-08-10 22:36:45,540 | INFO     | customer.py | get_customer_count | Line 98 | get customer count
2026-08-10 22:36:50,671 | INFO     | admin.py | get_all_employees | Line 38 | Admin get all employees page arrived
2026-08-10 22:36:50,681 | INFO     | admin.py | get_all_teams | Line 62 | Admin get all teams page arrived
2026-08-10 22:36:50,689 | INFO     | ticket.py | get_open_ticket_count | Line 325 | Get open ticket count
2026-08-10 22:36:50,711 | INFO     | customer.py | get_customer_count | Line 98 | get customer count
2026-08-10 22:36:58,359 | INFO     | auth.py | login | Line 53 | Login post page arrived
2026-08-10 22:36:58,521 | INFO     | ticket.py | get_assigned_tickets | Line 47 | Admin get assigned tickets page arrived
2026-08-10 22:37:08,897 | INFO     | ticket.py | get_assigned_tickets | Line 47 | Admin get assigned tickets page arrived
2026-08-10 22:37:16,245 | INFO     | auth.py | login | Line 53 | Login post page arrived
2026-08-10 22:37:16,362 | INFO     | ticket.py | get_team_open_tickets | Line 81 | Admin get team open tickets page arrived
2026-08-10 22:37:16,386 | INFO     | ticket.py | get_assigned_tickets | Line 47 | Admin get assigned tickets page arrived
2026-08-10 22:38:30,901 | INFO     | ticket.py | get_team_open_tickets | Line 81 | Admin get team open tickets page arrived
2026-08-10 22:38:30,912 | INFO     | ticket.py | get_assigned_tickets | Line 47 | Admin get assigned tickets page arrived
2026-08-10 22:38:35,483 | INFO     | ticket.py | get_team_open_tickets | Line 81 | Admin get team open tickets page arrived
2026-08-10 22:38:35,491 | INFO     | ticket.py | get_assigned_tickets | Line 47 | Admin get assigned tickets page arrived
2026-08-10 22:38:36,907 | INFO     | ticket.py | get_team_open_tickets | Line 81 | Admin get team open tickets page arrived
2026-08-10 22:38:36,916 | INFO     | ticket.py | get_assigned_tickets | Line 47 | Admin get assigned tickets page arrived
2026-08-10 22:38:37,898 | INFO     | ticket.py | get_team_open_tickets | Line 81 | Admin get team open tickets page arrived
2026-08-10 22:38:37,906 | INFO     | ticket.py | get_assigned_tickets | Line 47 | Admin get assigned tickets page arrived
2026-08-10 22:38:41,197 | INFO     | ticket.py | get_team_open_tickets | Line 81 | Admin get team open tickets page arrived
2026-08-10 22:38:41,206 | INFO     | ticket.py | get_assigned_tickets | Line 47 | Admin get assigned tickets page arrived
2026-08-11 20:39:41,630 | INFO     | auth.py | login | Line 53 | Login post page arrived
2026-08-11 20:39:46,256 | INFO     | admin.py | get_all_employees | Line 38 | Admin get all employees page arrived
2026-08-11 20:39:46,270 | INFO     | admin.py | get_all_teams | Line 74 | Admin get all teams page arrived
2026-08-11 20:39:46,315 | INFO     | ticket.py | get_open_ticket_count | Line 325 | Get open ticket count
2026-08-11 20:39:46,384 | INFO     | customer.py | get_customer_count | Line 98 | get customer count
2026-08-11 21:50:51,993 | INFO     | admin.py | get_all_employees | Line 38 | Admin get all employees page arrived
2026-08-11 21:50:52,056 | INFO     | admin.py | get_all_teams | Line 74 | Admin get all teams page arrived
2026-08-11 21:50:52,071 | INFO     | ticket.py | get_open_ticket_count | Line 325 | Get open ticket count
2026-08-11 21:50:52,179 | INFO     | customer.py | get_customer_count | Line 98 | get customer count
2026-08-11 22:27:33,165 | INFO     | auth.py | login | Line 53 | Login post page arrived
2026-08-11 22:27:33,354 | INFO     | admin.py | get_all_employees | Line 38 | Admin get all employees page arrived
2026-08-11 22:27:33,382 | INFO     | admin.py | get_all_teams | Line 74 | Admin get all teams page arrived
2026-08-11 22:27:33,394 | INFO     | ticket.py | get_open_ticket_count | Line 325 | Get open ticket count
2026-08-11 22:27:33,423 | INFO     | customer.py | get_customer_count | Line 98 | get customer count
2026-08-11 22:41:53,221 | INFO     | auth.py | login | Line 53 | Login post page arrived
2026-08-11 22:41:53,379 | INFO     | admin.py | get_all_employees | Line 38 | Admin get all employees page arrived
2026-08-11 22:41:53,401 | INFO     | admin.py | get_all_teams | Line 74 | Admin get all teams page arrived
2026-08-11 22:41:53,410 | INFO     | ticket.py | get_open_ticket_count | Line 325 | Get open ticket count
2026-08-11 22:41:53,445 | INFO     | customer.py | get_customer_count | Line 98 | get customer count
2026-08-11 22:41:56,987 | INFO     | admin.py | get_all_employees | Line 38 | Admin get all employees page arrived
2026-08-11 22:41:56,998 | INFO     | admin.py | get_all_teams | Line 74 | Admin get all teams page arrived
2026-08-11 22:41:57,007 | INFO     | ticket.py | get_open_ticket_count | Line 325 | Get open ticket count
2026-08-11 22:41:57,036 | INFO     | customer.py | get_customer_count | Line 98 | get customer count
2026-08-11 22:42:04,714 | INFO     | admin.py | get_all_employees | Line 38 | Admin get all employees page arrived
2026-08-11 22:42:04,745 | INFO     | admin.py | get_all_teams | Line 74 | Admin get all teams page arrived
2026-08-11 22:42:04,754 | INFO     | ticket.py | get_open_ticket_count | Line 325 | Get open ticket count
2026-08-11 22:42:04,791 | INFO     | customer.py | get_customer_count | Line 98 | get customer count
2026-08-11 22:42:06,653 | INFO     | admin.py | get_all_employees | Line 38 | Admin get all employees page arrived
2026-08-11 22:42:06,663 | INFO     | admin.py | get_all_teams | Line 74 | Admin get all teams page arrived
2026-08-11 22:42:06,671 | INFO     | ticket.py | get_open_ticket_count | Line 325 | Get open ticket count
2026-08-11 22:42:06,710 | INFO     | customer.py | get_customer_count | Line 98 | get customer count
2026-08-11 22:42:06,898 | INFO     | support_agent.py | all_tickets | Line 289 | GET all support tickets page arrived
2026-08-11 22:42:13,533 | INFO     | admin.py | get_all_employees | Line 38 | Admin get all employees page arrived
2026-08-11 22:42:13,543 | INFO     | admin.py | get_all_teams | Line 74 | Admin get all teams page arrived
2026-08-11 22:42:13,551 | INFO     | ticket.py | get_open_ticket_count | Line 325 | Get open ticket count
2026-08-11 22:42:13,579 | INFO     | customer.py | get_customer_count | Line 98 | get customer count
2026-08-11 22:42:16,083 | INFO     | admin.py | get_all_employees | Line 38 | Admin get all employees page arrived
2026-08-11 22:42:16,094 | INFO     | admin.py | get_all_teams | Line 74 | Admin get all teams page arrived
2026-08-11 22:42:16,107 | INFO     | ticket.py | get_open_ticket_count | Line 325 | Get open ticket count
2026-08-11 22:42:16,125 | INFO     | customer.py | get_customer_count | Line 98 | get customer count
2026-08-11 22:42:22,818 | INFO     | admin.py | get_all_employees | Line 38 | Admin get all employees page arrived
2026-08-11 22:42:22,831 | INFO     | admin.py | get_all_teams | Line 74 | Admin get all teams page arrived
2026-08-11 22:42:22,837 | INFO     | ticket.py | get_open_ticket_count | Line 325 | Get open ticket count
2026-08-11 22:42:22,863 | INFO     | customer.py | get_customer_count | Line 98 | get customer count
2026-08-11 22:42:27,920 | INFO     | admin.py | get_all_employees | Line 38 | Admin get all employees page arrived
2026-08-11 22:42:27,931 | INFO     | admin.py | get_all_teams | Line 74 | Admin get all teams page arrived
2026-08-11 22:42:27,939 | INFO     | ticket.py | get_open_ticket_count | Line 325 | Get open ticket count
2026-08-11 22:42:27,962 | INFO     | customer.py | get_customer_count | Line 98 | get customer count
2026-08-11 22:42:28,013 | INFO     | support_agent.py | all_tickets | Line 289 | GET all support tickets page arrived
2026-08-11 22:42:29,187 | INFO     | admin.py | get_all_employees | Line 38 | Admin get all employees page arrived
2026-08-11 22:42:29,195 | INFO     | admin.py | get_all_teams | Line 74 | Admin get all teams page arrived
2026-08-11 22:42:29,200 | INFO     | ticket.py | get_open_ticket_count | Line 325 | Get open ticket count
2026-08-11 22:42:29,225 | INFO     | customer.py | get_customer_count | Line 98 | get customer count
2026-08-11 22:42:29,279 | INFO     | support_agent.py | all_tickets | Line 289 | GET all support tickets page arrived
2026-08-11 22:42:45,491 | INFO     | auth.py | login | Line 53 | Login post page arrived
2026-08-11 22:42:45,636 | INFO     | customer.py | get_all_teams | Line 126 | customer get all teams page arrived
2026-08-11 22:42:45,655 | INFO     | ticket.py | get_customer_tickets | Line 115 | Admin get customer tickets page arrived
2026-08-11 22:43:05,366 | INFO     | customer.py | get_all_teams | Line 126 | customer get all teams page arrived
2026-08-11 22:43:05,377 | INFO     | ticket.py | get_customer_tickets | Line 115 | Admin get customer tickets page arrived
2026-08-11 22:43:07,606 | INFO     | customer.py | get_all_teams | Line 126 | customer get all teams page arrived
2026-08-11 22:43:07,616 | INFO     | ticket.py | get_customer_tickets | Line 115 | Admin get customer tickets page arrived
2026-08-11 22:43:08,795 | INFO     | customer.py | get_all_teams | Line 126 | customer get all teams page arrived
2026-08-11 22:43:08,805 | INFO     | ticket.py | get_customer_tickets | Line 115 | Admin get customer tickets page arrived
2026-08-11 22:43:12,781 | INFO     | customer.py | get_all_teams | Line 126 | customer get all teams page arrived
2026-08-11 22:43:12,790 | INFO     | ticket.py | get_customer_tickets | Line 115 | Admin get customer tickets page arrived
2026-08-11 22:43:15,453 | INFO     | customer.py | get_all_teams | Line 126 | customer get all teams page arrived
2026-08-11 22:43:15,464 | INFO     | ticket.py | get_customer_tickets | Line 115 | Admin get customer tickets page arrived
2026-08-11 22:43:24,201 | INFO     | auth.py | login | Line 53 | Login post page arrived
2026-08-11 22:43:24,303 | INFO     | ticket.py | get_team_open_tickets | Line 81 | Admin get team open tickets page arrived
2026-08-11 22:43:24,323 | INFO     | ticket.py | get_assigned_tickets | Line 47 | Admin get assigned tickets page arrived
2026-08-11 22:43:24,345 | INFO     | support_agent.py | get_teams | Line 38 | All teams get pages arrived
2026-08-11 22:43:24,363 | INFO     | support_agent.py | my_support_tickets | Line 254 | GET all support tickets page arrived
2026-08-11 22:44:45,037 | INFO     | ticket.py | get_team_open_tickets | Line 81 | Admin get team open tickets page arrived
2026-08-11 22:44:45,044 | INFO     | ticket.py | get_assigned_tickets | Line 47 | Admin get assigned tickets page arrived
2026-08-11 22:44:45,060 | INFO     | support_agent.py | get_teams | Line 38 | All teams get pages arrived
2026-08-11 22:44:45,073 | INFO     | support_agent.py | my_support_tickets | Line 254 | GET all support tickets page arrived
2026-08-11 22:44:46,386 | INFO     | ticket.py | get_team_open_tickets | Line 81 | Admin get team open tickets page arrived
2026-08-11 22:44:46,393 | INFO     | ticket.py | get_assigned_tickets | Line 47 | Admin get assigned tickets page arrived
2026-08-11 22:44:46,409 | INFO     | support_agent.py | get_teams | Line 38 | All teams get pages arrived
2026-08-11 22:44:46,418 | INFO     | support_agent.py | my_support_tickets | Line 254 | GET all support tickets page arrived
2026-08-12 20:33:33,451 | INFO     | auth.py | login | Line 53 | Login post page arrived
2026-08-12 20:33:40,701 | INFO     | ticket.py | get_assigned_tickets | Line 47 | Admin get assigned tickets page arrived
2026-08-12 20:33:40,786 | INFO     | support_agent.py | get_teams | Line 38 | All teams get pages arrived
2026-08-12 20:33:40,842 | INFO     | support_agent.py | my_support_tickets | Line 254 | GET all support tickets page arrived
2026-08-12 20:34:04,900 | INFO     | ticket.py | get_assigned_tickets | Line 47 | Admin get assigned tickets page arrived
2026-08-12 20:34:04,917 | INFO     | support_agent.py | get_teams | Line 38 | All teams get pages arrived
2026-08-12 20:34:04,945 | INFO     | support_agent.py | my_support_tickets | Line 254 | GET all support tickets page arrived
2026-08-12 21:14:58,849 | INFO     | auth.py | login | Line 53 | Login post page arrived
2026-08-12 21:15:00,298 | INFO     | admin.py | get_all_employees | Line 38 | Admin get all employees page arrived
2026-08-12 21:15:00,318 | INFO     | admin.py | get_all_teams | Line 74 | Admin get all teams page arrived
2026-08-12 21:15:00,336 | INFO     | ticket.py | get_open_ticket_count | Line 321 | Get open ticket count
2026-08-12 21:15:00,452 | INFO     | customer.py | get_customer_count | Line 98 | get customer count
2026-08-12 21:15:25,709 | INFO     | admin.py | get_all_employees | Line 38 | Admin get all employees page arrived
2026-08-12 21:15:25,719 | INFO     | admin.py | get_all_teams | Line 74 | Admin get all teams page arrived
2026-08-12 21:15:25,726 | INFO     | ticket.py | get_open_ticket_count | Line 321 | Get open ticket count
2026-08-12 21:15:25,751 | INFO     | customer.py | get_customer_count | Line 98 | get customer count
2026-08-12 21:15:34,925 | INFO     | admin.py | get_all_employees | Line 38 | Admin get all employees page arrived
2026-08-12 21:15:34,936 | INFO     | admin.py | get_all_teams | Line 74 | Admin get all teams page arrived
2026-08-12 21:15:34,944 | INFO     | ticket.py | get_open_ticket_count | Line 321 | Get open ticket count
2026-08-12 21:15:34,970 | INFO     | customer.py | get_customer_count | Line 98 | get customer count
2026-08-12 21:15:36,037 | INFO     | admin.py | get_all_employees | Line 38 | Admin get all employees page arrived
2026-08-12 21:15:36,049 | INFO     | admin.py | get_all_teams | Line 74 | Admin get all teams page arrived
2026-08-12 21:15:36,056 | INFO     | ticket.py | get_open_ticket_count | Line 321 | Get open ticket count
2026-08-12 21:15:36,085 | INFO     | customer.py | get_customer_count | Line 98 | get customer count
2026-08-12 21:15:36,167 | INFO     | admin.py | change_employee_status | Line 343 | Admin change employee status requested for ID: 9
2026-08-12 21:15:36,210 | INFO     | admin.py | change_employee_status | Line 358 | Employee 9 status changed to False
2026-08-12 21:15:36,302 | INFO     | admin.py | get_all_employees | Line 38 | Admin get all employees page arrived
2026-08-12 21:15:36,316 | INFO     | admin.py | get_all_teams | Line 74 | Admin get all teams page arrived
2026-08-12 21:15:36,324 | INFO     | ticket.py | get_open_ticket_count | Line 321 | Get open ticket count
2026-08-12 21:15:36,345 | INFO     | customer.py | get_customer_count | Line 98 | get customer count
2026-08-12 21:15:37,633 | INFO     | admin.py | get_all_employees | Line 38 | Admin get all employees page arrived
2026-08-12 21:15:37,643 | INFO     | admin.py | get_all_teams | Line 74 | Admin get all teams page arrived
2026-08-12 21:15:37,649 | INFO     | ticket.py | get_open_ticket_count | Line 321 | Get open ticket count
2026-08-12 21:15:37,670 | INFO     | customer.py | get_customer_count | Line 98 | get customer count
2026-08-12 21:15:37,733 | INFO     | admin.py | change_employee_status | Line 343 | Admin change employee status requested for ID: 9
2026-08-12 21:15:37,746 | INFO     | admin.py | change_employee_status | Line 358 | Employee 9 status changed to True
2026-08-12 21:15:37,843 | INFO     | admin.py | get_all_employees | Line 38 | Admin get all employees page arrived
2026-08-12 21:15:37,856 | INFO     | admin.py | get_all_teams | Line 74 | Admin get all teams page arrived
2026-08-12 21:15:37,864 | INFO     | ticket.py | get_open_ticket_count | Line 321 | Get open ticket count
2026-08-12 21:15:37,896 | INFO     | customer.py | get_customer_count | Line 98 | get customer count
2026-08-12 21:15:41,338 | INFO     | admin.py | get_all_employees | Line 38 | Admin get all employees page arrived
2026-08-12 21:15:41,347 | INFO     | admin.py | get_all_teams | Line 74 | Admin get all teams page arrived
2026-08-12 21:15:41,353 | INFO     | ticket.py | get_open_ticket_count | Line 321 | Get open ticket count
2026-08-12 21:15:41,375 | INFO     | customer.py | get_customer_count | Line 98 | get customer count
2026-08-12 21:15:52,395 | INFO     | admin.py | get_all_employees | Line 38 | Admin get all employees page arrived
2026-08-12 21:15:52,408 | INFO     | admin.py | get_all_teams | Line 74 | Admin get all teams page arrived
2026-08-12 21:15:52,414 | INFO     | ticket.py | get_open_ticket_count | Line 321 | Get open ticket count
2026-08-12 21:15:52,436 | INFO     | customer.py | get_customer_count | Line 98 | get customer count
2026-08-12 21:15:52,491 | INFO     | support_agent.py | all_tickets | Line 289 | GET all support tickets page arrived
2026-08-12 21:15:58,966 | INFO     | admin.py | get_all_employees | Line 38 | Admin get all employees page arrived
2026-08-12 21:15:58,984 | INFO     | admin.py | get_all_teams | Line 74 | Admin get all teams page arrived
2026-08-12 21:15:58,993 | INFO     | ticket.py | get_open_ticket_count | Line 321 | Get open ticket count
2026-08-12 21:15:59,019 | INFO     | customer.py | get_customer_count | Line 98 | get customer count
2026-08-12 21:16:06,099 | INFO     | admin.py | get_all_employees | Line 38 | Admin get all employees page arrived
2026-08-12 21:16:06,119 | INFO     | admin.py | get_all_teams | Line 74 | Admin get all teams page arrived
2026-08-12 21:16:06,131 | INFO     | ticket.py | get_open_ticket_count | Line 321 | Get open ticket count
2026-08-12 21:16:06,166 | INFO     | customer.py | get_customer_count | Line 98 | get customer count
2026-08-12 21:19:04,212 | INFO     | admin.py | get_all_employees | Line 38 | Admin get all employees page arrived
2026-08-12 21:19:04,225 | INFO     | admin.py | get_all_teams | Line 74 | Admin get all teams page arrived
2026-08-12 21:19:04,234 | INFO     | ticket.py | get_open_ticket_count | Line 321 | Get open ticket count
2026-08-12 21:19:04,261 | INFO     | customer.py | get_customer_count | Line 98 | get customer count
2026-08-12 21:19:04,324 | INFO     | admin.py | create_employee | Line 108 | Admin create employee page arrived
2026-08-12 21:19:04,457 | INFO     | admin.py | get_all_employees | Line 38 | Admin get all employees page arrived
2026-08-12 21:19:04,471 | INFO     | admin.py | get_all_teams | Line 74 | Admin get all teams page arrived
2026-08-12 21:19:04,479 | INFO     | ticket.py | get_open_ticket_count | Line 321 | Get open ticket count
2026-08-12 21:19:04,503 | INFO     | customer.py | get_customer_count | Line 98 | get customer count
2026-08-12 21:19:09,406 | INFO     | admin.py | get_all_employees | Line 38 | Admin get all employees page arrived
2026-08-12 21:19:09,415 | INFO     | admin.py | get_all_teams | Line 74 | Admin get all teams page arrived
2026-08-12 21:19:09,421 | INFO     | ticket.py | get_open_ticket_count | Line 321 | Get open ticket count
2026-08-12 21:19:09,449 | INFO     | customer.py | get_customer_count | Line 98 | get customer count
2026-08-12 21:19:16,566 | INFO     | admin.py | get_all_employees | Line 38 | Admin get all employees page arrived
2026-08-12 21:19:16,579 | INFO     | admin.py | get_all_teams | Line 74 | Admin get all teams page arrived
2026-08-12 21:19:16,587 | INFO     | ticket.py | get_open_ticket_count | Line 321 | Get open ticket count
2026-08-12 21:19:16,616 | INFO     | customer.py | get_customer_count | Line 98 | get customer count
2026-08-12 21:19:19,004 | INFO     | admin.py | get_all_employees | Line 38 | Admin get all employees page arrived
2026-08-12 21:19:19,019 | INFO     | admin.py | get_all_teams | Line 74 | Admin get all teams page arrived
2026-08-12 21:19:19,027 | INFO     | ticket.py | get_open_ticket_count | Line 321 | Get open ticket count
2026-08-12 21:19:19,052 | INFO     | customer.py | get_customer_count | Line 98 | get customer count
2026-08-12 21:19:20,309 | INFO     | admin.py | get_all_employees | Line 38 | Admin get all employees page arrived
2026-08-12 21:19:20,323 | INFO     | admin.py | get_all_teams | Line 74 | Admin get all teams page arrived
2026-08-12 21:19:20,330 | INFO     | ticket.py | get_open_ticket_count | Line 321 | Get open ticket count
2026-08-12 21:19:20,363 | INFO     | customer.py | get_customer_count | Line 98 | get customer count
2026-08-12 21:19:45,172 | INFO     | admin.py | get_all_employees | Line 38 | Admin get all employees page arrived
2026-08-12 21:19:45,184 | INFO     | admin.py | get_all_teams | Line 74 | Admin get all teams page arrived
2026-08-12 21:19:45,191 | INFO     | ticket.py | get_open_ticket_count | Line 321 | Get open ticket count
2026-08-12 21:19:45,233 | INFO     | customer.py | get_customer_count | Line 98 | get customer count
2026-08-12 21:20:12,059 | INFO     | admin.py | get_all_employees | Line 38 | Admin get all employees page arrived
2026-08-12 21:20:12,071 | INFO     | admin.py | get_all_teams | Line 74 | Admin get all teams page arrived
2026-08-12 21:20:12,079 | INFO     | ticket.py | get_open_ticket_count | Line 321 | Get open ticket count
2026-08-12 21:20:12,105 | INFO     | customer.py | get_customer_count | Line 98 | get customer count
2026-08-12 21:20:12,298 | INFO     | admin.py | get_all_employees | Line 38 | Admin get all employees page arrived
2026-08-12 21:20:12,312 | INFO     | admin.py | get_all_teams | Line 74 | Admin get all teams page arrived
2026-08-12 21:20:12,325 | INFO     | ticket.py | get_open_ticket_count | Line 321 | Get open ticket count
2026-08-12 21:20:12,347 | INFO     | customer.py | get_customer_count | Line 98 | get customer count
2026-08-12 21:20:12,401 | INFO     | admin.py | add_team | Line 168 | Admin add team page arrived
2026-08-12 21:20:12,521 | INFO     | admin.py | get_all_employees | Line 38 | Admin get all employees page arrived
2026-08-12 21:20:12,535 | INFO     | admin.py | get_all_teams | Line 74 | Admin get all teams page arrived
2026-08-12 21:20:12,547 | INFO     | ticket.py | get_open_ticket_count | Line 321 | Get open ticket count
2026-08-12 21:20:12,573 | INFO     | customer.py | get_customer_count | Line 98 | get customer count
2026-08-12 21:20:15,227 | INFO     | admin.py | get_all_employees | Line 38 | Admin get all employees page arrived
2026-08-12 21:20:15,239 | INFO     | admin.py | get_all_teams | Line 74 | Admin get all teams page arrived
2026-08-12 21:20:15,247 | INFO     | ticket.py | get_open_ticket_count | Line 321 | Get open ticket count
2026-08-12 21:20:15,274 | INFO     | customer.py | get_customer_count | Line 98 | get customer count
2026-08-12 21:20:20,531 | INFO     | admin.py | get_all_employees | Line 38 | Admin get all employees page arrived
2026-08-12 21:20:20,544 | INFO     | admin.py | get_all_teams | Line 74 | Admin get all teams page arrived
2026-08-12 21:20:20,552 | INFO     | ticket.py | get_open_ticket_count | Line 321 | Get open ticket count
2026-08-12 21:20:20,572 | INFO     | customer.py | get_customer_count | Line 98 | get customer count
2026-08-12 21:20:21,689 | INFO     | admin.py | get_all_employees | Line 38 | Admin get all employees page arrived
2026-08-12 21:20:21,698 | INFO     | admin.py | get_all_teams | Line 74 | Admin get all teams page arrived
2026-08-12 21:20:21,704 | INFO     | ticket.py | get_open_ticket_count | Line 321 | Get open ticket count
2026-08-12 21:20:21,728 | INFO     | customer.py | get_customer_count | Line 98 | get customer count
2026-08-12 21:20:23,665 | INFO     | admin.py | get_all_employees | Line 38 | Admin get all employees page arrived
2026-08-12 21:20:23,675 | INFO     | admin.py | get_all_teams | Line 74 | Admin get all teams page arrived
2026-08-12 21:20:23,683 | INFO     | ticket.py | get_open_ticket_count | Line 321 | Get open ticket count
2026-08-12 21:20:23,705 | INFO     | customer.py | get_customer_count | Line 98 | get customer count
2026-08-12 21:21:17,684 | INFO     | admin.py | get_all_employees | Line 38 | Admin get all employees page arrived
2026-08-12 21:21:17,695 | INFO     | admin.py | get_all_teams | Line 74 | Admin get all teams page arrived
2026-08-12 21:21:17,702 | INFO     | ticket.py | get_open_ticket_count | Line 321 | Get open ticket count
2026-08-12 21:21:17,728 | INFO     | customer.py | get_customer_count | Line 98 | get customer count
2026-08-12 21:21:17,766 | INFO     | support_agent.py | all_tickets | Line 289 | GET all support tickets page arrived
2026-08-12 21:21:18,870 | INFO     | admin.py | get_all_employees | Line 38 | Admin get all employees page arrived
2026-08-12 21:21:18,882 | INFO     | admin.py | get_all_teams | Line 74 | Admin get all teams page arrived
2026-08-12 21:21:18,890 | INFO     | ticket.py | get_open_ticket_count | Line 321 | Get open ticket count
2026-08-12 21:21:18,913 | INFO     | customer.py | get_customer_count | Line 98 | get customer count
2026-08-12 21:21:18,963 | INFO     | support_agent.py | all_tickets | Line 289 | GET all support tickets page arrived
2026-08-12 21:21:28,793 | INFO     | auth.py | login | Line 53 | Login post page arrived
2026-08-12 21:21:28,943 | INFO     | ticket.py | get_assigned_tickets | Line 43 | Admin get assigned tickets page arrived
2026-08-12 21:21:28,964 | INFO     | support_agent.py | get_teams | Line 38 | All teams get pages arrived
2026-08-12 21:21:28,984 | INFO     | support_agent.py | my_support_tickets | Line 254 | GET all support tickets page arrived
2026-08-12 21:22:19,672 | INFO     | ticket.py | get_assigned_tickets | Line 43 | Admin get assigned tickets page arrived
2026-08-12 21:22:19,685 | INFO     | support_agent.py | get_teams | Line 38 | All teams get pages arrived
2026-08-12 21:22:19,860 | INFO     | ticket.py | get_assigned_tickets | Line 43 | Admin get assigned tickets page arrived
2026-08-12 21:22:19,873 | INFO     | support_agent.py | get_teams | Line 38 | All teams get pages arrived
2026-08-12 21:22:19,887 | INFO     | support_agent.py | my_support_tickets | Line 254 | GET all support tickets page arrived
2026-08-12 21:22:28,907 | INFO     | ticket.py | get_assigned_tickets | Line 43 | Admin get assigned tickets page arrived
2026-08-12 21:22:28,917 | INFO     | support_agent.py | get_teams | Line 38 | All teams get pages arrived
2026-08-12 21:22:28,933 | INFO     | support_agent.py | my_support_tickets | Line 254 | GET all support tickets page arrived
2026-08-12 21:22:46,163 | INFO     | auth.py | login | Line 53 | Login post page arrived
2026-08-12 21:22:46,303 | INFO     | ticket.py | get_assigned_tickets | Line 43 | Admin get assigned tickets page arrived
2026-08-12 21:22:46,314 | INFO     | support_agent.py | get_teams | Line 38 | All teams get pages arrived
2026-08-12 21:22:46,326 | INFO     | support_agent.py | my_support_tickets | Line 254 | GET all support tickets page arrived
2026-08-12 21:28:45,955 | INFO     | main.py | home | Line 28 | Home page arrived
2026-08-12 21:28:56,641 | INFO     | auth.py | login | Line 53 | Login post page arrived
2026-08-12 21:28:56,973 | INFO     | ticket.py | get_assigned_tickets | Line 43 | Admin get assigned tickets page arrived
2026-08-12 21:28:56,997 | INFO     | support_agent.py | get_teams | Line 38 | All teams get pages arrived
2026-08-12 21:28:57,012 | INFO     | support_agent.py | my_support_tickets | Line 254 | GET all support tickets page arrived
2026-08-12 21:29:53,200 | INFO     | main.py | home | Line 28 | Home page arrived
2026-08-12 21:30:02,358 | INFO     | auth.py | login | Line 53 | Login post page arrived
2026-08-12 21:30:02,641 | INFO     | ticket.py | get_assigned_tickets | Line 43 | Admin get assigned tickets page arrived
2026-08-12 21:30:02,664 | INFO     | support_agent.py | get_teams | Line 38 | All teams get pages arrived
2026-08-12 21:30:02,680 | INFO     | support_agent.py | my_support_tickets | Line 254 | GET all support tickets page arrived
2026-08-12 21:35:49,038 | INFO     | auth.py | login | Line 53 | Login post page arrived
2026-08-12 21:35:51,437 | INFO     | admin.py | get_all_employees | Line 38 | Admin get all employees page arrived
2026-08-12 21:35:51,667 | INFO     | admin.py | get_all_teams | Line 74 | Admin get all teams page arrived
2026-08-12 21:35:51,707 | INFO     | ticket.py | get_open_ticket_count | Line 321 | Get open ticket count
2026-08-12 21:35:52,123 | INFO     | customer.py | get_customer_count | Line 98 | get customer count
2026-08-12 21:35:59,448 | INFO     | admin.py | get_all_employees | Line 38 | Admin get all employees page arrived
2026-08-12 21:35:59,458 | INFO     | admin.py | get_all_teams | Line 74 | Admin get all teams page arrived
2026-08-12 21:35:59,465 | INFO     | ticket.py | get_open_ticket_count | Line 321 | Get open ticket count
2026-08-12 21:35:59,488 | INFO     | customer.py | get_customer_count | Line 98 | get customer count
2026-08-12 21:36:25,384 | INFO     | admin.py | get_all_employees | Line 38 | Admin get all employees page arrived
2026-08-12 21:36:25,399 | INFO     | admin.py | get_all_teams | Line 74 | Admin get all teams page arrived
2026-08-12 21:36:25,408 | INFO     | ticket.py | get_open_ticket_count | Line 321 | Get open ticket count
2026-08-12 21:36:25,430 | INFO     | customer.py | get_customer_count | Line 98 | get customer count
2026-08-12 21:36:26,793 | INFO     | admin.py | get_all_employees | Line 38 | Admin get all employees page arrived
2026-08-12 21:36:26,807 | INFO     | admin.py | get_all_teams | Line 74 | Admin get all teams page arrived
2026-08-12 21:36:26,815 | INFO     | ticket.py | get_open_ticket_count | Line 321 | Get open ticket count
2026-08-12 21:36:26,838 | INFO     | customer.py | get_customer_count | Line 98 | get customer count
2026-08-12 21:36:27,731 | INFO     | admin.py | get_all_employees | Line 38 | Admin get all employees page arrived
2026-08-12 21:36:27,751 | INFO     | admin.py | get_all_teams | Line 74 | Admin get all teams page arrived
2026-08-12 21:36:27,760 | INFO     | ticket.py | get_open_ticket_count | Line 321 | Get open ticket count
2026-08-12 21:36:27,790 | INFO     | customer.py | get_customer_count | Line 98 | get customer count
2026-08-12 21:36:29,374 | INFO     | admin.py | get_all_employees | Line 38 | Admin get all employees page arrived
2026-08-12 21:36:29,428 | INFO     | admin.py | get_all_employees | Line 38 | Admin get all employees page arrived
2026-08-12 21:36:29,432 | INFO     | admin.py | get_all_employees | Line 38 | Admin get all employees page arrived
2026-08-12 21:36:29,432 | INFO     | admin.py | get_all_employees | Line 38 | Admin get all employees page arrived
2026-08-12 21:36:29,433 | INFO     | admin.py | get_all_employees | Line 38 | Admin get all employees page arrived
2026-08-12 21:36:29,547 | INFO     | admin.py | get_all_teams | Line 74 | Admin get all teams page arrived
2026-08-12 21:36:29,556 | INFO     | ticket.py | get_open_ticket_count | Line 321 | Get open ticket count
2026-08-12 21:36:29,588 | INFO     | customer.py | get_customer_count | Line 98 | get customer count
2026-08-12 21:37:09,373 | INFO     | admin.py | get_all_employees | Line 38 | Admin get all employees page arrived
2026-08-12 21:37:09,384 | INFO     | admin.py | get_all_teams | Line 74 | Admin get all teams page arrived
2026-08-12 21:37:09,393 | INFO     | ticket.py | get_open_ticket_count | Line 321 | Get open ticket count
2026-08-12 21:37:09,416 | INFO     | customer.py | get_customer_count | Line 98 | get customer count
2026-08-12 21:37:11,598 | INFO     | admin.py | get_all_employees | Line 38 | Admin get all employees page arrived
2026-08-12 21:37:11,610 | INFO     | admin.py | get_all_teams | Line 74 | Admin get all teams page arrived
2026-08-12 21:37:11,618 | INFO     | ticket.py | get_open_ticket_count | Line 321 | Get open ticket count
2026-08-12 21:37:11,648 | INFO     | customer.py | get_customer_count | Line 98 | get customer count
2026-08-12 21:37:12,558 | INFO     | admin.py | get_all_employees | Line 38 | Admin get all employees page arrived
2026-08-12 21:37:12,570 | INFO     | admin.py | get_all_teams | Line 74 | Admin get all teams page arrived
2026-08-12 21:37:12,579 | INFO     | ticket.py | get_open_ticket_count | Line 321 | Get open ticket count
2026-08-12 21:37:12,601 | INFO     | customer.py | get_customer_count | Line 98 | get customer count
2026-08-12 21:37:12,846 | INFO     | admin.py | get_all_employees | Line 38 | Admin get all employees page arrived
2026-08-12 21:37:12,859 | INFO     | admin.py | get_all_teams | Line 74 | Admin get all teams page arrived
2026-08-12 21:37:12,869 | INFO     | ticket.py | get_open_ticket_count | Line 321 | Get open ticket count
2026-08-12 21:37:12,890 | INFO     | customer.py | get_customer_count | Line 98 | get customer count
2026-08-12 21:37:13,137 | INFO     | admin.py | get_all_employees | Line 38 | Admin get all employees page arrived
2026-08-12 21:37:13,154 | INFO     | admin.py | get_all_teams | Line 74 | Admin get all teams page arrived
2026-08-12 21:37:13,167 | INFO     | ticket.py | get_open_ticket_count | Line 321 | Get open ticket count
2026-08-12 21:37:13,205 | INFO     | customer.py | get_customer_count | Line 98 | get customer count
2026-08-12 21:37:13,603 | INFO     | admin.py | get_all_employees | Line 38 | Admin get all employees page arrived
2026-08-12 21:37:13,621 | INFO     | admin.py | get_all_teams | Line 74 | Admin get all teams page arrived
2026-08-12 21:37:13,631 | INFO     | ticket.py | get_open_ticket_count | Line 321 | Get open ticket count
2026-08-12 21:37:13,670 | INFO     | customer.py | get_customer_count | Line 98 | get customer count
2026-08-12 21:37:13,858 | INFO     | admin.py | get_all_employees | Line 38 | Admin get all employees page arrived
2026-08-12 21:37:13,877 | INFO     | admin.py | get_all_teams | Line 74 | Admin get all teams page arrived
2026-08-12 21:37:13,892 | INFO     | ticket.py | get_open_ticket_count | Line 321 | Get open ticket count
2026-08-12 21:37:13,936 | INFO     | customer.py | get_customer_count | Line 98 | get customer count
2026-08-12 21:37:34,579 | INFO     | admin.py | get_all_employees | Line 38 | Admin get all employees page arrived
2026-08-12 21:37:34,593 | INFO     | admin.py | get_all_teams | Line 74 | Admin get all teams page arrived
2026-08-12 21:37:34,601 | INFO     | ticket.py | get_open_ticket_count | Line 321 | Get open ticket count
2026-08-12 21:37:34,625 | INFO     | customer.py | get_customer_count | Line 98 | get customer count
2026-08-12 21:37:35,658 | INFO     | admin.py | get_all_employees | Line 38 | Admin get all employees page arrived
2026-08-12 21:37:35,670 | INFO     | admin.py | get_all_teams | Line 74 | Admin get all teams page arrived
2026-08-12 21:37:35,678 | INFO     | ticket.py | get_open_ticket_count | Line 321 | Get open ticket count
2026-08-12 21:37:35,703 | INFO     | customer.py | get_customer_count | Line 98 | get customer count
2026-08-12 21:43:27,446 | INFO     | auth.py | login | Line 53 | Login post page arrived
2026-08-12 21:44:58,611 | INFO     | admin.py | get_all_employees | Line 38 | Admin get all employees page arrived
2026-08-12 21:44:58,632 | INFO     | admin.py | get_all_teams | Line 102 | Admin get all teams page arrived
2026-08-12 21:44:58,649 | INFO     | ticket.py | get_open_ticket_count | Line 321 | Get open ticket count
2026-08-12 21:44:58,717 | INFO     | customer.py | get_customer_count | Line 98 | get customer count
2026-08-12 21:45:03,245 | INFO     | admin.py | get_all_employees | Line 38 | Admin get all employees page arrived
2026-08-12 21:45:03,254 | INFO     | admin.py | get_all_teams | Line 102 | Admin get all teams page arrived
2026-08-12 21:45:03,261 | INFO     | ticket.py | get_open_ticket_count | Line 321 | Get open ticket count
2026-08-12 21:45:03,280 | INFO     | customer.py | get_customer_count | Line 98 | get customer count
2026-08-12 21:45:10,253 | INFO     | admin.py | get_all_employees | Line 38 | Admin get all employees page arrived
2026-08-12 21:45:10,274 | INFO     | admin.py | get_all_teams | Line 102 | Admin get all teams page arrived
2026-08-12 21:45:10,285 | INFO     | ticket.py | get_open_ticket_count | Line 321 | Get open ticket count
2026-08-12 21:45:10,311 | INFO     | customer.py | get_customer_count | Line 98 | get customer count
2026-08-12 21:45:11,144 | INFO     | admin.py | get_all_employees | Line 38 | Admin get all employees page arrived
2026-08-12 21:45:11,157 | INFO     | admin.py | get_all_teams | Line 102 | Admin get all teams page arrived
2026-08-12 21:45:11,163 | INFO     | ticket.py | get_open_ticket_count | Line 321 | Get open ticket count
2026-08-12 21:45:11,187 | INFO     | customer.py | get_customer_count | Line 98 | get customer count
2026-08-12 21:45:11,367 | INFO     | admin.py | assign_team | Line 233 | Assign team requested for employee ID: 24
2026-08-12 21:45:11,424 | INFO     | admin.py | assign_team | Line 290 | Employee 24 assigned to team 11
2026-08-12 21:45:11,519 | INFO     | admin.py | get_all_employees | Line 38 | Admin get all employees page arrived
2026-08-12 21:45:11,533 | INFO     | admin.py | get_all_teams | Line 102 | Admin get all teams page arrived
2026-08-12 21:45:11,544 | INFO     | ticket.py | get_open_ticket_count | Line 321 | Get open ticket count
2026-08-12 21:45:11,570 | INFO     | customer.py | get_customer_count | Line 98 | get customer count
2026-08-12 21:45:35,678 | INFO     | admin.py | get_all_employees | Line 38 | Admin get all employees page arrived
2026-08-12 21:45:35,690 | INFO     | admin.py | get_all_teams | Line 102 | Admin get all teams page arrived
2026-08-12 21:45:35,697 | INFO     | ticket.py | get_open_ticket_count | Line 321 | Get open ticket count
2026-08-12 21:45:35,719 | INFO     | customer.py | get_customer_count | Line 98 | get customer count
2026-08-12 21:45:39,570 | INFO     | admin.py | get_all_employees | Line 38 | Admin get all employees page arrived
2026-08-12 21:45:39,582 | INFO     | admin.py | get_all_teams | Line 102 | Admin get all teams page arrived
2026-08-12 21:45:39,590 | INFO     | ticket.py | get_open_ticket_count | Line 321 | Get open ticket count
2026-08-12 21:45:39,611 | INFO     | customer.py | get_customer_count | Line 98 | get customer count
2026-08-12 21:45:40,512 | INFO     | admin.py | get_all_employees | Line 38 | Admin get all employees page arrived
2026-08-12 21:45:40,523 | INFO     | admin.py | get_all_teams | Line 102 | Admin get all teams page arrived
2026-08-12 21:45:40,530 | INFO     | ticket.py | get_open_ticket_count | Line 321 | Get open ticket count
2026-08-12 21:45:40,557 | INFO     | customer.py | get_customer_count | Line 98 | get customer count
2026-08-12 21:45:40,715 | INFO     | admin.py | assign_team | Line 233 | Assign team requested for employee ID: 23
2026-08-12 21:45:40,730 | INFO     | admin.py | assign_team | Line 290 | Employee 23 assigned to team 10
2026-08-12 21:45:40,832 | INFO     | admin.py | get_all_employees | Line 38 | Admin get all employees page arrived
2026-08-12 21:45:40,843 | INFO     | admin.py | get_all_teams | Line 102 | Admin get all teams page arrived
2026-08-12 21:45:40,851 | INFO     | ticket.py | get_open_ticket_count | Line 321 | Get open ticket count
2026-08-12 21:45:40,873 | INFO     | customer.py | get_customer_count | Line 98 | get customer count
2026-08-12 21:45:42,398 | INFO     | admin.py | get_all_employees | Line 38 | Admin get all employees page arrived
2026-08-12 21:45:42,408 | INFO     | admin.py | get_all_teams | Line 102 | Admin get all teams page arrived
2026-08-12 21:45:42,415 | INFO     | ticket.py | get_open_ticket_count | Line 321 | Get open ticket count
2026-08-12 21:45:42,444 | INFO     | customer.py | get_customer_count | Line 98 | get customer count
2026-08-12 21:45:57,018 | INFO     | auth.py | login | Line 53 | Login post page arrived
2026-08-12 21:45:57,171 | INFO     | ticket.py | get_team_open_tickets | Line 77 | Admin get team open tickets page arrived
2026-08-12 21:45:57,191 | INFO     | ticket.py | get_assigned_tickets | Line 43 | Admin get assigned tickets page arrived
2026-08-12 21:45:57,212 | INFO     | support_agent.py | get_teams | Line 38 | All teams get pages arrived
2026-08-12 21:45:57,222 | INFO     | support_agent.py | my_support_tickets | Line 254 | GET all support tickets page arrived
2026-08-12 21:46:06,497 | INFO     | ticket.py | get_team_open_tickets | Line 77 | Admin get team open tickets page arrived
2026-08-12 21:46:06,507 | INFO     | ticket.py | get_assigned_tickets | Line 43 | Admin get assigned tickets page arrived
2026-08-12 21:46:06,520 | INFO     | support_agent.py | get_teams | Line 38 | All teams get pages arrived
2026-08-12 21:46:06,539 | INFO     | support_agent.py | my_support_tickets | Line 254 | GET all support tickets page arrived
2026-08-12 21:47:43,614 | INFO     | auth.py | login | Line 53 | Login post page arrived
2026-08-12 21:47:43,822 | INFO     | customer.py | get_all_teams | Line 126 | customer get all teams page arrived
2026-08-12 21:47:43,845 | INFO     | ticket.py | get_customer_tickets | Line 111 | Admin get customer tickets page arrived
2026-08-12 21:48:10,275 | INFO     | customer.py | get_all_teams | Line 126 | customer get all teams page arrived
2026-08-12 21:48:10,410 | INFO     | customer.py | get_all_teams | Line 126 | customer get all teams page arrived
2026-08-12 21:48:10,421 | INFO     | ticket.py | get_customer_tickets | Line 111 | Admin get customer tickets page arrived
2026-08-12 21:48:41,020 | INFO     | customer.py | get_all_teams | Line 126 | customer get all teams page arrived
2026-08-12 21:48:41,034 | INFO     | ticket.py | get_customer_tickets | Line 111 | Admin get customer tickets page arrived
2026-08-12 21:48:52,259 | INFO     | auth.py | login | Line 53 | Login post page arrived
2026-08-12 21:48:52,411 | INFO     | ticket.py | get_team_open_tickets | Line 77 | Admin get team open tickets page arrived
2026-08-12 21:48:52,426 | INFO     | ticket.py | get_assigned_tickets | Line 43 | Admin get assigned tickets page arrived
2026-08-12 21:48:52,441 | INFO     | support_agent.py | get_teams | Line 38 | All teams get pages arrived
2026-08-12 21:48:52,456 | INFO     | support_agent.py | my_support_tickets | Line 254 | GET all support tickets page arrived
2026-08-12 21:48:54,892 | INFO     | ticket.py | get_team_open_tickets | Line 77 | Admin get team open tickets page arrived
2026-08-12 21:48:54,906 | INFO     | ticket.py | accept_ticket | Line 229 | Support agent accept ticket page arrived
2026-08-12 21:48:55,015 | INFO     | ticket.py | get_team_open_tickets | Line 77 | Admin get team open tickets page arrived
2026-08-12 21:48:55,023 | INFO     | ticket.py | get_assigned_tickets | Line 43 | Admin get assigned tickets page arrived
2026-08-12 21:48:55,043 | INFO     | support_agent.py | get_teams | Line 38 | All teams get pages arrived
2026-08-12 21:48:55,053 | INFO     | support_agent.py | my_support_tickets | Line 254 | GET all support tickets page arrived
2026-08-12 21:49:00,641 | INFO     | ticket.py | get_team_open_tickets | Line 77 | Admin get team open tickets page arrived
2026-08-12 21:49:00,649 | INFO     | ticket.py | get_assigned_tickets | Line 43 | Admin get assigned tickets page arrived
2026-08-12 21:49:00,666 | INFO     | ticket.py | close_ticket | Line 277 | Support agent  close ticket page arrived
2026-08-12 21:49:00,762 | INFO     | ticket.py | get_team_open_tickets | Line 77 | Admin get team open tickets page arrived
2026-08-12 21:49:00,770 | INFO     | ticket.py | get_assigned_tickets | Line 43 | Admin get assigned tickets page arrived
2026-08-12 21:49:00,785 | INFO     | support_agent.py | get_teams | Line 38 | All teams get pages arrived
2026-08-12 21:49:00,795 | INFO     | support_agent.py | my_support_tickets | Line 254 | GET all support tickets page arrived
2026-08-12 21:49:05,798 | INFO     | ticket.py | get_team_open_tickets | Line 77 | Admin get team open tickets page arrived
2026-08-12 21:49:05,804 | INFO     | ticket.py | get_assigned_tickets | Line 43 | Admin get assigned tickets page arrived
2026-08-12 21:49:05,816 | INFO     | support_agent.py | get_teams | Line 38 | All teams get pages arrived
2026-08-12 21:49:05,829 | INFO     | support_agent.py | my_support_tickets | Line 254 | GET all support tickets page arrived
2026-08-12 21:51:09,406 | INFO     | auth.py | login | Line 53 | Login post page arrived
2026-08-12 21:51:09,688 | INFO     | admin.py | get_all_employees | Line 38 | Admin get all employees page arrived
2026-08-12 21:51:09,704 | INFO     | admin.py | get_all_teams | Line 102 | Admin get all teams page arrived
2026-08-12 21:51:09,712 | INFO     | ticket.py | get_open_ticket_count | Line 321 | Get open ticket count
2026-08-12 21:51:09,737 | INFO     | customer.py | get_customer_count | Line 98 | get customer count
2026-08-12 21:51:12,682 | INFO     | admin.py | get_all_employees | Line 38 | Admin get all employees page arrived
2026-08-12 21:51:12,694 | INFO     | admin.py | get_all_teams | Line 102 | Admin get all teams page arrived
2026-08-12 21:51:12,700 | INFO     | ticket.py | get_open_ticket_count | Line 321 | Get open ticket count
2026-08-12 21:51:12,724 | INFO     | customer.py | get_customer_count | Line 98 | get customer count
2026-08-12 21:51:37,051 | INFO     | auth.py | login | Line 53 | Login post page arrived
2026-08-12 21:51:37,255 | INFO     | customer.py | get_all_teams | Line 126 | customer get all teams page arrived
2026-08-12 21:51:37,264 | INFO     | ticket.py | get_customer_tickets | Line 111 | Admin get customer tickets page arrived
2026-08-12 21:54:23,572 | INFO     | auth.py | login | Line 53 | Login post page arrived
2026-08-12 21:54:24,770 | INFO     | customer.py | get_all_teams | Line 126 | customer get all teams page arrived
2026-08-12 21:54:24,784 | INFO     | ticket.py | get_customer_tickets | Line 111 | Admin get customer tickets page arrived
2026-08-12 21:54:31,669 | INFO     | customer.py | get_all_teams | Line 126 | customer get all teams page arrived
2026-08-12 21:54:31,677 | INFO     | ticket.py | get_customer_tickets | Line 111 | Admin get customer tickets page arrived
2026-08-12 21:54:39,054 | INFO     | auth.py | login | Line 53 | Login post page arrived
2026-08-12 21:54:39,166 | INFO     | admin.py | get_all_employees | Line 38 | Admin get all employees page arrived
2026-08-12 21:54:39,184 | INFO     | admin.py | get_all_teams | Line 102 | Admin get all teams page arrived
2026-08-12 21:54:39,195 | INFO     | ticket.py | get_open_ticket_count | Line 321 | Get open ticket count
2026-08-12 21:54:39,220 | INFO     | customer.py | get_customer_count | Line 98 | get customer count
2026-08-12 21:54:45,577 | INFO     | admin.py | get_all_employees | Line 38 | Admin get all employees page arrived
2026-08-12 21:54:45,586 | INFO     | admin.py | get_all_teams | Line 102 | Admin get all teams page arrived
2026-08-12 21:54:45,593 | INFO     | ticket.py | get_open_ticket_count | Line 321 | Get open ticket count
2026-08-12 21:54:45,610 | INFO     | customer.py | get_customer_count | Line 98 | get customer count
2026-08-12 21:55:04,742 | INFO     | admin.py | get_all_employees | Line 38 | Admin get all employees page arrived
2026-08-12 21:55:04,752 | INFO     | admin.py | get_all_teams | Line 102 | Admin get all teams page arrived
2026-08-12 21:55:04,758 | INFO     | ticket.py | get_open_ticket_count | Line 321 | Get open ticket count
2026-08-12 21:55:04,783 | INFO     | customer.py | get_customer_count | Line 98 | get customer count
2026-08-12 21:55:12,778 | INFO     | auth.py | login | Line 53 | Login post page arrived
2026-08-12 21:55:12,887 | INFO     | ticket.py | get_team_open_tickets | Line 77 | Admin get team open tickets page arrived
2026-08-12 21:55:12,906 | INFO     | ticket.py | get_assigned_tickets | Line 43 | Admin get assigned tickets page arrived
2026-08-12 21:55:12,923 | INFO     | support_agent.py | get_teams | Line 38 | All teams get pages arrived
2026-08-12 21:55:12,940 | INFO     | support_agent.py | my_support_tickets | Line 254 | GET all support tickets page arrived
2026-08-13 20:25:23,808 | INFO     | auth.py | login | Line 53 | Login post page arrived
2026-08-13 20:25:28,244 | INFO     | admin.py | get_all_employees | Line 38 | Admin get all employees page arrived
2026-08-13 20:25:28,271 | INFO     | admin.py | get_all_teams | Line 102 | Admin get all teams page arrived
2026-08-13 20:25:28,317 | INFO     | ticket.py | get_open_ticket_count | Line 321 | Get open ticket count
2026-08-13 20:25:28,416 | INFO     | customer.py | get_customer_count | Line 98 | get customer count
2026-08-13 20:25:46,971 | INFO     | admin.py | get_all_employees | Line 38 | Admin get all employees page arrived
2026-08-13 20:25:46,989 | INFO     | admin.py | get_all_teams | Line 102 | Admin get all teams page arrived
2026-08-13 20:25:47,001 | INFO     | ticket.py | get_open_ticket_count | Line 321 | Get open ticket count
2026-08-13 20:25:47,034 | INFO     | customer.py | get_customer_count | Line 98 | get customer count
2026-08-13 20:25:50,484 | INFO     | admin.py | get_all_employees | Line 38 | Admin get all employees page arrived
2026-08-13 20:25:50,497 | INFO     | admin.py | get_all_teams | Line 102 | Admin get all teams page arrived
2026-08-13 20:25:50,503 | INFO     | ticket.py | get_open_ticket_count | Line 321 | Get open ticket count
2026-08-13 20:25:50,530 | INFO     | customer.py | get_customer_count | Line 98 | get customer count
2026-08-13 20:25:59,798 | INFO     | admin.py | get_all_employees | Line 38 | Admin get all employees page arrived
2026-08-13 20:25:59,811 | INFO     | admin.py | get_all_teams | Line 102 | Admin get all teams page arrived
2026-08-13 20:25:59,819 | INFO     | ticket.py | get_open_ticket_count | Line 321 | Get open ticket count
2026-08-13 20:25:59,845 | INFO     | customer.py | get_customer_count | Line 98 | get customer count
2026-08-13 20:25:59,919 | INFO     | support_agent.py | all_tickets | Line 289 | GET all support tickets page arrived
2026-08-13 20:26:05,234 | INFO     | admin.py | get_all_employees | Line 38 | Admin get all employees page arrived
2026-08-13 20:26:05,244 | INFO     | admin.py | get_all_teams | Line 102 | Admin get all teams page arrived
2026-08-13 20:26:05,251 | INFO     | ticket.py | get_open_ticket_count | Line 321 | Get open ticket count
2026-08-13 20:26:05,273 | INFO     | customer.py | get_customer_count | Line 98 | get customer count
2026-08-13 20:30:17,471 | INFO     | admin.py | get_all_employees | Line 38 | Admin get all employees page arrived
2026-08-13 20:30:17,482 | INFO     | admin.py | get_all_teams | Line 102 | Admin get all teams page arrived
2026-08-13 20:30:17,490 | INFO     | ticket.py | get_open_ticket_count | Line 321 | Get open ticket count
2026-08-13 20:30:17,518 | INFO     | customer.py | get_customer_count | Line 98 | get customer count
2026-08-13 20:30:24,417 | INFO     | admin.py | get_all_employees | Line 38 | Admin get all employees page arrived
2026-08-13 20:30:24,429 | INFO     | admin.py | get_all_teams | Line 102 | Admin get all teams page arrived
2026-08-13 20:30:24,436 | INFO     | ticket.py | get_open_ticket_count | Line 321 | Get open ticket count
2026-08-13 20:30:24,463 | INFO     | customer.py | get_customer_count | Line 98 | get customer count
2026-08-13 20:30:26,463 | INFO     | admin.py | get_all_employees | Line 38 | Admin get all employees page arrived
2026-08-13 20:30:26,476 | INFO     | admin.py | get_all_teams | Line 102 | Admin get all teams page arrived
2026-08-13 20:30:26,483 | INFO     | ticket.py | get_open_ticket_count | Line 321 | Get open ticket count
2026-08-13 20:30:26,510 | INFO     | customer.py | get_customer_count | Line 98 | get customer count
2026-08-13 20:30:46,740 | INFO     | auth.py | login | Line 53 | Login post page arrived
2026-08-13 20:30:46,869 | INFO     | customer.py | get_all_teams | Line 126 | customer get all teams page arrived
2026-08-13 20:30:46,888 | INFO     | ticket.py | get_customer_tickets | Line 111 | Admin get customer tickets page arrived
2026-08-13 20:31:00,122 | INFO     | customer.py | get_all_teams | Line 126 | customer get all teams page arrived
2026-08-13 20:31:00,133 | INFO     | ticket.py | get_customer_tickets | Line 111 | Admin get customer tickets page arrived
2026-08-13 20:31:12,285 | INFO     | auth.py | login | Line 53 | Login post page arrived
2026-08-13 20:31:12,502 | INFO     | ticket.py | get_team_open_tickets | Line 77 | Admin get team open tickets page arrived
2026-08-13 20:31:12,518 | INFO     | ticket.py | get_assigned_tickets | Line 43 | Admin get assigned tickets page arrived
2026-08-13 20:31:12,540 | INFO     | support_agent.py | get_teams | Line 38 | All teams get pages arrived
2026-08-13 20:31:12,553 | INFO     | support_agent.py | my_support_tickets | Line 254 | GET all support tickets page arrived
2026-08-13 20:37:23,544 | INFO     | ticket.py | get_team_open_tickets | Line 77 | Admin get team open tickets page arrived
2026-08-13 20:37:23,555 | INFO     | ticket.py | get_assigned_tickets | Line 43 | Admin get assigned tickets page arrived
2026-08-13 20:37:23,570 | INFO     | support_agent.py | get_teams | Line 38 | All teams get pages arrived
2026-08-13 20:37:23,582 | INFO     | support_agent.py | my_support_tickets | Line 254 | GET all support tickets page arrived
2026-08-13 20:37:48,340 | INFO     | auth.py | login | Line 53 | Login post page arrived
2026-08-13 20:37:48,555 | INFO     | ticket.py | get_team_open_tickets | Line 77 | Admin get team open tickets page arrived
2026-08-13 20:37:48,568 | INFO     | ticket.py | get_assigned_tickets | Line 43 | Admin get assigned tickets page arrived
2026-08-13 20:37:48,589 | INFO     | support_agent.py | get_teams | Line 38 | All teams get pages arrived
2026-08-13 20:37:48,607 | INFO     | support_agent.py | my_support_tickets | Line 254 | GET all support tickets page arrived
2026-08-13 20:38:22,427 | INFO     | ticket.py | get_team_open_tickets | Line 77 | Admin get team open tickets page arrived
2026-08-13 20:38:22,434 | INFO     | ticket.py | get_assigned_tickets | Line 43 | Admin get assigned tickets page arrived
2026-08-13 20:38:22,445 | INFO     | support_agent.py | get_teams | Line 38 | All teams get pages arrived
2026-08-13 20:38:22,455 | INFO     | support_agent.py | my_support_tickets | Line 254 | GET all support tickets page arrived
2026-08-13 20:38:39,214 | INFO     | auth.py | login | Line 53 | Login post page arrived
2026-08-13 20:38:39,494 | INFO     | customer.py | get_all_teams | Line 126 | customer get all teams page arrived
2026-08-13 20:38:39,506 | INFO     | ticket.py | get_customer_tickets | Line 111 | Admin get customer tickets page arrived
2026-08-13 20:39:11,140 | INFO     | customer.py | get_all_teams | Line 126 | customer get all teams page arrived
2026-08-13 20:39:11,332 | INFO     | customer.py | get_all_teams | Line 126 | customer get all teams page arrived
2026-08-13 20:39:11,344 | INFO     | ticket.py | get_customer_tickets | Line 111 | Admin get customer tickets page arrived
2026-08-13 20:39:38,871 | INFO     | customer.py | get_all_teams | Line 126 | customer get all teams page arrived
2026-08-13 20:39:38,987 | INFO     | customer.py | get_all_teams | Line 126 | customer get all teams page arrived
2026-08-13 20:39:39,004 | INFO     | ticket.py | get_customer_tickets | Line 111 | Admin get customer tickets page arrived
2026-08-13 20:39:42,830 | INFO     | customer.py | get_all_teams | Line 126 | customer get all teams page arrived
2026-08-13 20:39:42,844 | INFO     | ticket.py | get_customer_tickets | Line 111 | Admin get customer tickets page arrived
2026-08-13 20:40:00,861 | INFO     | auth.py | login | Line 53 | Login post page arrived
2026-08-13 20:40:01,175 | INFO     | ticket.py | get_team_open_tickets | Line 77 | Admin get team open tickets page arrived
2026-08-13 20:40:01,189 | INFO     | ticket.py | get_assigned_tickets | Line 43 | Admin get assigned tickets page arrived
2026-08-13 20:40:01,200 | INFO     | support_agent.py | get_teams | Line 38 | All teams get pages arrived
2026-08-13 20:40:01,208 | INFO     | support_agent.py | my_support_tickets | Line 254 | GET all support tickets page arrived
2026-08-13 20:40:04,685 | INFO     | ticket.py | get_team_open_tickets | Line 77 | Admin get team open tickets page arrived
2026-08-13 20:40:04,698 | INFO     | ticket.py | accept_ticket | Line 229 | Support agent accept ticket page arrived
2026-08-13 20:40:04,807 | INFO     | ticket.py | get_team_open_tickets | Line 77 | Admin get team open tickets page arrived
2026-08-13 20:40:04,817 | INFO     | ticket.py | get_assigned_tickets | Line 43 | Admin get assigned tickets page arrived
2026-08-13 20:40:04,831 | INFO     | support_agent.py | get_teams | Line 38 | All teams get pages arrived
2026-08-13 20:40:04,844 | INFO     | support_agent.py | my_support_tickets | Line 254 | GET all support tickets page arrived
2026-08-13 20:43:08,403 | INFO     | main.py | home | Line 28 | Home page arrived
2026-08-13 20:43:19,095 | INFO     | auth.py | login | Line 53 | Login post page arrived
2026-08-13 20:43:19,346 | INFO     | admin.py | get_all_employees | Line 38 | Admin get all employees page arrived
2026-08-13 20:43:19,382 | INFO     | admin.py | get_all_teams | Line 105 | Admin get all teams page arrived
2026-08-13 20:43:19,403 | INFO     | ticket.py | get_open_ticket_count | Line 321 | Get open ticket count
2026-08-13 20:43:19,452 | INFO     | customer.py | get_customer_count | Line 98 | get customer count
2026-08-13 20:43:23,052 | INFO     | admin.py | get_all_employees | Line 38 | Admin get all employees page arrived
2026-08-13 20:43:23,065 | INFO     | admin.py | get_all_teams | Line 105 | Admin get all teams page arrived
2026-08-13 20:43:23,073 | INFO     | ticket.py | get_open_ticket_count | Line 321 | Get open ticket count
2026-08-13 20:43:23,099 | INFO     | customer.py | get_customer_count | Line 98 | get customer count
2026-08-13 20:45:37,614 | INFO     | admin.py | get_all_employees | Line 38 | Admin get all employees page arrived
2026-08-13 20:45:37,654 | INFO     | admin.py | get_all_teams | Line 105 | Admin get all teams page arrived
2026-08-13 20:45:37,671 | INFO     | ticket.py | get_open_ticket_count | Line 321 | Get open ticket count
2026-08-13 20:45:37,740 | INFO     | customer.py | get_customer_count | Line 98 | get customer count
2026-08-13 20:46:39,859 | INFO     | admin.py | get_all_employees | Line 38 | Admin get all employees page arrived
2026-08-13 20:46:39,940 | INFO     | admin.py | get_all_teams | Line 105 | Admin get all teams page arrived
2026-08-13 20:46:39,968 | INFO     | ticket.py | get_open_ticket_count | Line 321 | Get open ticket count
2026-08-13 20:46:40,270 | INFO     | customer.py | get_customer_count | Line 98 | get customer count
2026-08-13 20:46:43,111 | INFO     | admin.py | get_all_employees | Line 38 | Admin get all employees page arrived
2026-08-13 20:46:43,121 | INFO     | admin.py | get_all_teams | Line 105 | Admin get all teams page arrived
2026-08-13 20:46:43,129 | INFO     | ticket.py | get_open_ticket_count | Line 321 | Get open ticket count
2026-08-13 20:46:43,158 | INFO     | customer.py | get_customer_count | Line 98 | get customer count
2026-08-13 20:49:47,512 | INFO     | admin.py | get_all_employees | Line 38 | Admin get all employees page arrived
2026-08-13 20:49:47,528 | INFO     | admin.py | get_all_teams | Line 105 | Admin get all teams page arrived
2026-08-13 20:49:47,535 | INFO     | ticket.py | get_open_ticket_count | Line 321 | Get open ticket count
2026-08-13 20:49:47,557 | INFO     | customer.py | get_customer_count | Line 98 | get customer count
2026-08-13 21:08:28,898 | INFO     | main.py | home | Line 28 | Home page arrived
2026-08-13 21:08:39,381 | INFO     | auth.py | login | Line 53 | Login post page arrived
2026-08-13 21:12:48,804 | INFO     | auth.py | login | Line 53 | Login post page arrived
2026-08-13 21:13:18,080 | INFO     | admin.py | get_all_employees | Line 38 | Admin get all employees page arrived
2026-08-13 21:13:18,100 | INFO     | admin.py | get_all_teams | Line 105 | Admin get all teams page arrived
2026-08-13 21:13:18,115 | INFO     | ticket.py | get_open_ticket_count | Line 321 | Get open ticket count
2026-08-13 21:13:18,170 | INFO     | customer.py | get_customer_count | Line 98 | get customer count
2026-08-13 21:13:21,141 | INFO     | admin.py | get_all_employees | Line 38 | Admin get all employees page arrived
2026-08-13 21:13:21,160 | INFO     | admin.py | get_all_teams | Line 105 | Admin get all teams page arrived
2026-08-13 21:13:21,171 | INFO     | ticket.py | get_open_ticket_count | Line 321 | Get open ticket count
2026-08-13 21:13:21,201 | INFO     | customer.py | get_customer_count | Line 98 | get customer count
2026-08-13 21:49:51,668 | INFO     | auth.py | login | Line 53 | Login post page arrived
2026-08-13 21:49:53,094 | INFO     | admin.py | get_all_employees | Line 38 | Admin get all employees page arrived
2026-08-13 21:49:53,118 | INFO     | admin.py | get_all_teams | Line 105 | Admin get all teams page arrived
2026-08-13 21:49:53,138 | INFO     | ticket.py | get_open_ticket_count | Line 321 | Get open ticket count
2026-08-13 21:49:53,188 | INFO     | customer.py | get_customer_count | Line 98 | get customer count
2026-08-13 21:49:58,635 | INFO     | admin.py | get_all_employees | Line 38 | Admin get all employees page arrived
2026-08-13 21:49:58,659 | INFO     | admin.py | get_all_teams | Line 105 | Admin get all teams page arrived
2026-08-13 21:49:58,671 | INFO     | ticket.py | get_open_ticket_count | Line 321 | Get open ticket count
2026-08-13 21:49:58,729 | INFO     | customer.py | get_customer_count | Line 98 | get customer count
2026-08-13 21:50:02,581 | INFO     | admin.py | get_all_employees | Line 38 | Admin get all employees page arrived
2026-08-13 21:50:02,597 | INFO     | admin.py | get_all_teams | Line 105 | Admin get all teams page arrived
2026-08-13 21:50:02,606 | INFO     | ticket.py | get_open_ticket_count | Line 321 | Get open ticket count
2026-08-13 21:50:02,631 | INFO     | customer.py | get_customer_count | Line 98 | get customer count
2026-08-13 21:50:04,454 | INFO     | admin.py | get_all_employees | Line 38 | Admin get all employees page arrived
2026-08-13 21:50:04,471 | INFO     | admin.py | get_all_teams | Line 105 | Admin get all teams page arrived
2026-08-13 21:50:04,480 | INFO     | ticket.py | get_open_ticket_count | Line 321 | Get open ticket count
2026-08-13 21:50:04,510 | INFO     | customer.py | get_customer_count | Line 98 | get customer count
2026-08-13 21:50:04,567 | INFO     | support_agent.py | all_tickets | Line 289 | GET all support tickets page arrived
2026-08-13 21:50:07,170 | INFO     | admin.py | get_all_employees | Line 38 | Admin get all employees page arrived
2026-08-13 21:50:07,182 | INFO     | admin.py | get_all_teams | Line 105 | Admin get all teams page arrived
2026-08-13 21:50:07,194 | INFO     | ticket.py | get_open_ticket_count | Line 321 | Get open ticket count
2026-08-13 21:50:07,227 | INFO     | customer.py | get_customer_count | Line 98 | get customer count
2026-08-13 21:50:09,128 | INFO     | admin.py | get_all_employees | Line 38 | Admin get all employees page arrived
2026-08-13 21:50:09,151 | INFO     | admin.py | get_all_teams | Line 105 | Admin get all teams page arrived
2026-08-13 21:50:09,172 | INFO     | ticket.py | get_open_ticket_count | Line 321 | Get open ticket count
2026-08-13 21:50:09,216 | INFO     | customer.py | get_customer_count | Line 98 | get customer count
2026-08-13 21:50:14,739 | INFO     | admin.py | get_all_employees | Line 38 | Admin get all employees page arrived
2026-08-13 21:50:14,752 | INFO     | admin.py | get_all_teams | Line 105 | Admin get all teams page arrived
2026-08-13 21:50:14,765 | INFO     | ticket.py | get_open_ticket_count | Line 321 | Get open ticket count
2026-08-13 21:50:14,794 | INFO     | customer.py | get_customer_count | Line 98 | get customer count
2026-08-13 22:01:10,056 | INFO     | admin.py | get_all_employees | Line 38 | Admin get all employees page arrived
2026-08-13 22:01:10,101 | INFO     | admin.py | get_all_teams | Line 105 | Admin get all teams page arrived
2026-08-13 22:01:10,120 | INFO     | ticket.py | get_open_ticket_count | Line 321 | Get open ticket count
2026-08-13 22:01:10,182 | INFO     | customer.py | get_customer_count | Line 98 | get customer count
2026-08-13 22:04:05,207 | INFO     | admin.py | get_all_employees | Line 38 | Admin get all employees page arrived
2026-08-13 22:04:05,228 | INFO     | admin.py | get_all_teams | Line 105 | Admin get all teams page arrived
2026-08-13 22:04:05,247 | INFO     | ticket.py | get_open_ticket_count | Line 321 | Get open ticket count
2026-08-13 22:04:05,378 | INFO     | customer.py | get_customer_count | Line 98 | get customer count
2026-08-13 22:04:07,603 | INFO     | admin.py | get_all_employees | Line 38 | Admin get all employees page arrived
2026-08-13 22:04:07,616 | INFO     | admin.py | get_all_teams | Line 105 | Admin get all teams page arrived
2026-08-13 22:04:07,622 | INFO     | ticket.py | get_open_ticket_count | Line 321 | Get open ticket count
2026-08-13 22:04:07,648 | INFO     | customer.py | get_customer_count | Line 98 | get customer count
2026-08-13 22:04:11,321 | INFO     | admin.py | get_all_employees | Line 38 | Admin get all employees page arrived
2026-08-13 22:04:11,334 | INFO     | admin.py | get_all_teams | Line 105 | Admin get all teams page arrived
2026-08-13 22:04:11,342 | INFO     | ticket.py | get_open_ticket_count | Line 321 | Get open ticket count
2026-08-13 22:04:11,372 | INFO     | customer.py | get_customer_count | Line 98 | get customer count
2026-08-13 22:08:22,787 | INFO     | auth.py | login | Line 53 | Login post page arrived
2026-08-13 22:08:23,019 | INFO     | admin.py | get_all_employees | Line 38 | Admin get all employees page arrived
2026-08-13 22:08:23,040 | INFO     | admin.py | get_all_teams | Line 105 | Admin get all teams page arrived
2026-08-13 22:08:23,051 | INFO     | ticket.py | get_open_ticket_count | Line 321 | Get open ticket count
2026-08-13 22:08:23,084 | INFO     | customer.py | get_customer_count | Line 98 | get customer count
2026-08-13 22:08:27,139 | INFO     | admin.py | get_all_employees | Line 38 | Admin get all employees page arrived
2026-08-13 22:08:27,151 | INFO     | admin.py | get_all_teams | Line 105 | Admin get all teams page arrived
2026-08-13 22:08:27,161 | INFO     | ticket.py | get_open_ticket_count | Line 321 | Get open ticket count
2026-08-13 22:08:27,181 | INFO     | customer.py | get_customer_count | Line 98 | get customer count
2026-08-13 22:08:30,470 | INFO     | admin.py | get_all_employees | Line 38 | Admin get all employees page arrived
2026-08-13 22:08:30,485 | INFO     | admin.py | get_all_teams | Line 105 | Admin get all teams page arrived
2026-08-13 22:08:30,492 | INFO     | ticket.py | get_open_ticket_count | Line 321 | Get open ticket count
2026-08-13 22:08:30,513 | INFO     | customer.py | get_customer_count | Line 98 | get customer count
2026-08-13 22:08:40,928 | INFO     | admin.py | get_all_employees | Line 38 | Admin get all employees page arrived
2026-08-13 22:08:40,938 | INFO     | admin.py | get_all_teams | Line 105 | Admin get all teams page arrived
2026-08-13 22:08:40,944 | INFO     | ticket.py | get_open_ticket_count | Line 321 | Get open ticket count
2026-08-13 22:08:40,969 | INFO     | customer.py | get_customer_count | Line 98 | get customer count
2026-08-13 22:08:41,755 | INFO     | admin.py | get_all_employees | Line 38 | Admin get all employees page arrived
2026-08-13 22:08:41,767 | INFO     | admin.py | get_all_teams | Line 105 | Admin get all teams page arrived
2026-08-13 22:08:41,772 | INFO     | ticket.py | get_open_ticket_count | Line 321 | Get open ticket count
2026-08-13 22:08:41,795 | INFO     | customer.py | get_customer_count | Line 98 | get customer count
2026-08-13 22:08:44,568 | INFO     | admin.py | get_all_employees | Line 38 | Admin get all employees page arrived
2026-08-13 22:08:44,579 | INFO     | admin.py | get_all_teams | Line 105 | Admin get all teams page arrived
2026-08-13 22:08:44,587 | INFO     | ticket.py | get_open_ticket_count | Line 321 | Get open ticket count
2026-08-13 22:08:44,611 | INFO     | customer.py | get_customer_count | Line 98 | get customer count
2026-08-13 22:08:47,164 | INFO     | admin.py | get_all_employees | Line 38 | Admin get all employees page arrived
2026-08-13 22:08:47,172 | INFO     | admin.py | get_all_teams | Line 105 | Admin get all teams page arrived
2026-08-13 22:08:47,179 | INFO     | ticket.py | get_open_ticket_count | Line 321 | Get open ticket count
2026-08-13 22:08:47,199 | INFO     | customer.py | get_customer_count | Line 98 | get customer count
2026-08-13 22:10:33,554 | INFO     | auth.py | login | Line 53 | Login post page arrived
2026-08-13 22:10:33,694 | INFO     | admin.py | get_all_employees | Line 38 | Admin get all employees page arrived
2026-08-13 22:10:33,716 | INFO     | admin.py | get_all_teams | Line 105 | Admin get all teams page arrived
2026-08-13 22:10:33,724 | INFO     | ticket.py | get_open_ticket_count | Line 321 | Get open ticket count
2026-08-13 22:10:33,753 | INFO     | customer.py | get_customer_count | Line 98 | get customer count
2026-08-13 22:10:37,588 | INFO     | admin.py | get_all_employees | Line 38 | Admin get all employees page arrived
2026-08-13 22:10:37,601 | INFO     | admin.py | get_all_teams | Line 105 | Admin get all teams page arrived
2026-08-13 22:10:37,612 | INFO     | ticket.py | get_open_ticket_count | Line 321 | Get open ticket count
2026-08-13 22:10:37,635 | INFO     | customer.py | get_customer_count | Line 98 | get customer count
2026-08-13 22:10:39,381 | INFO     | admin.py | get_all_employees | Line 38 | Admin get all employees page arrived
2026-08-13 22:10:39,404 | INFO     | admin.py | get_all_teams | Line 105 | Admin get all teams page arrived
2026-08-13 22:10:39,415 | INFO     | ticket.py | get_open_ticket_count | Line 321 | Get open ticket count
2026-08-13 22:10:39,450 | INFO     | customer.py | get_customer_count | Line 98 | get customer count
2026-08-13 22:10:42,792 | INFO     | admin.py | get_all_employees | Line 38 | Admin get all employees page arrived
2026-08-13 22:10:42,806 | INFO     | admin.py | get_all_teams | Line 105 | Admin get all teams page arrived
2026-08-13 22:10:42,814 | INFO     | ticket.py | get_open_ticket_count | Line 321 | Get open ticket count
2026-08-13 22:10:42,839 | INFO     | customer.py | get_customer_count | Line 98 | get customer count
2026-08-13 22:10:45,437 | INFO     | admin.py | get_all_employees | Line 38 | Admin get all employees page arrived
2026-08-13 22:10:45,449 | INFO     | admin.py | get_all_teams | Line 105 | Admin get all teams page arrived
2026-08-13 22:10:45,457 | INFO     | ticket.py | get_open_ticket_count | Line 321 | Get open ticket count
2026-08-13 22:10:45,484 | INFO     | customer.py | get_customer_count | Line 98 | get customer count
2026-08-13 22:10:48,134 | INFO     | admin.py | get_all_employees | Line 38 | Admin get all employees page arrived
2026-08-13 22:10:48,145 | INFO     | admin.py | get_all_teams | Line 105 | Admin get all teams page arrived
2026-08-13 22:10:48,156 | INFO     | ticket.py | get_open_ticket_count | Line 321 | Get open ticket count
2026-08-13 22:10:48,178 | INFO     | customer.py | get_customer_count | Line 98 | get customer count
2026-08-13 22:11:13,503 | INFO     | admin.py | get_all_employees | Line 38 | Admin get all employees page arrived
2026-08-13 22:11:13,513 | INFO     | admin.py | get_all_teams | Line 105 | Admin get all teams page arrived
2026-08-13 22:11:13,518 | INFO     | ticket.py | get_open_ticket_count | Line 321 | Get open ticket count
2026-08-13 22:11:13,539 | INFO     | customer.py | get_customer_count | Line 98 | get customer count
2026-08-13 22:12:06,918 | INFO     | admin.py | get_all_employees | Line 38 | Admin get all employees page arrived
2026-08-13 22:12:06,988 | INFO     | admin.py | get_all_teams | Line 105 | Admin get all teams page arrived
2026-08-13 22:12:07,031 | INFO     | ticket.py | get_open_ticket_count | Line 321 | Get open ticket count
2026-08-13 22:12:07,245 | INFO     | customer.py | get_customer_count | Line 98 | get customer count
2026-08-13 22:12:09,169 | INFO     | admin.py | get_all_employees | Line 38 | Admin get all employees page arrived
2026-08-13 22:12:09,186 | INFO     | admin.py | get_all_teams | Line 105 | Admin get all teams page arrived
2026-08-13 22:12:09,195 | INFO     | ticket.py | get_open_ticket_count | Line 321 | Get open ticket count
2026-08-13 22:12:09,269 | INFO     | customer.py | get_customer_count | Line 98 | get customer count
2026-08-13 22:12:11,009 | INFO     | admin.py | get_all_employees | Line 38 | Admin get all employees page arrived
2026-08-13 22:12:11,020 | INFO     | admin.py | get_all_teams | Line 105 | Admin get all teams page arrived
2026-08-13 22:12:11,027 | INFO     | ticket.py | get_open_ticket_count | Line 321 | Get open ticket count
2026-08-13 22:12:11,051 | INFO     | customer.py | get_customer_count | Line 98 | get customer count
2026-08-13 22:12:13,117 | INFO     | admin.py | get_all_employees | Line 38 | Admin get all employees page arrived
2026-08-13 22:12:13,129 | INFO     | admin.py | get_all_teams | Line 105 | Admin get all teams page arrived
2026-08-13 22:12:13,135 | INFO     | ticket.py | get_open_ticket_count | Line 321 | Get open ticket count
2026-08-13 22:12:13,151 | INFO     | customer.py | get_customer_count | Line 98 | get customer count
2026-08-13 22:12:13,976 | INFO     | admin.py | get_all_employees | Line 38 | Admin get all employees page arrived
2026-08-13 22:12:13,990 | INFO     | admin.py | get_all_teams | Line 105 | Admin get all teams page arrived
2026-08-13 22:12:13,997 | INFO     | ticket.py | get_open_ticket_count | Line 321 | Get open ticket count
2026-08-13 22:12:14,017 | INFO     | customer.py | get_customer_count | Line 98 | get customer count
2026-08-13 22:14:35,940 | INFO     | admin.py | get_all_employees | Line 38 | Admin get all employees page arrived
2026-08-13 22:14:35,952 | INFO     | admin.py | get_all_teams | Line 105 | Admin get all teams page arrived
2026-08-13 22:14:35,960 | INFO     | ticket.py | get_open_ticket_count | Line 321 | Get open ticket count
2026-08-13 22:14:35,980 | INFO     | customer.py | get_customer_count | Line 98 | get customer count
2026-08-13 22:14:37,438 | INFO     | admin.py | get_all_employees | Line 38 | Admin get all employees page arrived
2026-08-13 22:14:37,449 | INFO     | admin.py | get_all_teams | Line 105 | Admin get all teams page arrived
2026-08-13 22:14:37,455 | INFO     | ticket.py | get_open_ticket_count | Line 321 | Get open ticket count
2026-08-13 22:14:37,470 | INFO     | customer.py | get_customer_count | Line 98 | get customer count
2026-08-13 22:16:24,305 | INFO     | admin.py | get_all_employees | Line 38 | Admin get all employees page arrived
2026-08-13 22:16:24,315 | INFO     | admin.py | get_all_teams | Line 105 | Admin get all teams page arrived
2026-08-13 22:16:24,323 | INFO     | ticket.py | get_open_ticket_count | Line 321 | Get open ticket count
2026-08-13 22:16:24,348 | INFO     | customer.py | get_customer_count | Line 98 | get customer count
2026-08-13 22:16:26,855 | INFO     | admin.py | get_all_employees | Line 38 | Admin get all employees page arrived
2026-08-13 22:16:26,865 | INFO     | admin.py | get_all_teams | Line 105 | Admin get all teams page arrived
2026-08-13 22:16:26,871 | INFO     | ticket.py | get_open_ticket_count | Line 321 | Get open ticket count
2026-08-13 22:16:26,891 | INFO     | customer.py | get_customer_count | Line 98 | get customer count
2026-08-13 22:16:29,208 | INFO     | admin.py | get_all_employees | Line 38 | Admin get all employees page arrived
2026-08-13 22:16:29,219 | INFO     | admin.py | get_all_teams | Line 105 | Admin get all teams page arrived
2026-08-13 22:16:29,226 | INFO     | ticket.py | get_open_ticket_count | Line 321 | Get open ticket count
2026-08-13 22:16:29,250 | INFO     | customer.py | get_customer_count | Line 98 | get customer count
2026-08-13 22:16:31,096 | INFO     | admin.py | get_all_employees | Line 38 | Admin get all employees page arrived
2026-08-13 22:16:31,116 | INFO     | admin.py | get_all_teams | Line 105 | Admin get all teams page arrived
2026-08-13 22:16:31,131 | INFO     | ticket.py | get_open_ticket_count | Line 321 | Get open ticket count
2026-08-13 22:16:31,163 | INFO     | customer.py | get_customer_count | Line 98 | get customer count
2026-08-13 22:16:33,160 | INFO     | admin.py | get_all_employees | Line 38 | Admin get all employees page arrived
2026-08-13 22:16:33,170 | INFO     | admin.py | get_all_teams | Line 105 | Admin get all teams page arrived
2026-08-13 22:16:33,176 | INFO     | ticket.py | get_open_ticket_count | Line 321 | Get open ticket count
2026-08-13 22:16:33,201 | INFO     | customer.py | get_customer_count | Line 98 | get customer count
2026-08-13 22:18:37,416 | INFO     | admin.py | get_all_employees | Line 38 | Admin get all employees page arrived
2026-08-13 22:18:37,429 | INFO     | admin.py | get_all_teams | Line 105 | Admin get all teams page arrived
2026-08-13 22:18:37,436 | INFO     | ticket.py | get_open_ticket_count | Line 321 | Get open ticket count
2026-08-13 22:18:37,457 | INFO     | customer.py | get_customer_count | Line 98 | get customer count
2026-08-13 22:20:47,675 | INFO     | main.py | <module> | Line 56 | Starting Smart Support Desk API...
2026-08-13 22:23:00,203 | INFO     | admin.py | get_all_employees | Line 38 | Admin get all employees page arrived
2026-08-13 22:23:00,216 | INFO     | admin.py | get_all_teams | Line 105 | Admin get all teams page arrived
2026-08-13 22:23:00,223 | INFO     | ticket.py | get_open_ticket_count | Line 321 | Get open ticket count
2026-08-13 22:23:00,245 | INFO     | customer.py | get_customer_count | Line 98 | get customer count
2026-08-18 08:25:59,145 | INFO     | auth.py | login | Line 53 | Login post page arrived
2026-08-18 08:26:00,817 | INFO     | admin.py | get_all_employees | Line 38 | Admin get all employees page arrived
2026-08-18 08:26:00,850 | INFO     | admin.py | get_all_teams | Line 105 | Admin get all teams page arrived
2026-08-18 08:26:00,893 | INFO     | ticket.py | get_open_ticket_count | Line 321 | Get open ticket count
2026-08-18 08:26:01,012 | INFO     | customer.py | get_customer_count | Line 98 | get customer count
2026-08-18 08:26:10,989 | INFO     | admin.py | get_all_employees | Line 38 | Admin get all employees page arrived
2026-08-18 08:26:11,001 | INFO     | admin.py | get_all_teams | Line 105 | Admin get all teams page arrived
2026-08-18 08:26:11,011 | INFO     | ticket.py | get_open_ticket_count | Line 321 | Get open ticket count
2026-08-18 08:26:11,035 | INFO     | customer.py | get_customer_count | Line 98 | get customer count
2026-08-18 08:28:07,734 | INFO     | admin.py | get_all_employees | Line 38 | Admin get all employees page arrived
2026-08-18 08:28:07,993 | INFO     | admin.py | get_all_teams | Line 105 | Admin get all teams page arrived
2026-08-18 08:28:08,151 | INFO     | ticket.py | get_open_ticket_count | Line 321 | Get open ticket count
2026-08-18 08:28:08,470 | INFO     | customer.py | get_customer_count | Line 98 | get customer count
2026-08-18 08:28:22,507 | INFO     | admin.py | get_all_employees | Line 38 | Admin get all employees page arrived
2026-08-18 08:28:22,590 | INFO     | admin.py | get_all_teams | Line 105 | Admin get all teams page arrived
2026-08-18 08:28:22,618 | INFO     | ticket.py | get_open_ticket_count | Line 321 | Get open ticket count
2026-08-18 08:28:22,979 | INFO     | customer.py | get_customer_count | Line 98 | get customer count
2026-08-18 08:28:54,587 | INFO     | admin.py | get_all_employees | Line 38 | Admin get all employees page arrived
2026-08-18 08:28:54,599 | INFO     | admin.py | get_all_teams | Line 105 | Admin get all teams page arrived
2026-08-18 08:28:54,608 | INFO     | ticket.py | get_open_ticket_count | Line 321 | Get open ticket count
2026-08-18 08:28:54,635 | INFO     | customer.py | get_customer_count | Line 98 | get customer count
2026-08-18 08:28:57,535 | INFO     | admin.py | get_all_employees | Line 38 | Admin get all employees page arrived
2026-08-18 08:28:57,548 | INFO     | admin.py | get_all_teams | Line 105 | Admin get all teams page arrived
2026-08-18 08:28:57,557 | INFO     | ticket.py | get_open_ticket_count | Line 321 | Get open ticket count
2026-08-18 08:28:57,583 | INFO     | customer.py | get_customer_count | Line 98 | get customer count
2026-08-18 08:28:57,662 | INFO     | support_agent.py | all_tickets | Line 295 | GET all support tickets page arrived
2026-08-18 08:29:03,098 | INFO     | admin.py | get_all_employees | Line 38 | Admin get all employees page arrived
2026-08-18 08:29:03,110 | INFO     | admin.py | get_all_teams | Line 105 | Admin get all teams page arrived
2026-08-18 08:29:03,125 | INFO     | ticket.py | get_open_ticket_count | Line 321 | Get open ticket count
2026-08-18 08:29:03,199 | INFO     | customer.py | get_customer_count | Line 98 | get customer count
2026-08-18 08:29:06,165 | INFO     | admin.py | get_all_employees | Line 38 | Admin get all employees page arrived
2026-08-18 08:29:06,175 | INFO     | admin.py | get_all_teams | Line 105 | Admin get all teams page arrived
2026-08-18 08:29:06,184 | INFO     | ticket.py | get_open_ticket_count | Line 321 | Get open ticket count
2026-08-18 08:29:06,217 | INFO     | customer.py | get_customer_count | Line 98 | get customer count
2026-08-18 08:29:10,501 | INFO     | admin.py | get_all_employees | Line 38 | Admin get all employees page arrived
2026-08-18 08:29:10,513 | INFO     | admin.py | get_all_teams | Line 105 | Admin get all teams page arrived
2026-08-18 08:29:10,521 | INFO     | ticket.py | get_open_ticket_count | Line 321 | Get open ticket count
2026-08-18 08:29:10,544 | INFO     | customer.py | get_customer_count | Line 98 | get customer count
2026-08-18 08:37:17,951 | INFO     | admin.py | get_all_employees | Line 38 | Admin get all employees page arrived
2026-08-18 08:37:17,991 | INFO     | admin.py | get_all_teams | Line 105 | Admin get all teams page arrived
2026-08-18 08:37:18,008 | INFO     | ticket.py | get_open_ticket_count | Line 321 | Get open ticket count
2026-08-18 08:37:18,072 | INFO     | customer.py | get_customer_count | Line 98 | get customer count
2026-08-18 08:37:19,115 | INFO     | admin.py | get_all_employees | Line 38 | Admin get all employees page arrived
2026-08-18 08:37:19,137 | INFO     | admin.py | get_all_teams | Line 105 | Admin get all teams page arrived
2026-08-18 08:37:19,149 | INFO     | ticket.py | get_open_ticket_count | Line 321 | Get open ticket count
2026-08-18 08:37:19,199 | INFO     | customer.py | get_customer_count | Line 98 | get customer count
2026-08-18 08:37:19,872 | INFO     | admin.py | get_all_employees | Line 38 | Admin get all employees page arrived
2026-08-18 08:37:19,886 | INFO     | admin.py | get_all_teams | Line 105 | Admin get all teams page arrived
2026-08-18 08:37:19,895 | INFO     | ticket.py | get_open_ticket_count | Line 321 | Get open ticket count
2026-08-18 08:37:19,917 | INFO     | customer.py | get_customer_count | Line 98 | get customer count
2026-08-18 08:37:33,828 | INFO     | auth.py | login | Line 53 | Login post page arrived
2026-08-18 08:37:33,991 | INFO     | ticket.py | get_assigned_tickets | Line 43 | Admin get assigned tickets page arrived
2026-08-18 08:37:34,023 | INFO     | support_agent.py | get_teams | Line 44 | All teams get pages arrived
2026-08-18 08:37:34,037 | INFO     | support_agent.py | my_support_tickets | Line 260 | GET all support tickets page arrived
2026-08-18 08:37:48,893 | INFO     | ticket.py | get_assigned_tickets | Line 43 | Admin get assigned tickets page arrived
2026-08-18 08:37:48,904 | INFO     | support_agent.py | get_teams | Line 44 | All teams get pages arrived
2026-08-18 08:37:48,914 | INFO     | support_agent.py | my_support_tickets | Line 260 | GET all support tickets page arrived
2026-08-18 08:37:57,195 | INFO     | auth.py | login | Line 53 | Login post page arrived
2026-08-18 08:37:57,317 | INFO     | customer.py | get_all_teams | Line 126 | customer get all teams page arrived
2026-08-18 08:37:57,338 | INFO     | ticket.py | get_customer_tickets | Line 111 | Admin get customer tickets page arrived
2026-08-18 08:38:03,429 | INFO     | customer.py | get_all_teams | Line 126 | customer get all teams page arrived
2026-08-18 08:38:03,443 | INFO     | ticket.py | get_customer_tickets | Line 111 | Admin get customer tickets page arrived
2026-08-18 08:38:11,019 | INFO     | auth.py | login | Line 53 | Login post page arrived
2026-08-18 08:38:12,148 | INFO     | auth.py | login | Line 53 | Login post page arrived
2026-08-18 08:38:14,054 | INFO     | auth.py | login | Line 53 | Login post page arrived
2026-08-18 08:38:14,796 | INFO     | auth.py | login | Line 53 | Login post page arrived
2026-08-18 08:38:39,487 | INFO     | auth.py | login | Line 53 | Login post page arrived
2026-08-18 08:38:39,644 | INFO     | ticket.py | get_team_open_tickets | Line 77 | Admin get team open tickets page arrived
2026-08-18 08:38:39,673 | INFO     | ticket.py | get_assigned_tickets | Line 43 | Admin get assigned tickets page arrived
2026-08-18 08:38:39,698 | INFO     | support_agent.py | get_teams | Line 44 | All teams get pages arrived
2026-08-18 08:38:39,709 | INFO     | support_agent.py | my_support_tickets | Line 260 | GET all support tickets page arrived
2026-08-18 08:38:44,271 | INFO     | ticket.py | get_team_open_tickets | Line 77 | Admin get team open tickets page arrived
2026-08-18 08:38:44,285 | INFO     | ticket.py | accept_ticket | Line 229 | Support agent accept ticket page arrived
2026-08-18 08:38:44,553 | INFO     | ticket.py | get_team_open_tickets | Line 77 | Admin get team open tickets page arrived
2026-08-18 08:38:44,561 | INFO     | ticket.py | get_assigned_tickets | Line 43 | Admin get assigned tickets page arrived
2026-08-18 08:38:44,587 | INFO     | support_agent.py | get_teams | Line 44 | All teams get pages arrived
2026-08-18 08:38:44,598 | INFO     | support_agent.py | my_support_tickets | Line 260 | GET all support tickets page arrived
2026-08-18 08:38:47,591 | INFO     | ticket.py | get_team_open_tickets | Line 77 | Admin get team open tickets page arrived
2026-08-18 08:38:47,600 | INFO     | ticket.py | get_assigned_tickets | Line 43 | Admin get assigned tickets page arrived
2026-08-18 08:38:47,631 | INFO     | support_agent.py | get_teams | Line 44 | All teams get pages arrived
2026-08-18 08:38:47,642 | INFO     | support_agent.py | my_support_tickets | Line 260 | GET all support tickets page arrived
2026-08-18 08:38:55,859 | INFO     | auth.py | login | Line 53 | Login post page arrived
2026-08-18 08:38:55,994 | INFO     | ticket.py | get_assigned_tickets | Line 43 | Admin get assigned tickets page arrived
2026-08-18 08:38:56,008 | INFO     | support_agent.py | get_teams | Line 44 | All teams get pages arrived
2026-08-18 08:38:56,022 | INFO     | support_agent.py | my_support_tickets | Line 260 | GET all support tickets page arrived
2026-08-18 08:39:08,704 | INFO     | ticket.py | get_assigned_tickets | Line 43 | Admin get assigned tickets page arrived
2026-08-18 08:39:08,715 | INFO     | support_agent.py | get_teams | Line 44 | All teams get pages arrived
2026-08-18 08:39:08,727 | INFO     | support_agent.py | my_support_tickets | Line 260 | GET all support tickets page arrived
2026-08-18 08:39:17,634 | INFO     | auth.py | login | Line 53 | Login post page arrived
2026-08-18 08:39:17,770 | INFO     | ticket.py | get_team_open_tickets | Line 77 | Admin get team open tickets page arrived
2026-08-18 08:39:17,786 | INFO     | ticket.py | get_assigned_tickets | Line 43 | Admin get assigned tickets page arrived
2026-08-18 08:39:17,800 | INFO     | support_agent.py | get_teams | Line 44 | All teams get pages arrived
2026-08-18 08:39:17,811 | INFO     | support_agent.py | my_support_tickets | Line 260 | GET all support tickets page arrived
2026-08-18 08:39:22,790 | INFO     | ticket.py | get_team_open_tickets | Line 77 | Admin get team open tickets page arrived
2026-08-18 08:39:22,799 | INFO     | ticket.py | get_assigned_tickets | Line 43 | Admin get assigned tickets page arrived
2026-08-18 08:39:22,810 | INFO     | support_agent.py | get_teams | Line 44 | All teams get pages arrived
2026-08-18 08:39:22,826 | INFO     | support_agent.py | my_support_tickets | Line 260 | GET all support tickets page arrived
2026-08-18 08:39:29,788 | INFO     | auth.py | login | Line 53 | Login post page arrived
2026-08-18 08:39:29,924 | INFO     | ticket.py | get_team_open_tickets | Line 77 | Admin get team open tickets page arrived
2026-08-18 08:39:29,936 | INFO     | ticket.py | get_assigned_tickets | Line 43 | Admin get assigned tickets page arrived
2026-08-18 08:39:29,967 | INFO     | support_agent.py | get_teams | Line 44 | All teams get pages arrived
2026-08-18 08:39:29,976 | INFO     | support_agent.py | my_support_tickets | Line 260 | GET all support tickets page arrived
2026-08-18 08:39:37,515 | INFO     | ticket.py | get_team_open_tickets | Line 77 | Admin get team open tickets page arrived
2026-08-18 08:39:37,522 | INFO     | ticket.py | get_assigned_tickets | Line 43 | Admin get assigned tickets page arrived
2026-08-18 08:39:37,537 | INFO     | support_agent.py | get_teams | Line 44 | All teams get pages arrived
2026-08-18 08:39:37,550 | INFO     | support_agent.py | my_support_tickets | Line 260 | GET all support tickets page arrived
2026-08-18 08:39:46,694 | INFO     | auth.py | login | Line 53 | Login post page arrived
2026-08-18 08:39:46,804 | INFO     | ticket.py | get_team_open_tickets | Line 77 | Admin get team open tickets page arrived
2026-08-18 08:39:46,815 | INFO     | ticket.py | get_assigned_tickets | Line 43 | Admin get assigned tickets page arrived
2026-08-18 08:39:46,828 | INFO     | support_agent.py | get_teams | Line 44 | All teams get pages arrived
2026-08-18 08:39:46,843 | INFO     | support_agent.py | my_support_tickets | Line 260 | GET all support tickets page arrived
2026-08-18 08:39:51,505 | INFO     | ticket.py | get_team_open_tickets | Line 77 | Admin get team open tickets page arrived
2026-08-18 08:39:51,512 | INFO     | ticket.py | get_assigned_tickets | Line 43 | Admin get assigned tickets page arrived
2026-08-18 08:39:51,523 | INFO     | support_agent.py | get_teams | Line 44 | All teams get pages arrived
2026-08-18 08:39:51,536 | INFO     | support_agent.py | my_support_tickets | Line 260 | GET all support tickets page arrived
2026-08-18 08:39:58,756 | INFO     | auth.py | login | Line 53 | Login post page arrived
2026-08-18 08:39:58,873 | INFO     | ticket.py | get_team_open_tickets | Line 77 | Admin get team open tickets page arrived
2026-08-18 08:39:58,888 | INFO     | ticket.py | get_assigned_tickets | Line 43 | Admin get assigned tickets page arrived
2026-08-18 08:39:58,905 | INFO     | support_agent.py | get_teams | Line 44 | All teams get pages arrived
2026-08-18 08:39:58,915 | INFO     | support_agent.py | my_support_tickets | Line 260 | GET all support tickets page arrived
2026-08-18 08:40:02,663 | INFO     | ticket.py | get_team_open_tickets | Line 77 | Admin get team open tickets page arrived
2026-08-18 08:40:02,670 | INFO     | ticket.py | get_assigned_tickets | Line 43 | Admin get assigned tickets page arrived
2026-08-18 08:40:02,686 | INFO     | support_agent.py | get_teams | Line 44 | All teams get pages arrived
2026-08-18 08:40:02,707 | INFO     | support_agent.py | my_support_tickets | Line 260 | GET all support tickets page arrived
2026-08-18 08:40:10,738 | INFO     | auth.py | login | Line 53 | Login post page arrived
2026-08-18 08:40:10,855 | INFO     | ticket.py | get_assigned_tickets | Line 43 | Admin get assigned tickets page arrived
2026-08-18 08:40:10,868 | INFO     | support_agent.py | get_teams | Line 44 | All teams get pages arrived
2026-08-18 08:40:10,880 | INFO     | support_agent.py | my_support_tickets | Line 260 | GET all support tickets page arrived
2026-08-18 08:40:56,863 | INFO     | ticket.py | get_assigned_tickets | Line 43 | Admin get assigned tickets page arrived
2026-08-18 08:40:56,878 | INFO     | support_agent.py | get_teams | Line 44 | All teams get pages arrived
2026-08-18 08:40:56,893 | INFO     | support_agent.py | my_support_tickets | Line 260 | GET all support tickets page arrived
2026-08-18 08:41:10,796 | INFO     | auth.py | login | Line 53 | Login post page arrived
2026-08-18 08:41:10,951 | INFO     | admin.py | get_all_employees | Line 38 | Admin get all employees page arrived
2026-08-18 08:41:11,021 | INFO     | admin.py | get_all_teams | Line 105 | Admin get all teams page arrived
2026-08-18 08:41:11,048 | INFO     | ticket.py | get_open_ticket_count | Line 321 | Get open ticket count
2026-08-18 08:41:11,121 | INFO     | customer.py | get_customer_count | Line 98 | get customer count
2026-08-18 08:41:16,073 | INFO     | admin.py | get_all_employees | Line 38 | Admin get all employees page arrived
2026-08-18 08:41:16,086 | INFO     | admin.py | get_all_teams | Line 105 | Admin get all teams page arrived
2026-08-18 08:41:16,097 | INFO     | ticket.py | get_open_ticket_count | Line 321 | Get open ticket count
2026-08-18 08:41:16,119 | INFO     | customer.py | get_customer_count | Line 98 | get customer count
2026-08-18 08:41:25,676 | INFO     | admin.py | get_all_employees | Line 38 | Admin get all employees page arrived
2026-08-18 08:41:25,691 | INFO     | admin.py | get_all_teams | Line 105 | Admin get all teams page arrived
2026-08-18 08:41:25,701 | INFO     | ticket.py | get_open_ticket_count | Line 321 | Get open ticket count
2026-08-18 08:41:25,727 | INFO     | customer.py | get_customer_count | Line 98 | get customer count
2026-08-18 08:41:28,955 | INFO     | admin.py | get_all_employees | Line 38 | Admin get all employees page arrived
2026-08-18 08:41:28,970 | INFO     | admin.py | get_all_teams | Line 105 | Admin get all teams page arrived
2026-08-18 08:41:28,978 | INFO     | ticket.py | get_open_ticket_count | Line 321 | Get open ticket count
2026-08-18 08:41:29,002 | INFO     | customer.py | get_customer_count | Line 98 | get customer count
2026-08-18 08:41:30,600 | INFO     | admin.py | get_all_employees | Line 38 | Admin get all employees page arrived
2026-08-18 08:41:30,614 | INFO     | admin.py | get_all_teams | Line 105 | Admin get all teams page arrived
2026-08-18 08:41:30,623 | INFO     | ticket.py | get_open_ticket_count | Line 321 | Get open ticket count
2026-08-18 08:41:30,652 | INFO     | customer.py | get_customer_count | Line 98 | get customer count
2026-08-18 08:41:30,805 | INFO     | admin.py | assign_team | Line 257 | Assign team requested for employee ID: 19
2026-08-18 08:41:30,854 | INFO     | admin.py | assign_team | Line 314 | Employee 19 assigned to team 7
2026-08-18 08:41:30,956 | INFO     | admin.py | get_all_employees | Line 38 | Admin get all employees page arrived
2026-08-18 08:41:30,971 | INFO     | admin.py | get_all_teams | Line 105 | Admin get all teams page arrived
2026-08-18 08:41:30,979 | INFO     | ticket.py | get_open_ticket_count | Line 321 | Get open ticket count
2026-08-18 08:41:31,003 | INFO     | customer.py | get_customer_count | Line 98 | get customer count
2026-08-18 08:41:37,235 | INFO     | admin.py | get_all_employees | Line 38 | Admin get all employees page arrived
2026-08-18 08:41:37,248 | INFO     | admin.py | get_all_teams | Line 105 | Admin get all teams page arrived
2026-08-18 08:41:37,258 | INFO     | ticket.py | get_open_ticket_count | Line 321 | Get open ticket count
2026-08-18 08:41:37,286 | INFO     | customer.py | get_customer_count | Line 98 | get customer count
2026-08-18 08:41:45,230 | INFO     | auth.py | login | Line 53 | Login post page arrived
2026-08-18 08:41:45,386 | INFO     | ticket.py | get_team_open_tickets | Line 77 | Admin get team open tickets page arrived
2026-08-18 08:41:45,397 | INFO     | ticket.py | get_assigned_tickets | Line 43 | Admin get assigned tickets page arrived
2026-08-18 08:41:45,412 | INFO     | support_agent.py | get_teams | Line 44 | All teams get pages arrived
2026-08-18 08:41:45,428 | INFO     | support_agent.py | my_support_tickets | Line 260 | GET all support tickets page arrived
2026-08-18 08:42:02,671 | INFO     | ticket.py | get_team_open_tickets | Line 77 | Admin get team open tickets page arrived
2026-08-18 08:42:02,680 | INFO     | ticket.py | get_assigned_tickets | Line 43 | Admin get assigned tickets page arrived
2026-08-18 08:42:02,692 | INFO     | support_agent.py | get_teams | Line 44 | All teams get pages arrived
2026-08-18 08:42:02,705 | INFO     | support_agent.py | my_support_tickets | Line 260 | GET all support tickets page arrived
2026-08-24 12:07:57,776 | INFO     | auth.py | login | Line 53 | Login post page arrived
2026-08-24 12:08:01,991 | INFO     | admin.py | get_all_employees | Line 38 | Admin get all employees page arrived
2026-08-24 12:08:02,030 | INFO     | admin.py | get_all_teams | Line 105 | Admin get all teams page arrived
2026-08-24 12:08:02,080 | INFO     | ticket.py | get_open_ticket_count | Line 321 | Get open ticket count
2026-08-24 12:08:02,177 | INFO     | customer.py | get_customer_count | Line 98 | get customer count
2026-08-24 12:08:17,070 | INFO     | admin.py | get_all_employees | Line 38 | Admin get all employees page arrived
2026-08-24 12:08:17,081 | INFO     | admin.py | get_all_teams | Line 105 | Admin get all teams page arrived
2026-08-24 12:08:17,087 | INFO     | ticket.py | get_open_ticket_count | Line 321 | Get open ticket count
2026-08-24 12:08:17,110 | INFO     | customer.py | get_customer_count | Line 98 | get customer count
2026-08-24 12:08:24,660 | INFO     | admin.py | get_all_employees | Line 38 | Admin get all employees page arrived
2026-08-24 12:08:24,674 | INFO     | admin.py | get_all_teams | Line 105 | Admin get all teams page arrived
2026-08-24 12:08:24,682 | INFO     | ticket.py | get_open_ticket_count | Line 321 | Get open ticket count
2026-08-24 12:08:24,710 | INFO     | customer.py | get_customer_count | Line 98 | get customer count
2026-08-24 12:08:24,792 | INFO     | admin.py | change_employee_status | Line 443 | Admin change employee status requested for ID: 9
2026-08-24 12:08:24,841 | INFO     | admin.py | change_employee_status | Line 458 | Employee 9 status changed to False
2026-08-24 12:08:24,967 | INFO     | admin.py | get_all_employees | Line 38 | Admin get all employees page arrived
2026-08-24 12:08:24,979 | INFO     | admin.py | get_all_teams | Line 105 | Admin get all teams page arrived
2026-08-24 12:08:24,989 | INFO     | ticket.py | get_open_ticket_count | Line 321 | Get open ticket count
2026-08-24 12:08:25,029 | INFO     | customer.py | get_customer_count | Line 98 | get customer count
2026-08-24 12:08:26,091 | INFO     | admin.py | get_all_employees | Line 38 | Admin get all employees page arrived
2026-08-24 12:08:26,101 | INFO     | admin.py | get_all_teams | Line 105 | Admin get all teams page arrived
2026-08-24 12:08:26,107 | INFO     | ticket.py | get_open_ticket_count | Line 321 | Get open ticket count
2026-08-24 12:08:26,133 | INFO     | customer.py | get_customer_count | Line 98 | get customer count
2026-08-24 12:08:26,201 | INFO     | admin.py | change_employee_status | Line 443 | Admin change employee status requested for ID: 9
2026-08-24 12:08:26,215 | INFO     | admin.py | change_employee_status | Line 458 | Employee 9 status changed to True
2026-08-24 12:08:26,312 | INFO     | admin.py | get_all_employees | Line 38 | Admin get all employees page arrived
2026-08-24 12:08:26,323 | INFO     | admin.py | get_all_teams | Line 105 | Admin get all teams page arrived
2026-08-24 12:08:26,333 | INFO     | ticket.py | get_open_ticket_count | Line 321 | Get open ticket count
2026-08-24 12:08:26,355 | INFO     | customer.py | get_customer_count | Line 98 | get customer count
2026-08-24 12:08:28,290 | INFO     | admin.py | get_all_employees | Line 38 | Admin get all employees page arrived
2026-08-24 12:08:28,302 | INFO     | admin.py | get_all_teams | Line 105 | Admin get all teams page arrived
2026-08-24 12:08:28,308 | INFO     | ticket.py | get_open_ticket_count | Line 321 | Get open ticket count
2026-08-24 12:08:28,327 | INFO     | customer.py | get_customer_count | Line 98 | get customer count
2026-08-24 12:08:30,308 | INFO     | admin.py | get_all_employees | Line 38 | Admin get all employees page arrived
2026-08-24 12:08:30,321 | INFO     | admin.py | get_all_teams | Line 105 | Admin get all teams page arrived
2026-08-24 12:08:30,329 | INFO     | ticket.py | get_open_ticket_count | Line 321 | Get open ticket count
2026-08-24 12:08:30,372 | INFO     | customer.py | get_customer_count | Line 98 | get customer count
2026-08-24 12:08:30,446 | INFO     | support_agent.py | all_tickets | Line 295 | GET all support tickets page arrived
2026-08-24 12:08:37,561 | INFO     | admin.py | get_all_employees | Line 38 | Admin get all employees page arrived
2026-08-24 12:08:37,571 | INFO     | admin.py | get_all_teams | Line 105 | Admin get all teams page arrived
2026-08-24 12:08:37,579 | INFO     | ticket.py | get_open_ticket_count | Line 321 | Get open ticket count
2026-08-24 12:08:37,603 | INFO     | customer.py | get_customer_count | Line 98 | get customer count
2026-08-24 12:08:37,649 | INFO     | support_agent.py | all_tickets | Line 295 | GET all support tickets page arrived
2026-08-24 12:08:37,780 | INFO     | admin.py | get_all_employees | Line 38 | Admin get all employees page arrived
2026-08-24 12:08:37,796 | INFO     | admin.py | get_all_teams | Line 105 | Admin get all teams page arrived
2026-08-24 12:08:37,804 | INFO     | ticket.py | get_open_ticket_count | Line 321 | Get open ticket count
2026-08-24 12:08:37,831 | INFO     | customer.py | get_customer_count | Line 98 | get customer count
2026-08-24 12:08:37,879 | INFO     | support_agent.py | all_tickets | Line 295 | GET all support tickets page arrived
2026-08-24 12:08:43,762 | INFO     | admin.py | get_all_employees | Line 38 | Admin get all employees page arrived
2026-08-24 12:08:43,777 | INFO     | admin.py | get_all_teams | Line 105 | Admin get all teams page arrived
2026-08-24 12:08:43,784 | INFO     | ticket.py | get_open_ticket_count | Line 321 | Get open ticket count
2026-08-24 12:08:43,807 | INFO     | customer.py | get_customer_count | Line 98 | get customer count
2026-08-24 12:08:46,822 | INFO     | admin.py | get_all_employees | Line 38 | Admin get all employees page arrived
2026-08-24 12:08:46,837 | INFO     | admin.py | get_all_teams | Line 105 | Admin get all teams page arrived
2026-08-24 12:08:46,843 | INFO     | ticket.py | get_open_ticket_count | Line 321 | Get open ticket count
2026-08-24 12:08:46,869 | INFO     | customer.py | get_customer_count | Line 98 | get customer count
2026-08-24 12:08:52,627 | INFO     | admin.py | get_all_employees | Line 38 | Admin get all employees page arrived
2026-08-24 12:08:52,641 | INFO     | admin.py | get_all_teams | Line 105 | Admin get all teams page arrived
2026-08-24 12:08:52,649 | INFO     | ticket.py | get_open_ticket_count | Line 321 | Get open ticket count
2026-08-24 12:08:52,678 | INFO     | customer.py | get_customer_count | Line 98 | get customer count
2026-08-25 21:29:26,434 | INFO     | auth.py | login | Line 53 | Login post page arrived
2026-08-25 21:29:30,726 | INFO     | admin.py | get_all_employees | Line 38 | Admin get all employees page arrived
2026-08-25 21:29:30,760 | INFO     | admin.py | get_all_teams | Line 105 | Admin get all teams page arrived
2026-08-25 21:29:30,811 | INFO     | ticket.py | get_open_ticket_count | Line 321 | Get open ticket count
2026-08-25 21:29:30,995 | INFO     | customer.py | get_customer_count | Line 98 | get customer count
2026-08-25 21:29:36,195 | INFO     | admin.py | get_all_employees | Line 38 | Admin get all employees page arrived
2026-08-25 21:29:36,209 | INFO     | admin.py | get_all_teams | Line 105 | Admin get all teams page arrived
2026-08-25 21:29:36,217 | INFO     | ticket.py | get_open_ticket_count | Line 321 | Get open ticket count
2026-08-25 21:29:36,245 | INFO     | customer.py | get_customer_count | Line 98 | get customer count
2026-08-25 21:29:39,955 | INFO     | admin.py | get_all_employees | Line 38 | Admin get all employees page arrived
2026-08-25 21:29:39,965 | INFO     | admin.py | get_all_teams | Line 105 | Admin get all teams page arrived
2026-08-25 21:29:39,973 | INFO     | ticket.py | get_open_ticket_count | Line 321 | Get open ticket count
2026-08-25 21:29:39,993 | INFO     | customer.py | get_customer_count | Line 98 | get customer count
2026-08-25 21:29:40,071 | INFO     | admin.py | change_employee_status | Line 443 | Admin change employee status requested for ID: 10
2026-08-25 21:29:40,105 | INFO     | admin.py | change_employee_status | Line 458 | Employee 10 status changed to False
2026-08-25 21:29:40,203 | INFO     | admin.py | get_all_employees | Line 38 | Admin get all employees page arrived
2026-08-25 21:29:40,214 | INFO     | admin.py | get_all_teams | Line 105 | Admin get all teams page arrived
2026-08-25 21:29:40,221 | INFO     | ticket.py | get_open_ticket_count | Line 321 | Get open ticket count
2026-08-25 21:29:40,245 | INFO     | customer.py | get_customer_count | Line 98 | get customer count
2026-08-25 21:29:41,405 | INFO     | admin.py | get_all_employees | Line 38 | Admin get all employees page arrived
2026-08-25 21:29:41,415 | INFO     | admin.py | get_all_teams | Line 105 | Admin get all teams page arrived
2026-08-25 21:29:41,421 | INFO     | ticket.py | get_open_ticket_count | Line 321 | Get open ticket count
2026-08-25 21:29:41,450 | INFO     | customer.py | get_customer_count | Line 98 | get customer count
2026-08-25 21:29:41,519 | INFO     | admin.py | change_employee_status | Line 443 | Admin change employee status requested for ID: 10
2026-08-25 21:29:41,531 | INFO     | admin.py | change_employee_status | Line 458 | Employee 10 status changed to True
2026-08-25 21:29:41,635 | INFO     | admin.py | get_all_employees | Line 38 | Admin get all employees page arrived
2026-08-25 21:29:41,651 | INFO     | admin.py | get_all_teams | Line 105 | Admin get all teams page arrived
2026-08-25 21:29:41,658 | INFO     | ticket.py | get_open_ticket_count | Line 321 | Get open ticket count
2026-08-25 21:29:41,680 | INFO     | customer.py | get_customer_count | Line 98 | get customer count
2026-08-25 21:29:45,889 | INFO     | admin.py | get_all_employees | Line 38 | Admin get all employees page arrived
2026-08-25 21:29:45,899 | INFO     | admin.py | get_all_teams | Line 105 | Admin get all teams page arrived
2026-08-25 21:29:45,907 | INFO     | ticket.py | get_open_ticket_count | Line 321 | Get open ticket count
2026-08-25 21:29:45,928 | INFO     | customer.py | get_customer_count | Line 98 | get customer count
2026-08-25 21:29:47,486 | INFO     | admin.py | get_all_employees | Line 38 | Admin get all employees page arrived
2026-08-25 21:29:47,498 | INFO     | admin.py | get_all_teams | Line 105 | Admin get all teams page arrived
2026-08-25 21:29:47,505 | INFO     | ticket.py | get_open_ticket_count | Line 321 | Get open ticket count
2026-08-25 21:29:47,545 | INFO     | customer.py | get_customer_count | Line 98 | get customer count
2026-08-25 21:29:47,615 | INFO     | support_agent.py | all_tickets | Line 295 | GET all support tickets page arrived
2026-08-25 21:29:53,869 | INFO     | admin.py | get_all_employees | Line 38 | Admin get all employees page arrived
2026-08-25 21:29:53,881 | INFO     | admin.py | get_all_teams | Line 105 | Admin get all teams page arrived
2026-08-25 21:29:53,890 | INFO     | ticket.py | get_open_ticket_count | Line 321 | Get open ticket count
2026-08-25 21:29:53,916 | INFO     | customer.py | get_customer_count | Line 98 | get customer count
2026-08-25 21:29:55,728 | INFO     | admin.py | get_all_employees | Line 38 | Admin get all employees page arrived
2026-08-25 21:29:55,738 | INFO     | admin.py | get_all_teams | Line 105 | Admin get all teams page arrived
2026-08-25 21:29:55,745 | INFO     | ticket.py | get_open_ticket_count | Line 321 | Get open ticket count
2026-08-25 21:29:55,770 | INFO     | customer.py | get_customer_count | Line 98 | get customer count
2026-08-25 21:30:27,395 | INFO     | admin.py | get_all_employees | Line 38 | Admin get all employees page arrived
2026-08-25 21:30:27,414 | INFO     | admin.py | get_all_teams | Line 105 | Admin get all teams page arrived
2026-08-25 21:30:27,422 | INFO     | ticket.py | get_open_ticket_count | Line 321 | Get open ticket count
2026-08-25 21:30:27,450 | INFO     | customer.py | get_customer_count | Line 98 | get customer count
2026-08-25 21:30:27,503 | INFO     | admin.py | create_employee | Line 139 | Admin create employee page arrived
2026-08-25 21:30:27,667 | INFO     | admin.py | get_all_employees | Line 38 | Admin get all employees page arrived
2026-08-25 21:30:27,679 | INFO     | admin.py | get_all_teams | Line 105 | Admin get all teams page arrived
2026-08-25 21:30:27,685 | INFO     | ticket.py | get_open_ticket_count | Line 321 | Get open ticket count
2026-08-25 21:30:27,707 | INFO     | customer.py | get_customer_count | Line 98 | get customer count
2026-08-25 21:30:30,339 | INFO     | admin.py | get_all_employees | Line 38 | Admin get all employees page arrived
2026-08-25 21:30:30,350 | INFO     | admin.py | get_all_teams | Line 105 | Admin get all teams page arrived
2026-08-25 21:30:30,360 | INFO     | ticket.py | get_open_ticket_count | Line 321 | Get open ticket count
2026-08-25 21:30:30,383 | INFO     | customer.py | get_customer_count | Line 98 | get customer count
2026-08-25 21:30:37,431 | INFO     | admin.py | get_all_employees | Line 38 | Admin get all employees page arrived
2026-08-25 21:30:37,440 | INFO     | admin.py | get_all_teams | Line 105 | Admin get all teams page arrived
2026-08-25 21:30:37,447 | INFO     | ticket.py | get_open_ticket_count | Line 321 | Get open ticket count
2026-08-25 21:30:37,466 | INFO     | customer.py | get_customer_count | Line 98 | get customer count
2026-08-25 21:30:38,362 | INFO     | admin.py | get_all_employees | Line 38 | Admin get all employees page arrived
2026-08-25 21:30:38,388 | INFO     | admin.py | get_all_teams | Line 105 | Admin get all teams page arrived
2026-08-25 21:30:38,402 | INFO     | ticket.py | get_open_ticket_count | Line 321 | Get open ticket count
2026-08-25 21:30:38,434 | INFO     | customer.py | get_customer_count | Line 98 | get customer count
2026-08-25 21:30:38,579 | INFO     | admin.py | assign_team | Line 257 | Assign team requested for employee ID: 25
2026-08-25 21:30:38,597 | INFO     | admin.py | assign_team | Line 314 | Employee 25 assigned to team 1
2026-08-25 21:30:38,690 | INFO     | admin.py | get_all_employees | Line 38 | Admin get all employees page arrived
2026-08-25 21:30:38,702 | INFO     | admin.py | get_all_teams | Line 105 | Admin get all teams page arrived
2026-08-25 21:30:38,709 | INFO     | ticket.py | get_open_ticket_count | Line 321 | Get open ticket count
2026-08-25 21:30:38,732 | INFO     | customer.py | get_customer_count | Line 98 | get customer count
2026-08-25 21:30:41,154 | INFO     | admin.py | get_all_employees | Line 38 | Admin get all employees page arrived
2026-08-25 21:30:41,165 | INFO     | admin.py | get_all_teams | Line 105 | Admin get all teams page arrived
2026-08-25 21:30:41,174 | INFO     | ticket.py | get_open_ticket_count | Line 321 | Get open ticket count
2026-08-25 21:30:41,197 | INFO     | customer.py | get_customer_count | Line 98 | get customer count
2026-08-25 21:30:42,387 | INFO     | admin.py | get_all_employees | Line 38 | Admin get all employees page arrived
2026-08-25 21:30:42,400 | INFO     | admin.py | get_all_teams | Line 105 | Admin get all teams page arrived
2026-08-25 21:30:42,412 | INFO     | ticket.py | get_open_ticket_count | Line 321 | Get open ticket count
2026-08-25 21:30:42,435 | INFO     | customer.py | get_customer_count | Line 98 | get customer count
2026-08-25 21:30:45,937 | INFO     | admin.py | get_all_employees | Line 38 | Admin get all employees page arrived
2026-08-25 21:30:45,947 | INFO     | admin.py | get_all_teams | Line 105 | Admin get all teams page arrived
2026-08-25 21:30:45,954 | INFO     | ticket.py | get_open_ticket_count | Line 321 | Get open ticket count
2026-08-25 21:30:45,979 | INFO     | customer.py | get_customer_count | Line 98 | get customer count
2026-08-25 21:30:47,677 | INFO     | admin.py | get_all_employees | Line 38 | Admin get all employees page arrived
2026-08-25 21:30:47,694 | INFO     | admin.py | get_all_teams | Line 105 | Admin get all teams page arrived
2026-08-25 21:30:47,703 | INFO     | ticket.py | get_open_ticket_count | Line 321 | Get open ticket count
2026-08-25 21:30:47,735 | INFO     | customer.py | get_customer_count | Line 98 | get customer count
2026-08-25 21:30:56,885 | INFO     | auth.py | login | Line 53 | Login post page arrived
2026-08-25 21:30:57,029 | INFO     | ticket.py | get_team_open_tickets | Line 77 | Admin get team open tickets page arrived
2026-08-25 21:30:57,047 | INFO     | ticket.py | get_assigned_tickets | Line 43 | Admin get assigned tickets page arrived
2026-08-25 21:30:57,066 | INFO     | support_agent.py | get_teams | Line 44 | All teams get pages arrived
2026-08-25 21:30:57,077 | INFO     | support_agent.py | my_support_tickets | Line 260 | GET all support tickets page arrived
2026-08-25 21:31:03,911 | INFO     | ticket.py | get_team_open_tickets | Line 77 | Admin get team open tickets page arrived
2026-08-25 21:31:03,932 | INFO     | ticket.py | accept_ticket | Line 229 | Support agent accept ticket page arrived
2026-08-25 21:31:04,029 | INFO     | ticket.py | get_team_open_tickets | Line 77 | Admin get team open tickets page arrived
2026-08-25 21:31:04,038 | INFO     | ticket.py | get_assigned_tickets | Line 43 | Admin get assigned tickets page arrived
2026-08-25 21:31:04,056 | INFO     | support_agent.py | get_teams | Line 44 | All teams get pages arrived
2026-08-25 21:31:04,069 | INFO     | support_agent.py | my_support_tickets | Line 260 | GET all support tickets page arrived
2026-08-25 21:31:06,767 | INFO     | ticket.py | get_team_open_tickets | Line 77 | Admin get team open tickets page arrived
2026-08-25 21:31:06,780 | INFO     | ticket.py | get_assigned_tickets | Line 43 | Admin get assigned tickets page arrived
2026-08-25 21:31:06,806 | INFO     | ticket.py | close_ticket | Line 277 | Support agent  close ticket page arrived
2026-08-25 21:31:06,896 | INFO     | ticket.py | get_team_open_tickets | Line 77 | Admin get team open tickets page arrived
2026-08-25 21:31:06,907 | INFO     | ticket.py | get_assigned_tickets | Line 43 | Admin get assigned tickets page arrived
2026-08-25 21:31:06,918 | INFO     | support_agent.py | get_teams | Line 44 | All teams get pages arrived
2026-08-25 21:31:06,928 | INFO     | support_agent.py | my_support_tickets | Line 260 | GET all support tickets page arrived
2026-08-25 21:31:24,970 | INFO     | ticket.py | get_team_open_tickets | Line 77 | Admin get team open tickets page arrived
2026-08-25 21:31:24,981 | INFO     | ticket.py | get_assigned_tickets | Line 43 | Admin get assigned tickets page arrived
2026-08-25 21:31:24,998 | INFO     | support_agent.py | get_teams | Line 44 | All teams get pages arrived
2026-08-25 21:31:25,122 | INFO     | ticket.py | get_team_open_tickets | Line 77 | Admin get team open tickets page arrived
2026-08-25 21:31:25,131 | INFO     | ticket.py | get_assigned_tickets | Line 43 | Admin get assigned tickets page arrived
2026-08-25 21:31:25,146 | INFO     | support_agent.py | get_teams | Line 44 | All teams get pages arrived
2026-08-25 21:31:25,160 | INFO     | support_agent.py | my_support_tickets | Line 260 | GET all support tickets page arrived
2026-08-25 21:31:31,310 | INFO     | ticket.py | get_team_open_tickets | Line 77 | Admin get team open tickets page arrived
2026-08-25 21:31:31,320 | INFO     | ticket.py | get_assigned_tickets | Line 43 | Admin get assigned tickets page arrived
2026-08-25 21:31:31,333 | INFO     | support_agent.py | get_teams | Line 44 | All teams get pages arrived
2026-08-25 21:31:31,485 | INFO     | ticket.py | get_team_open_tickets | Line 77 | Admin get team open tickets page arrived
2026-08-25 21:31:31,495 | INFO     | ticket.py | get_assigned_tickets | Line 43 | Admin get assigned tickets page arrived
2026-08-25 21:31:31,511 | INFO     | support_agent.py | get_teams | Line 44 | All teams get pages arrived
2026-08-25 21:31:31,521 | INFO     | support_agent.py | my_support_tickets | Line 260 | GET all support tickets page arrived
2026-08-25 21:31:34,980 | INFO     | ticket.py | get_team_open_tickets | Line 77 | Admin get team open tickets page arrived
2026-08-25 21:31:34,990 | INFO     | ticket.py | get_assigned_tickets | Line 43 | Admin get assigned tickets page arrived
2026-08-25 21:31:35,005 | INFO     | support_agent.py | get_teams | Line 44 | All teams get pages arrived
2026-08-25 21:31:35,024 | INFO     | support_agent.py | my_support_tickets | Line 260 | GET all support tickets page arrived
2026-08-25 21:31:49,690 | INFO     | auth.py | login | Line 53 | Login post page arrived
2026-08-25 21:31:49,841 | INFO     | customer.py | get_all_teams | Line 126 | customer get all teams page arrived
2026-08-25 21:31:49,864 | INFO     | ticket.py | get_customer_tickets | Line 111 | Admin get customer tickets page arrived
2026-08-25 21:32:22,518 | INFO     | customer.py | get_all_teams | Line 126 | customer get all teams page arrived
2026-08-25 21:32:22,651 | INFO     | customer.py | get_all_teams | Line 126 | customer get all teams page arrived
2026-08-25 21:32:22,667 | INFO     | ticket.py | get_customer_tickets | Line 111 | Admin get customer tickets page arrived
2026-08-25 21:32:25,554 | INFO     | customer.py | get_all_teams | Line 126 | customer get all teams page arrived
2026-08-25 21:32:25,570 | INFO     | ticket.py | get_customer_tickets | Line 111 | Admin get customer tickets page arrived
